PROD_DATE,WELL_NAME,ON_STREAM_HRS,BOTTOMHOLE_FLOWING_PRESSURE (PSI),DOWNHOLE_TEMPERATURE (deg F),ANNULUS_PRESS (PSI),CHOKE_SIZE (%),WELL_HEAD_PRESSURE (PSI),WELL_HEAD_TEMPERATURE (deg F),CUMULATIVE_OIL_PROD (STB),CUMULATIVE_FORMATION_GAS_PROD (MSCF),CUMULATIVE_TOTAL_GAS_PROD (MSCF),CUMULATIVE_WATER_PROD (BBL),RESERVOIR_CLASSIFICATION
2012-01-01,Well_#2,9.5,3719,203.818,0.0,42.68,1547.85,70.407,94,66,66,65,KEMA
2012-01-02,Well_#2,24.0,3640,207.344,0.0,44.57355,1451.32,114.117,885,533,533,365,KEMA
2012-01-03,Well_#2,24.0,3489,208.116,0.0,46.36498,1388.67,141.521,1802,1118,1118,710,KEMA
2012-01-04,Well_#2,24.0,3380,208.142,0.0,46.2788,1249.51,135.385,2590,1572,1572,1111,KEMA
2012-01-05,Well_#2,24.0,3303,208.188,0.0,46.43129,1168.99,133.258,3381,2026,2026,1517,KEMA
2012-01-06,Well_#2,24.0,3225,208.199,0.0,46.53332,1111.55,139.079,4164,2474,2474,1928,KEMA
2012-01-07,Well_#2,24.0,3174,208.092,0.0,45.95438,1050.55,127.404,4739,2804,2804,2390,KEMA
2012-01-08,Well_#2,24.0,3128,208.087,0.0,46.66811,982.137,129.574,5365,3161,3161,2903,KEMA
2012-01-09,Well_#2,17.67,3087,207.561,0.0,35.26429,876.559,118.863,5721,3364,3364,3186,KEMA
2012-01-10,Well_#2,20.67,3045,207.689,0.0,39.56518,944.614,129.359,6144,3605,3605,3497,KEMA
2012-01-11,Well_#2,24.0,3036,207.936,0.0,46.43246,878.532,129.275,6631,3881,3881,3864,KEMA
2012-01-12,Well_#2,24.0,2989,208.092,0.0,47.57173,913.3,128.119,7228,4222,4222,4283,KEMA
2012-01-13,Well_#2,24.0,2918,208.136,0.0,48.65104,859.43,133.376,7838,4571,4571,4709,KEMA
2012-01-14,Well_#2,24.0,2867,207.519,0.0,54.12785,593.851,110.656,8419,4906,4906,5147,KEMA
2012-01-15,Well_#2,24.0,2876,207.991,0.0,49.02336,652.386,128.746,8880,5169,5169,5477,KEMA
2012-01-16,Well_#2,24.0,2855,207.992,0.0,47.51592,749.812,126.46,9333,5422,5422,5784,KEMA
2012-01-17,Well_#2,24.0,2852,207.985,0.0,47.50523,736.869,126.803,9752,5664,5664,6077,KEMA
2012-01-18,Well_#2,24.0,2852,207.985,0.0,47.50523,719.092,126.803,10194,5918,5918,6369,KEMA
2012-01-19,Well_#2,24.0,2852,207.985,0.0,47.50523,717.902,126.803,10642,6175,6175,6665,KEMA
2012-01-20,Well_#2,18.67,2792,206.979,0.0,28.51822,717.882,126.038,10868,6305,6305,6845,KEMA
2012-01-21,Well_#2,1.0,2826,205.118,0.0,18.20237,265.386,64.729,10876,6309,6309,6851,KEMA
2012-01-22,Well_#2,0.0,2925,200.202,0.0,0.0,457.699,44.788,10876,6309,6309,6851,KEMA
2012-01-23,Well_#2,0.0,2985,198.778,0.0,0.0,653.414,44.398,10876,6309,6309,6851,KEMA
2012-01-24,Well_#2,0.0,3028,197.653,0.0,0.0,958.931,47.131,10876,6309,6309,6851,KEMA
2012-01-25,Well_#2,0.0,3111,197.289,0.0,0.0,1205.88,47.33,10876,6309,6309,6851,KEMA
2012-01-26,Well_#2,0.0,3260,197.681,0.0,0.0,1322.42,49.814,10876,6309,6309,6851,KEMA
2012-01-27,Well_#2,0.0,3312,197.516,0.0,0.0,1396.03,49.49,10876,6309,6309,6851,KEMA
2012-01-28,Well_#2,0.0,3348,197.321,0.0,0.0,1421.98,45.863,10876,6309,6309,6851,KEMA
2012-01-29,Well_#2,13.69,3221,201.227,0.0,30.15217,464.912,54.074,10876,6309,6309,6851,KEMA
2012-01-30,Well_#2,14.73,3242,198.054,0.0,32.56491,420.636,42.821,10876,6309,6309,6851,KEMA
2012-01-31,Well_#2,0.0,3279,196.084,0.0,0.0,799.933,48.891,10876,6309,6309,6851,KEMA
2012-02-01,Well_#2,0.0,3306,195.809,0.0,0.0,1033.7,46.204,10876,6309,6309,6851,KEMA
2012-02-02,Well_#2,0.0,3336,195.752,0.0,0.0,1199.92,45.868,10876,6309,6309,6851,KEMA
2012-02-03,Well_#2,0.0,3444,196.231,0.0,0.0,1306.92,47.333,10876,6309,6309,6851,KEMA
2012-02-04,Well_#2,0.0,3516,196.26,0.0,15.26324,957.257,45.897,10876,6309,6309,6851,KEMA
2012-02-05,Well_#2,0.0,3553,196.199,0.0,15.7418,1.983,43.092,10876,6309,6309,6851,KEMA
2012-02-06,Well_#2,0.0,3575,196.131,0.0,0.0,2.024,47.765,10876,6309,6309,6851,KEMA
2012-02-07,Well_#2,0.0,3592,196.059,0.0,0.0,2.481,50.775,10876,6309,6309,6851,KEMA
2012-02-08,Well_#2,0.0,3607,195.989,0.0,0.0,3.125,49.006,10876,6309,6309,6851,KEMA
2012-02-09,Well_#2,10.48,3413,206.689,0.0,20.64382,727.862,109.38,11001,6389,6389,7322,KEMA
2012-02-10,Well_#2,24.0,3326,207.948,0.0,47.42959,898.518,144.468,11403,6633,6633,7986,KEMA
2012-02-11,Well_#2,24.0,3240,208.14,0.0,47.49053,893.517,133.354,11877,6918,6918,8543,KEMA
2012-02-12,Well_#2,24.0,3173,208.191,0.0,47.47677,868.465,138.034,12343,7197,7197,9093,KEMA
2012-02-13,Well_#2,24.0,3096,206.724,0.0,46.9557,808.881,137.155,12767,7451,7451,9628,KEMA
2012-02-14,Well_#2,24.0,3080,208.168,0.0,47.55408,762.842,144.717,13188,7703,7703,10172,KEMA
2012-02-15,Well_#2,24.0,3020,206.581,0.0,46.60391,751.482,136.523,13607,7952,7952,10711,KEMA
2012-02-16,Well_#2,24.0,3021,208.132,0.0,47.55733,735.971,133.54,14027,8203,8203,11179,KEMA
2012-02-17,Well_#2,24.0,3000,208.117,0.0,45.39962,714.561,129.175,14436,8450,8450,11653,KEMA
2012-02-18,Well_#2,24.0,2961,208.254,0.0,49.24105,724.65,130.511,14956,8756,8756,12205,KEMA
2012-02-19,Well_#2,24.0,2872,208.408,0.0,51.34668,706.005,143.962,15609,9137,9137,12823,KEMA
2012-02-20,Well_#2,24.0,2822,208.347,0.0,51.51368,660.176,148.707,16247,9512,9512,13526,KEMA
2012-02-21,Well_#2,24.0,2788,208.319,0.0,51.64507,654.228,154.51,16871,9879,9879,14198,KEMA
2012-02-22,Well_#2,24.0,2768,208.304,0.0,51.72495,600.719,145.94,17347,10158,10158,14743,KEMA
2012-02-23,Well_#2,24.0,2755,208.285,0.0,51.67505,561.092,133.332,17757,10400,10400,15222,KEMA
2012-02-24,Well_#2,24.0,2732,208.356,0.0,54.1611,583.638,145.628,18383,10766,10766,15778,KEMA
2012-02-25,Well_#2,24.0,2638,208.581,0.0,58.55693,600.719,165.703,19324,11308,11308,16549,KEMA
2012-02-26,Well_#2,24.0,2601,208.56,0.0,58.5498,526.178,155.895,20062,11734,11734,17171,KEMA
2012-02-27,Well_#2,18.94,2594,208.46,0.0,46.19174,486.839,142.571,20462,11968,11968,17596,KEMA
2012-02-28,Well_#2,0.0,2678,202.481,0.0,0.0,796.935,45.955,20462,11968,11968,17596,KEMA
2012-02-29,Well_#2,0.0,2748,200.447,0.0,0.0,918.858,45.609,20462,11968,11968,17596,KEMA
2012-03-01,Well_#2,0.0,2808,199.475,0.0,0.0,971.287,47.508,20462,11968,11968,17596,KEMA
2012-03-02,Well_#2,0.0,2867,198.88,0.0,0.0,1022.2,44.663,20462,11968,11968,17596,KEMA
2012-03-03,Well_#2,0.0,2810,191.529,0.0,0.0,1011.84,45.71,20462,11968,11968,17596,KEMA
2012-03-04,Well_#2,0.0,2981,197.956,0.0,0.0,1098.46,47.214,20462,11968,11968,17596,KEMA
2012-03-05,Well_#2,0.0,3030,197.477,0.0,0.87294,1171.08,47.143,20462,11968,11968,17596,KEMA
2012-03-06,Well_#2,0.0,3079,197.038,0.0,0.09949,406.291,50.547,20462,11968,11968,17596,KEMA
2012-03-07,Well_#2,0.0,3168,196.356,0.0,0.0,1097.77,53.919,20462,11968,11968,17596,KEMA
2012-03-08,Well_#2,0.0,3301,196.886,0.0,0.0,1251.34,46.945,20462,11968,11968,17596,KEMA
2012-03-09,Well_#2,0.0,3358,196.849,0.0,0.0,1304.67,49.197,20462,11968,11968,17596,KEMA
2012-03-10,Well_#2,0.0,3392,196.754,0.0,0.0,1362.69,47.822,20462,11968,11968,17596,KEMA
2012-03-11,Well_#2,0.0,3427,196.65,0.0,0.0,1383.04,47.32,20462,11968,11968,17596,KEMA
2012-03-12,Well_#2,0.0,3460,196.546,0.0,0.0,1440.93,45.906,20462,11968,11968,17596,KEMA
2012-03-13,Well_#2,0.0,3492,196.442,0.0,0.0,1406.51,46.534,20462,11968,11968,17596,KEMA
2012-03-14,Well_#2,0.0,3523,196.349,0.0,0.0,1432.98,47.871,20462,11968,11968,17596,KEMA
2012-03-15,Well_#2,0.0,3549,196.256,0.0,0.0,1479.58,47.87,20462,11968,11968,17596,KEMA
2012-03-16,Well_#2,0.0,3574,196.171,0.0,0.0,1461.14,48.532,20462,11968,11968,17596,KEMA
2012-03-17,Well_#2,8.21,3353,206.13,0.0,18.64237,547.002,117.571,20554,12020,12020,18008,KEMA
2012-03-18,Well_#2,24.0,3243,208.211,0.0,50.06461,538.745,155.254,20770,12144,12144,19048,KEMA
2012-03-19,Well_#2,24.0,3152,208.519,0.0,50.2775,599.32,158.547,20993,12272,12272,20179,KEMA
2012-03-20,Well_#2,24.0,3070,208.58,0.0,50.39967,633.653,162.378,21219,12401,12401,21246,KEMA
2012-03-21,Well_#2,24.0,3015,208.547,0.0,51.93894,617.08,139.582,21604,12631,12631,22005,KEMA
2012-03-22,Well_#2,24.0,2968,208.52,0.0,51.91092,591.286,150.327,21947,12841,12841,22703,KEMA
2012-03-23,Well_#2,24.0,2932,208.483,0.0,51.93322,593.813,155.606,22303,13056,13056,23501,KEMA
2012-03-24,Well_#2,24.0,2895,208.504,0.0,53.07786,576.648,157.716,22750,13322,13322,24399,KEMA
2012-03-25,Well_#2,24.0,2790,208.693,0.0,58.23717,586.533,167.302,23360,13674,13674,25272,KEMA
2012-03-26,Well_#2,24.0,2748,208.605,0.0,58.07796,561.989,161.554,23978,14024,14024,26127,KEMA
2012-03-27,Well_#2,24.0,2710,208.595,0.0,58.09869,522.848,154.645,24543,14322,14322,26908,KEMA
2012-03-28,Well_#2,24.0,2677,208.58,0.0,55.51582,497.709,162.379,25094,14633,14633,27665,KEMA
2012-03-29,Well_#2,24.0,2644,208.625,0.0,61.56642,505.566,163.059,25719,14987,14987,28445,KEMA
2012-03-30,Well_#2,24.0,2596,208.644,0.0,63.06676,491.913,164.29,26341,15335,15335,29203,KEMA
2012-03-31,Well_#2,6.46,2633,206.7,0.0,17.40814,407.397,94.665,26399,15368,15368,29275,KEMA
2012-04-01,Well_#2,0.0,2760,200.816,0.0,0.34048,598.639,49.434,26399,15368,15368,29275,KEMA
2012-04-02,Well_#2,0.0,2826,199.587,0.0,0.30942,700.602,50.508,26399,15368,15368,29275,KEMA
2012-04-03,Well_#2,0.0,2885,198.866,0.0,0.29179,754.406,48.103,26399,15368,15368,29275,KEMA
2012-04-04,Well_#2,0.0,2941,198.154,0.0,0.29072,871.465,47.537,26399,15368,15368,29275,KEMA
2012-04-05,Well_#2,0.0,2965,197.803,0.0,0.30435,1042.51,49.35,26399,15368,15368,29275,KEMA
2012-04-06,Well_#2,0.0,3015,196.89,0.0,0.29432,1184.46,49.28,26399,15368,15368,29275,KEMA
2012-04-07,Well_#2,0.0,3195,197.256,0.0,0.2982,1379.78,51.259,26399,15368,15368,29275,KEMA
2012-04-08,Well_#2,0.0,3278,197.178,0.0,0.28477,1466.4,46.539,26399,15368,15368,29275,KEMA
2012-04-09,Well_#2,0.0,3318,197.02,0.0,0.25774,1483.47,47.207,26399,15368,15368,29275,KEMA
2012-04-10,Well_#2,0.0,3354,196.88,0.0,0.23422,1445.47,47.812,26399,15368,15368,29275,KEMA
2012-04-11,Well_#2,0.0,3389,196.75,0.0,0.23375,1478.61,46.487,26399,15368,15368,29275,KEMA
2012-04-12,Well_#2,0.0,3425,196.63,0.0,0.22956,1534.94,47.878,26399,15368,15368,29275,KEMA
2012-04-13,Well_#2,0.0,3456,196.517,0.0,0.26795,1515.25,48.164,26399,15368,15368,29275,KEMA
2012-04-14,Well_#2,0.0,3489,196.416,0.0,0.25487,1546.82,50.525,26399,15368,15368,29275,KEMA
2012-04-15,Well_#2,0.0,3522,196.317,0.0,0.2514,1583.01,52.683,26399,15368,15368,29275,KEMA
2012-04-16,Well_#2,0.0,3552,196.226,0.0,0.26485,1594.97,53.957,26399,15368,15368,29275,KEMA
2012-04-17,Well_#2,0.0,3582,196.144,0.0,0.25473,1642.0,54.419,26399,15368,15368,29275,KEMA
2012-04-18,Well_#2,0.0,3611,196.063,0.0,0.21309,1707.91,54.147,26399,15368,15368,29275,KEMA
2012-04-19,Well_#2,16.38,3434,205.038,0.0,30.73985,542.366,89.099,26481,15415,15415,29766,KEMA
2012-04-20,Well_#2,24.0,3275,208.313,0.0,51.03751,465.917,165.411,26654,15515,15515,31030,KEMA
2012-04-21,Well_#2,24.0,3162,208.551,0.0,51.01943,545.715,169.905,26922,15670,15670,32123,KEMA
2012-04-22,Well_#2,24.0,3101,208.528,0.0,51.07896,560.183,162.485,27243,15852,15852,33002,KEMA
2012-04-23,Well_#2,24.0,3072,208.466,0.0,51.07343,570.685,151.208,27561,16033,16033,33879,KEMA
2012-04-24,Well_#2,24.0,3037,208.471,0.0,51.1227,587.21,152.767,27902,16227,16227,34702,KEMA
2012-04-25,Well_#2,24.0,3007,208.457,0.0,51.12215,565.442,152.685,28242,16420,16420,35473,KEMA
2012-04-26,Well_#2,24.0,2951,208.614,0.0,53.60861,547.631,158.647,28639,16645,16645,36372,KEMA
2012-04-27,Well_#2,24.0,2891,208.664,0.0,55.20027,561.213,160.347,29083,16896,16896,37283,KEMA
2012-04-28,Well_#2,24.0,2803,208.767,0.0,57.97809,535.145,169.748,29658,17220,17220,38097,KEMA
2012-04-29,Well_#2,24.0,2733,208.759,0.0,60.26763,531.429,170.843,30266,17563,17563,39018,KEMA
2012-04-30,Well_#2,24.0,2662,208.767,0.0,63.06849,497.012,171.896,30931,17936,17936,39945,KEMA
2012-05-01,Well_#2,24.0,2623,208.725,0.0,66.33456,470.967,170.023,31552,18284,18284,40813,KEMA
2012-05-02,Well_#2,9.71,2610,208.673,0.0,27.55298,443.258,167.018,31763,18404,18404,41112,KEMA
2012-05-03,Well_#2,0.0,2773,201.483,0.0,0.0,974.637,51.048,31763,18404,18404,41112,KEMA
2012-05-04,Well_#2,0.0,2847,199.964,0.0,0.0,993.547,49.594,31763,18404,18404,41112,KEMA
2012-05-05,Well_#2,0.0,2908,199.015,0.0,0.0,1074.09,48.484,31763,18404,18404,41112,KEMA
2012-05-06,Well_#2,0.0,2963,198.223,0.0,0.0,1154.32,50.192,31763,18404,18404,41112,KEMA
2012-05-07,Well_#2,0.0,3035,197.753,0.0,0.0,1317.27,50.432,31763,18404,18404,41112,KEMA
2012-05-08,Well_#2,0.0,3188,197.801,0.0,0.0,1395.48,49.437,31763,18404,18404,41112,KEMA
2012-05-09,Well_#2,0.0,3261,197.551,0.0,0.0,1427.81,50.173,31763,18404,18404,41112,KEMA
2012-05-10,Well_#2,0.0,3304,197.33,0.0,0.0,1516.09,50.197,31763,18404,18404,41112,KEMA
2012-05-11,Well_#2,0.0,3346,197.139,0.0,0.0,1556.79,49.791,31763,18404,18404,41112,KEMA
2012-05-12,Well_#2,0.0,3381,196.969,0.0,0.0,1527.93,52.067,31763,18404,18404,41112,KEMA
2012-05-13,Well_#2,0.0,3417,196.819,0.0,0.0,1520.79,52.683,31763,18404,18404,41112,KEMA
2012-05-14,Well_#2,0.0,3450,196.681,0.0,0.0,1554.97,51.083,31763,18404,18404,41112,KEMA
2012-05-15,Well_#2,0.0,3477,196.556,0.0,0.0,1634.54,49.973,31763,18404,18404,41112,KEMA
2012-05-16,Well_#2,0.0,3506,196.444,0.0,0.0,1642.92,51.98,31763,18404,18404,41112,KEMA
2012-05-17,Well_#2,0.0,3535,196.343,0.0,0.0,1636.74,48.873,31763,18404,18404,41112,KEMA
2012-05-18,Well_#2,0.0,3563,196.246,0.0,0.0,1669.19,48.317,31763,18404,18404,41112,KEMA
2012-05-19,Well_#2,0.0,3587,196.155,0.0,0.0,1676.1,52.04,31763,18404,18404,41112,KEMA
2012-05-20,Well_#2,0.0,3609,196.071,0.0,0.0,1669.0,52.188,31763,18404,18404,41112,KEMA
2012-05-21,Well_#2,7.38,3296,207.069,0.0,21.55669,428.281,151.45,31906,18486,18486,41340,KEMA
2012-05-22,Well_#2,24.0,3105,208.621,0.0,71.45498,427.386,182.157,32409,18785,18785,42109,KEMA
2012-05-23,Well_#2,24.0,2929,208.818,0.0,66.70029,520.35,174.195,32946,19095,19095,42973,KEMA
2012-05-24,Well_#2,24.0,2909,208.568,0.0,55.63128,518.375,165.415,33451,19387,19387,43776,KEMA
2012-05-25,Well_#2,24.0,2898,208.459,0.0,54.68954,491.965,159.05,33804,19591,19591,44539,KEMA
2012-05-26,Well_#2,20.0,2901,207.913,0.0,54.7706,474.76,133.571,34098,19761,19761,45186,KEMA
2012-05-27,Well_#2,0.0,2977,204.016,0.0,0.0,404.48,56.359,34098,19761,19761,45186,KEMA
2012-05-28,Well_#2,0.0,3077,198.604,0.0,0.21333,864.782,50.574,34098,19761,19761,45186,KEMA
2012-05-29,Well_#2,0.0,3125,197.531,0.0,0.17755,1141.99,52.694,34098,19761,19761,45186,KEMA
2012-05-30,Well_#2,0.0,3197,197.26,0.0,0.16133,1292.1,53.825,34098,19761,19761,45186,KEMA
2012-05-31,Well_#2,0.0,3328,197.337,0.0,0.1548,1425.71,50.878,34098,19761,19761,45186,KEMA
2012-06-01,Well_#2,0.0,3393,197.096,0.0,0.14737,1482.95,48.628,34098,19761,19761,45186,KEMA
2012-06-02,Well_#2,0.0,3429,196.873,0.0,0.12591,1482.04,53.06,34098,19761,19761,45186,KEMA
2012-06-03,Well_#2,0.0,3461,196.698,0.0,0.13429,1503.52,54.675,34098,19761,19761,45186,KEMA
2012-06-04,Well_#2,0.0,3492,196.541,0.0,0.11003,1510.11,55.425,34098,19761,19761,45186,KEMA
2012-06-05,Well_#2,0.0,3519,196.393,0.0,0.13391,1515.92,52.06,34098,19761,19761,45186,KEMA
2012-06-06,Well_#2,0.0,3543,196.271,0.0,0.11358,1554.83,53.859,34098,19761,19761,45186,KEMA
2012-06-07,Well_#2,0.0,3565,196.159,0.0,0.09105,1619.89,55.22,34098,19761,19761,45186,KEMA
2012-06-08,Well_#2,0.0,3587,196.063,0.0,0.09106,1589.92,57.012,34098,19761,19761,45186,KEMA
2012-06-09,Well_#2,0.0,3607,195.975,0.0,0.08062,1584.16,57.411,34098,19761,19761,45186,KEMA
2012-06-10,Well_#2,10.45,3398,206.473,0.0,22.0751,488.886,109.589,34182,19808,19808,45621,KEMA
2012-06-11,Well_#2,24.0,3240,208.197,0.0,59.03621,475.381,165.648,34394,19930,19930,46909,KEMA
2012-06-12,Well_#2,24.0,3163,208.401,0.0,53.20649,522.94,166.223,34650,20076,20076,47922,KEMA
2012-06-13,Well_#2,24.0,3128,208.33,0.0,50.26562,544.507,154.363,34886,20210,20210,48669,KEMA
2012-06-14,Well_#2,24.0,3100,208.324,0.0,50.19992,574.873,151.656,35126,20347,20347,49372,KEMA
2012-06-15,Well_#2,24.0,3072,208.27,0.0,49.9383,540.248,146.684,35371,20487,20487,49976,KEMA
2012-06-16,Well_#2,24.0,3055,208.222,0.0,49.81392,530.575,140.235,35592,20614,20614,50526,KEMA
2012-06-17,Well_#2,24.0,3038,208.226,0.0,50.2682,541.255,145.098,35816,20741,20741,51071,KEMA
2012-06-18,Well_#2,24.0,3018,208.249,0.0,50.53397,538.186,146.338,36045,20875,20875,51626,KEMA
2012-06-19,Well_#2,24.0,2998,208.261,0.0,50.87495,505.049,145.705,36264,21003,21003,52182,KEMA
2012-06-20,Well_#2,24.0,2989,208.215,0.0,51.11381,513.969,143.861,36469,21123,21123,52718,KEMA
2012-06-21,Well_#2,24.0,2972,208.295,0.0,51.78987,514.066,148.181,36680,21246,21246,53267,KEMA
2012-06-22,Well_#2,24.0,2926,208.534,0.0,53.70095,509.14,158.812,37018,21442,21442,54012,KEMA
2012-06-23,Well_#2,24.0,2853,208.659,0.0,54.88666,541.162,166.485,37440,21686,21686,54835,KEMA
2012-06-24,Well_#2,24.0,2819,208.569,0.0,54.86524,509.399,163.822,37828,21911,21911,55546,KEMA
2012-06-25,Well_#2,24.0,2794,208.556,0.0,56.46771,494.095,162.178,38275,22168,22168,56311,KEMA
2012-06-26,Well_#2,24.0,2754,208.613,0.0,59.06224,473.35,164.629,38710,22418,22418,57059,KEMA
2012-06-27,Well_#2,24.0,2719,208.646,0.0,60.94112,476.274,161.871,39162,22678,22678,57810,KEMA
2012-06-28,Well_#2,24.0,2664,208.763,0.0,67.52055,469.315,168.754,39797,23037,23037,58784,KEMA
2012-06-29,Well_#2,24.0,2582,208.818,0.0,71.13085,437.974,170.832,40443,23398,23398,59735,KEMA
2012-06-30,Well_#2,3.29,2631,207.486,0.0,9.9037,394.6,106.17,40458,23407,23407,59761,KEMA
2012-07-01,Well_#2,0.0,2791,201.018,0.0,0.0,680.204,61.444,40458,23407,23407,59761,KEMA
2012-07-02,Well_#2,0.0,2864,199.735,0.0,0.0,783.514,60.377,40458,23407,23407,59761,KEMA
2012-07-03,Well_#2,0.0,2925,198.797,0.0,0.0,901.391,60.129,40458,23407,23407,59761,KEMA
2012-07-04,Well_#2,0.0,2978,198.111,0.0,0.0,1061.38,57.8,40458,23407,23407,59761,KEMA
2012-07-05,Well_#2,0.0,3032,197.559,0.0,0.0,1179.56,60.842,40458,23407,23407,59761,KEMA
2012-07-06,Well_#2,0.0,3122,197.429,0.0,0.0,1324.39,59.74,40458,23407,23407,59761,KEMA
2012-07-07,Well_#2,0.0,3257,197.567,0.0,0.0,1421.55,59.697,40458,23407,23407,59761,KEMA
2012-07-08,Well_#2,0.0,3321,197.388,0.0,0.0,1517.41,57.181,40458,23407,23407,59761,KEMA
2012-07-09,Well_#2,0.0,3361,197.216,0.0,0.0,1501.25,57.548,40458,23407,23407,59761,KEMA
2012-07-10,Well_#2,0.0,3396,197.066,0.0,0.0,1523.77,57.512,40458,23407,23407,59761,KEMA
2012-07-11,Well_#2,0.0,3430,196.926,0.0,0.0,1621.07,58.092,40458,23407,23407,59761,KEMA
2012-07-12,Well_#2,0.0,3462,196.797,0.0,0.0,1602.59,60.161,40458,23407,23407,59761,KEMA
2012-07-13,Well_#2,0.0,3492,196.674,0.0,0.0,1594.21,62.117,40458,23407,23407,59761,KEMA
2012-07-14,Well_#2,0.0,3519,196.561,0.0,0.0,1620.31,62.603,40458,23407,23407,59761,KEMA
2012-07-15,Well_#2,0.0,3546,196.46,0.0,0.0,1695.67,62.946,40458,23407,23407,59761,KEMA
2012-07-16,Well_#2,0.0,3575,196.365,0.0,0.0,1719.65,60.016,40458,23407,23407,59761,KEMA
2012-07-17,Well_#2,0.0,3600,196.265,0.0,0.0,1738.94,56.376,40458,23407,23407,59761,KEMA
2012-07-18,Well_#2,0.0,3622,196.185,0.0,0.0,1777.59,57.081,40458,23407,23407,59761,KEMA
2012-07-19,Well_#2,0.0,3642,196.108,0.0,0.0,1786.2,58.619,40458,23407,23407,59761,KEMA
2012-07-20,Well_#2,0.0,3659,196.025,0.0,0.0,1756.01,57.181,40458,23407,23407,59761,KEMA
2012-07-21,Well_#2,22.38,3350,207.539,0.0,53.36457,407.95,147.316,40569,23473,23473,60962,KEMA
2012-07-22,Well_#2,24.0,3213,208.486,0.0,73.75388,415.191,164.312,40735,23572,23572,62312,KEMA
2012-07-23,Well_#2,24.0,3098,208.64,0.0,60.49435,470.691,171.136,40999,23729,23729,63464,KEMA
2012-07-24,Well_#2,24.0,3094,208.413,0.0,52.21302,502.354,159.084,41204,23850,23850,64208,KEMA
2012-07-25,Well_#2,24.0,3063,208.449,0.0,52.14661,512.672,157.98,41433,23985,23985,64942,KEMA
2012-07-26,Well_#2,24.0,3037,208.418,0.0,51.87341,504.607,155.986,41661,24120,24120,65620,KEMA
2012-07-27,Well_#2,24.0,3016,208.386,0.0,51.81179,496.999,153.508,41885,24253,24253,66291,KEMA
2012-07-28,Well_#2,24.0,3004,208.311,0.0,51.90567,470.83,149.675,42068,24361,24361,66871,KEMA
2012-07-29,Well_#2,24.0,2991,208.346,0.0,52.87826,463.804,149.98,42269,24480,24480,67480,KEMA
2012-07-30,Well_#2,24.0,2955,208.504,0.0,54.67097,464.072,153.611,42537,24637,24637,68189,KEMA
2012-07-31,Well_#2,24.0,2885,208.694,0.0,56.89043,493.827,155.019,42887,24843,24843,69015,KEMA
2012-08-01,Well_#2,24.0,2854,208.576,0.0,56.80295,481.208,153.993,43210,25032,25032,69729,KEMA
2012-08-02,Well_#2,24.0,2813,208.646,0.0,60.2406,466.937,163.666,43594,25259,25259,70549,KEMA
2012-08-03,Well_#2,24.0,2747,208.706,0.0,61.83797,462.491,164.748,44038,25521,25521,71393,KEMA
2012-08-04,Well_#2,24.0,2655,208.772,0.0,68.75176,439.02,162.913,44771,25945,25945,72540,KEMA
2012-08-05,Well_#2,24.0,2601,208.746,0.0,71.31071,425.982,168.049,45354,26286,26286,73416,KEMA
2012-08-06,Well_#2,3.79,2622,208.524,0.0,11.47147,383.028,159.972,45408,26318,26318,73523,KEMA
2012-08-07,Well_#2,0.0,2792,201.12,0.0,0.0,923.196,61.719,45408,26318,26318,73523,KEMA
2012-08-08,Well_#2,0.0,2865,199.72,0.0,0.0,1011.7,59.49,45408,26318,26318,73523,KEMA
2012-08-09,Well_#2,0.0,2925,198.701,0.0,0.0,1106.29,60.428,45408,26318,26318,73523,KEMA
2012-08-10,Well_#2,0.0,2986,198.133,0.0,0.0,1229.4,60.065,45408,26318,26318,73523,KEMA
2012-08-11,Well_#2,0.0,3132,198.19,0.0,0.0,1399.3,59.943,45408,26318,26318,73523,KEMA
2012-08-12,Well_#2,0.0,3225,197.939,0.0,0.0,1437.24,59.59,45408,26318,26318,73523,KEMA
2012-08-13,Well_#2,0.0,3273,197.686,0.0,0.0,1436.72,61.903,45408,26318,26318,73523,KEMA
2012-08-14,Well_#2,0.0,3316,197.472,0.0,0.0,1527.58,61.799,45408,26318,26318,73523,KEMA
2012-08-15,Well_#2,0.0,3355,197.287,0.0,0.0,1547.92,63.404,45408,26318,26318,73523,KEMA
2012-08-16,Well_#2,0.0,3393,197.12,0.0,0.0,1515.98,64.543,45408,26318,26318,73523,KEMA
2012-08-17,Well_#2,0.0,3424,196.966,0.0,0.0,1539.38,63.324,45408,26318,26318,73523,KEMA
2012-08-18,Well_#2,0.0,3455,196.831,0.0,0.0,1580.17,63.076,45408,26318,26318,73523,KEMA
2012-08-19,Well_#2,0.0,3489,196.71,0.0,0.0,1668.25,61.717,45408,26318,26318,73523,KEMA
2012-08-20,Well_#2,0.0,3519,196.615,0.0,19.65098,867.436,60.988,45408,26318,26318,73523,KEMA
2012-08-21,Well_#2,0.0,3547,196.491,0.0,18.83138,0.0,62.13,45408,26318,26318,73523,KEMA
2012-08-22,Well_#2,0.0,3570,196.385,0.0,0.47535,0.0,64.051,45408,26318,26318,73523,KEMA
2012-08-23,Well_#2,0.0,3589,196.293,0.0,0.44736,0.0,64.274,45408,26318,26318,73523,KEMA
2012-08-24,Well_#2,0.0,3609,196.21,0.0,9.23315,85.753,78.878,45408,26318,26318,73523,KEMA
2012-08-25,Well_#2,0.0,3628,196.131,0.0,18.94073,68.58,82.727,45408,26318,26318,73523,KEMA
2012-08-26,Well_#2,0.0,3646,196.056,0.0,0.11494,0.035,58.838,45408,26318,26318,73523,KEMA
2012-08-27,Well_#2,0.0,3661,195.985,0.0,0.10346,0.308,57.284,45408,26318,26318,73523,KEMA
2012-08-28,Well_#2,0.0,3512,188.211,0.0,0.08841,0.639,58.445,45408,26318,26318,73523,KEMA
2012-08-29,Well_#2,0.0,3687,195.858,0.0,0.08805,0.787,58.13,45408,26318,26318,73523,KEMA
2012-08-30,Well_#2,0.0,3695,195.573,0.0,0.0891,0.0,59.735,45408,26318,26318,73523,KEMA
2012-08-31,Well_#2,0.0,3711,195.746,0.0,0.08834,15.695,73.586,45408,26318,26318,73523,KEMA
2012-09-01,Well_#2,0.0,3722,195.65,0.0,0.07993,337.447,70.897,45408,26318,26318,73523,KEMA
2012-09-02,Well_#2,0.0,3710,194.879,0.0,0.06743,1380.4,67.353,45408,26318,26318,73523,KEMA
2012-09-03,Well_#2,16.16,3459,207.252,0.0,37.51087,496.597,137.742,45584,26426,26426,74457,KEMA
2012-09-04,Well_#2,24.0,3308,208.351,0.0,57.16507,478.545,173.581,45876,26599,26599,75874,KEMA
2012-09-05,Well_#2,24.0,3217,208.445,0.0,54.13351,525.656,170.078,46220,26803,26803,76942,KEMA
2012-09-06,Well_#2,24.0,3164,208.449,0.0,52.24051,541.271,164.502,46580,27015,27015,77926,KEMA
2012-09-07,Well_#2,24.0,3124,208.43,0.0,51.68839,544.315,160.756,46950,27233,27233,78781,KEMA
2012-09-08,Well_#2,24.0,3086,208.427,0.0,51.69009,521.961,159.525,47320,27450,27450,79600,KEMA
2012-09-09,Well_#2,24.0,3055,208.398,0.0,51.69489,516.498,157.144,47676,27659,27659,80354,KEMA
2012-09-10,Well_#2,24.0,3032,208.34,0.0,51.66708,506.436,153.273,48010,27857,27857,81061,KEMA
2012-09-11,Well_#2,24.0,2986,208.522,0.0,54.30083,503.551,160.597,48408,28088,28088,81919,KEMA
2012-09-12,Well_#2,24.0,2932,208.555,0.0,55.10509,490.853,158.833,48819,28328,28328,82759,KEMA
2012-09-13,Well_#2,24.0,2900,208.519,0.0,56.01708,479.871,161.382,49247,28580,28580,83577,KEMA
2012-09-14,Well_#2,24.0,2847,208.597,0.0,58.49981,468.485,164.524,49681,28833,28833,84468,KEMA
2012-09-15,Well_#2,24.0,2804,208.58,0.0,60.30109,457.024,164.929,50120,29087,29087,85355,KEMA
2012-09-16,Well_#2,24.0,2749,208.641,0.0,63.82367,451.746,170.205,50635,29388,29388,86286,KEMA
2012-09-17,Well_#2,24.0,2667,208.76,0.0,75.34765,454.393,175.603,51249,29742,29742,87348,KEMA
2012-09-18,Well_#2,24.0,2635,208.409,0.0,90.82637,415.832,162.788,51759,30034,30034,88114,KEMA
2012-09-19,Well_#2,8.31,2711,204.819,0.0,33.80754,350.309,84.841,51868,30098,30098,88290,KEMA
2012-09-20,Well_#2,0.0,2837,200.608,0.0,0.00014,497.239,60.292,51868,30098,30098,88290,KEMA
2012-09-21,Well_#2,0.0,2857,196.494,0.0,0.0,630.322,59.058,51868,30098,30098,88290,KEMA
2012-09-22,Well_#2,0.0,2960,198.307,0.0,0.0,820.447,61.425,51868,30098,30098,88290,KEMA
2012-09-23,Well_#2,0.0,3015,197.555,0.0,0.0,995.352,56.225,51868,30098,30098,88290,KEMA
2012-09-24,Well_#2,0.0,3067,197.128,0.0,0.0,1161.49,57.235,51868,30098,30098,88290,KEMA
2012-09-25,Well_#2,0.0,3175,197.416,0.0,0.0,1347.9,61.206,51868,30098,30098,88290,KEMA
2012-09-26,Well_#2,0.0,3280,197.358,0.0,0.0,1420.7,59.745,51868,30098,30098,88290,KEMA
2012-09-27,Well_#2,0.0,3340,197.194,0.0,0.0,1426.58,57.824,51868,30098,30098,88290,KEMA
2012-09-28,Well_#2,0.0,3379,197.032,0.0,0.0,1470.15,57.074,51868,30098,30098,88290,KEMA
2012-09-29,Well_#2,0.0,3414,196.89,0.0,0.0,1522.41,56.759,51868,30098,30098,88290,KEMA
2012-09-30,Well_#2,0.0,3449,196.76,0.0,0.0,1549.02,57.006,51868,30098,30098,88290,KEMA
2012-10-01,Well_#2,0.0,3482,196.639,0.0,0.0,1541.28,56.788,51868,30098,30098,88290,KEMA
2012-10-02,Well_#2,0.0,3510,196.526,0.0,0.0,1541.3,57.69,51868,30098,30098,88290,KEMA
2012-10-03,Well_#2,0.0,3537,196.422,0.0,0.0,1546.53,59.2,51868,30098,30098,88290,KEMA
2012-10-04,Well_#2,0.0,3563,196.327,0.0,0.0,1565.19,60.787,51868,30098,30098,88290,KEMA
2012-10-05,Well_#2,0.0,3587,196.24,0.0,0.0,1615.98,59.22,51868,30098,30098,88290,KEMA
2012-10-06,Well_#2,0.0,3607,196.156,0.0,0.0,1623.46,56.589,51868,30098,30098,88290,KEMA
2012-10-07,Well_#2,0.0,3626,196.077,0.0,0.0,1643.88,56.992,51868,30098,30098,88290,KEMA
2012-10-08,Well_#2,0.0,3644,196.005,0.0,0.0,1663.33,58.958,51868,30098,30098,88290,KEMA
2012-10-09,Well_#2,0.0,3662,195.938,0.0,0.0,1731.75,57.807,51868,30098,30098,88290,KEMA
2012-10-10,Well_#2,0.0,3679,195.874,0.0,0.0,1745.16,56.302,51868,30098,30098,88290,KEMA
2012-10-11,Well_#2,0.0,3695,195.813,0.0,0.0,1692.14,54.069,51868,30098,30098,88290,KEMA
2012-10-12,Well_#2,0.0,3708,195.751,0.0,0.0,1775.94,56.399,51868,30098,30098,88290,KEMA
2012-10-13,Well_#2,6.11,3520,204.313,0.0,13.0552,797.623,96.597,51936,30139,30139,88521,KEMA
2012-10-14,Well_#2,24.0,3324,208.128,0.0,57.23962,391.755,175.577,52042,30202,30202,90166,KEMA
2012-10-15,Well_#2,24.0,3213,208.375,0.0,53.71832,420.811,176.105,52200,30296,30296,91395,KEMA
2012-10-16,Well_#2,24.0,3174,208.295,0.0,50.06448,466.963,163.267,52354,30387,30387,92257,KEMA
2012-10-17,Well_#2,24.0,3154,208.227,0.0,48.66008,464.265,156.293,52504,30475,30475,92971,KEMA
2012-10-18,Well_#2,24.0,3102,208.441,0.0,50.74668,499.221,163.179,52730,30608,30608,93832,KEMA
2012-10-19,Well_#2,24.0,3052,208.433,0.0,49.58719,494.69,157.712,52950,30738,30738,94649,KEMA
2012-10-20,Well_#2,24.0,3030,208.339,0.0,51.30737,487.694,142.169,53158,30861,30861,95350,KEMA
2012-10-21,Well_#2,24.0,2995,208.404,0.0,53.73824,469.82,147.78,53376,30989,30989,96049,KEMA
2012-10-22,Well_#2,24.0,2970,208.381,0.0,54.63264,460.24,148.192,53595,31118,31118,96778,KEMA
2012-10-23,Well_#2,24.0,2926,208.472,0.0,56.57798,443.034,151.71,53848,31269,31269,97514,KEMA
2012-10-24,Well_#2,24.0,2898,208.411,0.0,58.19182,431.862,151.852,54132,31436,31436,98300,KEMA
2012-10-25,Well_#2,24.0,2827,208.591,0.0,53.95061,466.467,158.971,54526,31689,31689,99160,KEMA
2012-10-26,Well_#2,24.0,2772,208.575,0.0,54.79493,461.35,167.638,54944,31959,31959,100006,KEMA
2012-10-27,Well_#2,24.0,2737,208.517,0.0,54.77738,445.424,165.038,55344,32211,32211,100808,KEMA
2012-10-28,Well_#2,24.0,2676,208.665,0.0,65.63513,421.034,169.716,55950,32578,32578,101822,KEMA
2012-10-29,Well_#2,1.69,2658,208.556,0.0,6.44457,429.014,164.684,55954,32580,32580,101829,KEMA
2012-10-30,Well_#2,0.0,2855,200.929,0.0,0.2111,965.427,54.597,55954,32580,32580,101829,KEMA
2012-10-31,Well_#2,0.0,2928,199.5,0.0,0.20044,1060.39,53.406,55954,32580,32580,101829,KEMA
2012-11-01,Well_#2,0.0,2983,198.525,0.0,0.19313,1156.01,53.311,55954,32580,32580,101829,KEMA
2012-11-02,Well_#2,0.0,3056,198.071,0.0,0.16911,1287.62,51.607,55954,32580,32580,101829,KEMA
2012-11-03,Well_#2,0.0,3190,198.054,0.0,0.15603,1389.22,54.47,55954,32580,32580,101829,KEMA
2012-11-04,Well_#2,0.0,3272,197.791,0.0,0.1544,1484.67,55.049,55954,32580,32580,101829,KEMA
2012-11-05,Well_#2,0.0,3325,197.541,0.0,0.15416,1514.6,55.23,55954,32580,32580,101829,KEMA
2012-11-06,Well_#2,0.0,3365,197.332,0.0,0.14654,1516.25,54.71,55954,32580,32580,101829,KEMA
2012-11-07,Well_#2,0.0,3403,197.147,0.0,0.13579,1568.28,54.305,55954,32580,32580,101829,KEMA
2012-11-08,Well_#2,0.0,3439,196.986,0.0,0.14019,1615.05,52.819,55954,32580,32580,101829,KEMA
2012-11-09,Well_#2,0.0,3475,196.841,0.0,0.13202,1640.49,55.218,55954,32580,32580,101829,KEMA
2012-11-10,Well_#2,0.0,3509,196.71,0.0,0.12446,1650.66,54.51,55954,32580,32580,101829,KEMA
2012-11-11,Well_#2,0.0,3541,196.592,0.0,0.13993,1626.51,53.139,55954,32580,32580,101829,KEMA
2012-11-12,Well_#2,0.0,3571,196.485,0.0,0.1389,1637.07,51.272,55954,32580,32580,101829,KEMA
2012-11-13,Well_#2,0.0,3598,196.383,0.0,0.15348,1704.31,51.563,55954,32580,32580,101829,KEMA
2012-11-14,Well_#2,0.0,3626,196.291,0.0,0.14013,1751.0,54.39,55954,32580,32580,101829,KEMA
2012-11-15,Well_#2,0.0,3651,196.206,0.0,0.11978,1749.42,52.18,55954,32580,32580,101829,KEMA
2012-11-16,Well_#2,0.0,3674,196.123,0.0,0.12781,1787.45,50.112,55954,32580,32580,101829,KEMA
2012-11-17,Well_#2,13.26,3474,205.475,0.0,27.1155,618.158,95.9,56017,32619,32619,102238,KEMA
2012-11-18,Well_#2,24.0,3374,207.645,0.0,55.20392,398.335,148.342,56074,32654,32654,103088,KEMA
2012-11-19,Well_#2,24.0,3288,208.096,0.0,58.86154,375.704,165.373,56249,32760,32760,104219,KEMA
2012-11-20,Well_#2,24.0,3134,208.587,0.0,58.86836,418.336,178.629,56502,32912,32912,105644,KEMA
2012-11-21,Well_#2,24.0,3045,208.643,0.0,58.84516,472.319,175.383,56805,33095,33095,106676,KEMA
2012-11-22,Well_#2,24.0,2988,208.623,0.0,58.80122,493.115,161.254,57109,33277,33277,107711,KEMA
2012-11-23,Well_#2,24.0,2942,208.566,0.0,58.79497,474.545,164.562,57410,33456,33456,108621,KEMA
2012-11-24,Well_#2,24.0,2903,208.559,0.0,61.07601,454.586,166.609,57719,33640,33640,109553,KEMA
2012-11-25,Well_#2,24.0,2864,208.504,0.0,63.64545,428.849,155.725,58008,33814,33814,110353,KEMA
2012-11-26,Well_#2,24.0,2830,208.536,0.0,53.75674,431.602,156.969,58320,33999,33999,111206,KEMA
2012-11-27,Well_#2,24.0,2795,208.502,0.0,53.76209,433.779,156.88,58639,34191,34191,112015,KEMA
2012-11-28,Well_#2,24.0,2768,208.464,0.0,53.82577,415.631,159.43,58964,34386,34386,112768,KEMA
2012-11-29,Well_#2,24.0,2748,208.434,0.0,53.81155,403.226,162.852,59286,34579,34579,113511,KEMA
2012-11-30,Well_#2,24.0,2732,208.425,0.0,54.06629,384.508,160.63,59604,34770,34770,114248,KEMA
2012-12-01,Well_#2,24.0,2705,208.488,0.0,54.56969,386.691,154.38,59954,34979,34979,114986,KEMA
2012-12-02,Well_#2,24.0,2682,208.519,0.0,55.28675,374.456,161.346,60306,35190,35190,115731,KEMA
2012-12-03,Well_#2,24.0,2662,208.523,0.0,55.2244,382.754,158.908,60679,35423,35423,116502,KEMA
2012-12-04,Well_#2,24.0,2643,208.536,0.0,55.1004,367.341,152.626,61013,35626,35626,117229,KEMA
2012-12-05,Well_#2,24.0,2632,208.53,0.0,55.12316,358.869,162.362,61369,35842,35842,117978,KEMA
2012-12-06,Well_#2,24.0,2615,208.576,0.0,55.87402,356.883,165.886,61731,36061,36061,118742,KEMA
2012-12-07,Well_#2,24.0,2593,208.618,0.0,57.2588,347.194,157.839,62137,36307,36307,119551,KEMA
2012-12-08,Well_#2,5.66,2587,208.606,0.0,13.56994,334.255,163.804,62235,36367,36367,119743,KEMA
2012-12-09,Well_#2,0.0,2748,201.521,0.0,0.0,915.931,49.447,62235,36367,36367,119743,KEMA
2012-12-10,Well_#2,0.0,2819,200.282,0.0,0.0,946.988,47.436,62235,36367,36367,119743,KEMA
2012-12-11,Well_#2,0.0,2881,199.493,0.0,0.0,1004.19,51.245,62235,36367,36367,119743,KEMA
2012-12-12,Well_#2,0.0,2933,198.814,0.0,0.0,1059.81,52.064,62235,36367,36367,119743,KEMA
2012-12-13,Well_#2,0.0,2991,198.203,0.0,0.0,1166.19,48.178,62235,36367,36367,119743,KEMA
2012-12-14,Well_#2,0.0,3048,197.58,0.0,0.0,1285.51,47.862,62235,36367,36367,119743,KEMA
2012-12-15,Well_#2,0.0,3158,197.715,0.0,0.0,1360.86,49.951,62235,36367,36367,119743,KEMA
2012-12-16,Well_#2,0.0,3267,197.64,0.0,0.0,1475.21,51.615,62235,36367,36367,119743,KEMA
2012-12-17,Well_#2,0.0,3333,197.472,0.0,0.0,1520.01,51.689,62235,36367,36367,119743,KEMA
2012-12-18,Well_#2,0.0,3376,197.301,0.0,0.0,1549.32,52.208,62235,36367,36367,119743,KEMA
2012-12-19,Well_#2,0.0,3412,197.153,0.0,0.0,1531.48,51.176,62235,36367,36367,119743,KEMA
2012-12-20,Well_#2,0.0,3447,197.017,0.0,0.0,1608.17,48.826,62235,36367,36367,119743,KEMA
2012-12-21,Well_#2,0.0,3479,196.891,0.0,0.0,1644.98,49.912,62235,36367,36367,119743,KEMA
2012-12-22,Well_#2,0.0,3509,196.777,0.0,0.0,1677.88,48.724,62235,36367,36367,119743,KEMA
2012-12-23,Well_#2,0.0,3538,196.668,0.0,0.0,1675.82,49.528,62235,36367,36367,119743,KEMA
2012-12-24,Well_#2,0.0,3565,196.571,0.0,0.0,1721.86,48.282,62235,36367,36367,119743,KEMA
2012-12-25,Well_#2,0.0,3590,196.478,0.0,0.0,1669.52,49.093,62235,36367,36367,119743,KEMA
2012-12-26,Well_#2,0.0,3613,196.391,0.0,0.0,1768.71,46.063,62235,36367,36367,119743,KEMA
2012-12-27,Well_#2,0.0,3633,196.308,0.0,0.0,1775.55,48.274,62235,36367,36367,119743,KEMA
2012-12-28,Well_#2,0.0,3651,196.23,0.0,0.0,1706.99,49.2,62235,36367,36367,119743,KEMA
2012-12-29,Well_#2,0.0,3674,196.161,0.0,0.0,1763.18,50.728,62235,36367,36367,119743,KEMA
2012-12-30,Well_#2,0.0,3687,196.091,0.0,0.0,1787.76,49.083,62235,36367,36367,119743,KEMA
2012-12-31,Well_#2,0.0,3700,196.025,0.0,0.0,1743.43,47.566,62235,36367,36367,119743,KEMA
2013-01-01,Well_#2,0.0,3714,195.966,0.0,0.0,1773.41,47.571,62235,36367,36367,119743,KEMA
2013-01-02,Well_#2,0.0,3729,195.909,0.0,0.00218,1779.08,40.658,62235,36367,36367,119743,KEMA
2013-01-03,Well_#2,14.34,3542,205.241,0.0,25.80886,596.161,77.078,62318,36420,36420,119946,KEMA
2013-01-04,Well_#2,24.0,3463,207.541,0.0,48.38147,402.05,124.178,62351,36441,36441,120789,KEMA
2013-01-05,Well_#2,24.0,3299,208.387,0.0,56.06902,369.042,172.34,62445,36501,36501,122255,KEMA
2013-01-06,Well_#2,24.0,3179,208.586,0.0,55.74826,387.143,174.537,62609,36605,36605,123668,KEMA
2013-01-07,Well_#2,24.0,3114,208.574,0.0,52.88354,422.05,170.435,62804,36728,36728,124791,KEMA
2013-01-08,Well_#2,24.0,3067,208.535,0.0,51.42658,439.766,165.735,63009,36857,36857,125760,KEMA
2013-01-09,Well_#2,24.0,3048,208.408,0.0,50.64435,450.489,156.396,63197,36975,36975,126571,KEMA
2013-01-10,Well_#2,24.0,3030,208.341,0.0,49.7477,419.6,151.227,63367,37082,37082,127305,KEMA
2013-01-11,Well_#2,24.0,3022,208.289,0.0,50.03093,405.806,155.064,63524,37180,37180,127990,KEMA
2013-01-12,Well_#2,23.5,2991,208.408,0.0,50.74818,408.901,160.158,63756,37326,37326,128836,KEMA
2013-01-13,Well_#2,24.0,2945,208.487,0.0,51.11389,438.295,160.302,64015,37483,37483,129707,KEMA
2013-01-14,Well_#2,24.0,2934,208.379,0.0,50.57936,410.215,154.593,64214,37605,37605,130434,KEMA
2013-01-15,Well_#2,24.0,2918,208.367,0.0,50.73249,394.518,158.949,64414,37727,37727,131129,KEMA
2013-01-16,Well_#2,24.0,2905,208.345,0.0,50.76158,392.563,159.268,64611,37847,37847,131801,KEMA
2013-01-17,Well_#2,24.0,2887,208.382,0.0,51.22483,378.509,157.65,64808,37968,37968,132505,KEMA
2013-01-18,Well_#2,24.0,2860,208.467,0.0,52.21807,401.017,163.951,65066,38125,38125,133286,KEMA
2013-01-19,Well_#2,13.84,2837,208.266,0.0,32.37503,392.39,156.818,65217,38221,38221,133779,KEMA
2013-01-20,Well_#2,0.0,2988,202.207,0.0,0.0,611.109,52.161,65217,38221,38221,133779,KEMA
2013-01-21,Well_#2,0.0,3053,200.446,0.0,0.0,659.939,46.192,65217,38221,38221,133779,KEMA
2013-01-22,Well_#2,0.0,3109,199.269,0.0,0.0,725.92,49.046,65217,38221,38221,133779,KEMA
2013-01-23,Well_#2,0.0,3161,198.294,0.0,0.0,914.113,49.235,65217,38221,38221,133779,KEMA
2013-01-24,Well_#2,0.0,3207,197.774,0.0,0.0,1072.08,50.767,65217,38221,38221,133779,KEMA
2013-01-25,Well_#2,0.0,3248,197.444,0.0,0.0,1222.48,48.202,65217,38221,38221,133779,KEMA
2013-01-26,Well_#2,0.0,3285,197.195,0.0,0.0,1287.39,51.8,65217,38221,38221,133779,KEMA
2013-01-27,Well_#2,0.0,3319,196.99,0.0,0.0,1399.12,48.605,65217,38221,38221,133779,KEMA
2013-01-28,Well_#2,0.0,3357,196.898,0.0,0.0,1436.51,48.075,65217,38221,38221,133779,KEMA
2013-01-29,Well_#2,0.0,3434,197.013,0.0,0.0,1512.29,43.532,65217,38221,38221,133779,KEMA
2013-01-30,Well_#2,0.0,3503,196.921,0.0,0.0,1581.98,46.685,65217,38221,38221,133779,KEMA
2013-01-31,Well_#2,0.0,3553,196.806,0.0,0.0,1668.1,47.57,65217,38221,38221,133779,KEMA
2013-02-01,Well_#2,0.0,3586,196.698,0.0,0.0,1640.35,47.282,65217,38221,38221,133779,KEMA
2013-02-02,Well_#2,0.0,3617,196.599,0.0,0.0,1710.43,48.456,65217,38221,38221,133779,KEMA
2013-02-03,Well_#2,0.0,3646,196.501,0.0,0.0,1680.19,48.069,65217,38221,38221,133779,KEMA
2013-02-04,Well_#2,0.0,3668,196.407,0.0,0.0,1740.42,47.342,65217,38221,38221,133779,KEMA
2013-02-05,Well_#2,22.08,3523,203.373,0.0,39.11677,715.595,64.157,65282,38261,38261,133982,KEMA
2013-02-06,Well_#2,24.0,3393,207.728,0.0,51.78023,341.003,119.336,65335,38294,38294,134974,KEMA
2013-02-07,Well_#2,24.0,3304,208.12,0.0,52.59287,371.151,154.7,65407,38339,38339,136036,KEMA
2013-02-08,Well_#2,24.0,3218,208.38,0.0,52.54229,412.546,163.092,65526,38414,38414,137092,KEMA
2013-02-09,Well_#2,24.0,3133,208.536,0.0,52.5178,467.625,172.956,65733,38540,38540,138201,KEMA
2013-02-10,Well_#2,24.0,3061,208.586,0.0,52.54499,482.057,171.095,65944,38669,38669,139287,KEMA
2013-02-11,Well_#2,24.0,3004,208.547,0.0,52.12433,490.425,166.077,66252,38857,38857,140225,KEMA
2013-02-12,Well_#2,24.0,2979,208.403,0.0,51.03031,446.573,163.352,66545,39036,39036,141016,KEMA
2013-02-13,Well_#2,24.0,2950,208.384,0.0,51.13038,438.883,162.491,66786,39185,39185,141779,KEMA
2013-02-14,Well_#2,24.0,2926,208.355,0.0,51.06063,434.911,161.019,67026,39332,39332,142538,KEMA
2013-02-15,Well_#2,24.0,2905,208.325,0.0,51.06775,410.265,143.155,67264,39478,39478,143294,KEMA
2013-02-16,Well_#2,24.0,2886,208.304,0.0,51.04001,399.826,141.589,67501,39623,39623,144042,KEMA
2013-02-17,Well_#2,24.0,2871,208.279,0.0,51.02598,400.574,155.682,67733,39767,39767,144785,KEMA
2013-02-18,Well_#2,24.0,2858,208.26,0.0,51.03757,383.288,141.142,68031,39951,39951,145442,KEMA
2013-02-19,Well_#2,24.0,2848,208.237,0.0,50.99348,385.994,148.997,68339,40139,40139,146111,KEMA
2013-02-20,Well_#2,24.0,2834,208.288,0.0,51.63196,379.989,153.691,68636,40325,40325,146793,KEMA
2013-02-21,Well_#2,24.0,2814,208.318,0.0,51.98818,380.345,159.696,68940,40517,40517,147500,KEMA
2013-02-22,Well_#2,24.0,2806,208.291,0.0,51.94115,372.713,157.785,69244,40708,40708,148213,KEMA
2013-02-23,Well_#2,24.0,2799,208.322,0.0,52.64365,355.572,159.089,69571,40913,40913,148931,KEMA
2013-02-24,Well_#2,24.0,2771,208.422,0.0,53.32125,363.766,163.316,69909,41123,41123,149672,KEMA
2013-02-25,Well_#2,5.66,2784,207.977,0.0,15.29728,270.184,144.368,69934,41139,41139,149723,KEMA
2013-02-26,Well_#2,0.0,2959,201.525,0.0,0.0,594.497,50.702,69934,41139,41139,149723,KEMA
2013-02-27,Well_#2,0.75,3014,202.363,0.0,2.54958,233.106,57.07,69935,41139,41139,149725,KEMA
2013-02-28,Well_#2,0.0,3090,199.824,0.0,0.23452,286.123,46.291,69935,41139,41139,149725,KEMA
2013-03-01,Well_#2,0.0,3151,199.081,0.0,0.2631,367.462,43.886,69935,41139,41139,149725,KEMA
2013-03-02,Well_#2,0.0,3204,198.232,0.0,0.24627,513.32,47.79,69935,41139,41139,149725,KEMA
2013-03-03,Well_#2,0.0,3250,197.489,0.0,0.23921,781.457,51.504,69935,41139,41139,149725,KEMA
2013-03-04,Well_#2,0.0,3293,197.23,0.0,0.22699,988.315,49.544,69935,41139,41139,149725,KEMA
2013-03-05,Well_#2,0.0,3332,197.044,0.0,0.21623,1157.25,48.281,69935,41139,41139,149725,KEMA
2013-03-06,Well_#2,0.0,3368,196.89,0.0,0.20126,1265.36,46.723,69935,41139,41139,149725,KEMA
2013-03-07,Well_#2,0.0,3402,196.692,0.0,0.19967,70.221,48.318,69935,41139,41139,149725,KEMA
2013-03-08,Well_#2,0.0,3432,196.361,0.0,0.19915,118.665,58.527,69935,41139,41139,149725,KEMA
2013-03-09,Well_#2,0.0,3461,196.351,0.0,0.19345,804.436,46.207,69935,41139,41139,149725,KEMA
2013-03-10,Well_#2,0.0,3485,196.503,0.0,0.1902,1245.56,47.117,69935,41139,41139,149725,KEMA
2013-03-11,Well_#2,0.0,3505,196.463,0.0,0.18779,1331.94,45.598,69935,41139,41139,149725,KEMA
2013-03-12,Well_#2,0.0,3556,196.531,0.0,0.17978,1427.1,45.102,69935,41139,41139,149725,KEMA
2013-03-13,Well_#2,0.0,3618,196.491,0.0,0.19318,1499.3,45.583,69935,41139,41139,149725,KEMA
2013-03-14,Well_#2,0.0,3668,196.428,0.0,0.20635,1521.29,49.408,69935,41139,41139,149725,KEMA
2013-03-15,Well_#2,0.0,3707,196.361,0.0,0.18322,1559.63,52.255,69935,41139,41139,149725,KEMA
2013-03-16,Well_#2,0.0,3735,196.291,0.0,0.18034,1633.11,52.283,69935,41139,41139,149725,KEMA
2013-03-17,Well_#2,21.76,3602,204.033,0.0,38.02417,700.556,76.327,69985,41171,41171,150489,KEMA
2013-03-18,Well_#2,24.0,3504,207.554,0.0,48.01585,396.527,135.652,70023,41196,41196,151333,KEMA
2013-03-19,Well_#2,24.0,3431,207.955,0.0,49.6261,392.966,142.546,70087,41237,41237,152263,KEMA
2013-03-20,Well_#2,24.0,3369,208.114,0.0,49.52309,421.809,158.151,70168,41289,41289,153121,KEMA
2013-03-21,Well_#2,24.0,3310,208.249,0.0,49.51086,455.753,161.144,70277,41359,41359,154040,KEMA
2013-03-22,Well_#2,24.0,3251,208.381,0.0,50.14034,463.384,164.958,70467,41479,41479,155025,KEMA
2013-03-23,Well_#2,24.0,3184,208.496,0.0,51.09749,473.777,166.546,70711,41633,41633,156002,KEMA
2013-03-24,Well_#2,24.0,3120,208.534,0.0,51.36094,496.4,155.554,70957,41790,41790,156985,KEMA
2013-03-25,Well_#2,24.0,3067,208.516,0.0,51.3471,503.469,163.373,71205,41949,41949,157921,KEMA
2013-03-26,Well_#2,24.0,3015,208.536,0.0,52.27122,482.996,155.827,71471,42121,42121,158834,KEMA
2013-03-27,Well_#2,23.0,2967,208.518,0.0,52.47746,468.4,153.183,71724,42286,42286,159706,KEMA
2013-03-28,Well_#2,24.0,2929,208.494,0.0,52.69936,435.884,165.083,71996,42463,42463,160587,KEMA
2013-03-29,Well_#2,24.0,2885,208.504,0.0,53.1209,431.806,169.435,72271,42641,42641,161482,KEMA
2013-03-30,Well_#2,24.0,2852,208.464,0.0,53.10136,405.87,166.334,72565,42830,42830,162314,KEMA
2013-03-31,Well_#2,24.0,2823,208.439,0.0,53.04932,402.066,166.506,72852,43014,43014,163135,KEMA
2013-04-01,Well_#2,24.0,2798,208.41,0.0,53.12736,395.021,153.201,73152,43205,43205,163930,KEMA
2013-04-02,Well_#2,24.0,2779,208.383,0.0,53.04711,383.648,157.207,73436,43390,43390,164696,KEMA
2013-04-03,Well_#2,24.0,2764,208.361,0.0,53.08238,369.186,162.504,73717,43570,43570,165444,KEMA
2013-04-04,Well_#2,24.0,2751,208.357,0.0,53.41591,363.846,161.151,73999,43750,43750,166241,KEMA
2013-04-05,Well_#2,24.0,2726,208.417,0.0,54.31818,356.548,161.993,74316,43954,43954,167034,KEMA
2013-04-06,Well_#2,20.82,2722,208.051,0.0,43.78913,364.601,151.823,74524,44092,44092,167577,KEMA
2013-04-07,Well_#2,0.0,2843,203.019,0.0,0.0,541.732,67.496,74524,44092,44092,167577,KEMA
2013-04-08,Well_#2,0.0,2928,201.048,0.0,0.69142,158.294,45.456,74524,44092,44092,167577,KEMA
2013-04-09,Well_#2,0.0,2989,200.062,0.0,0.75574,42.019,35.74,74524,44092,44092,167577,KEMA
2013-04-10,Well_#2,0.0,3051,199.393,0.0,0.0,124.88,44.407,74524,44092,44092,167577,KEMA
2013-04-11,Well_#2,0.0,3108,198.571,0.0,0.0,107.446,48.452,74524,44092,44092,167577,KEMA
2013-04-12,Well_#2,0.0,3158,197.888,0.0,0.0,95.024,50.02,74524,44092,44092,167577,KEMA
2013-04-13,Well_#2,0.0,3202,197.539,0.0,0.0,104.708,50.427,74524,44092,44092,167577,KEMA
2013-04-14,Well_#2,0.0,3243,197.312,0.0,0.0,112.841,52.339,74524,44092,44092,167577,KEMA
2013-04-15,Well_#2,0.0,3281,197.141,0.0,0.0,119.314,50.971,74524,44092,44092,167577,KEMA
2013-04-16,Well_#2,0.0,3316,196.978,0.0,0.0,128.022,50.142,74524,44092,44092,167577,KEMA
2013-04-17,Well_#2,0.0,3368,197.024,0.0,0.0,92.626,49.644,74524,44092,44092,167577,KEMA
2013-04-18,Well_#2,0.0,3450,197.079,0.0,0.0,197.876,53.136,74524,44092,44092,167577,KEMA
2013-04-19,Well_#2,0.0,3515,196.99,0.0,0.25723,125.321,50.214,74524,44092,44092,167577,KEMA
2013-04-20,Well_#2,0.0,3552,196.914,0.0,0.0,257.773,49.77,74524,44092,44092,167577,KEMA
2013-04-21,Well_#2,0.0,3555,29.44,0.0,0.0,0.0,32.0,74524,44092,44092,167577,KEMA
2013-05-02,Well_#3,0.0,0,0.0,0.0,0.0,0.0,0.0,0,0,0,0,MAKO
2013-05-03,Well_#3,0.0,0,0.0,0.0,0.0,0.0,0.0,0,0,0,0,MAKO
2013-05-04,Well_#3,0.0,0,0.0,0.0,0.0,0.0,0.0,0,0,0,0,MAKO
2013-05-05,Well_#3,0.0,0,0.0,0.0,0.0,0.0,0.0,0,0,0,0,MAKO
2013-05-06,Well_#3,0.0,0,0.0,0.0,0.0,0.0,0.0,0,0,0,0,MAKO
2013-05-07,Well_#3,0.0,0,0.0,0.0,0.0,0.0,0.0,0,0,0,0,MAKO
2013-05-08,Well_#3,0.0,0,0.0,0.0,0.0,0.0,0.0,0,0,0,0,MAKO
2013-05-09,Well_#3,0.0,0,0.0,0.0,0.0,0.0,0.0,0,0,0,0,MAKO
2013-05-10,Well_#3,0.0,0,0.0,0.0,0.0,0.0,0.0,0,0,0,0,MAKO
2013-05-11,Well_#3,0.0,0,0.0,0.0,0.0,0.0,0.0,0,0,0,0,MAKO
2013-05-12,Well_#3,0.0,0,0.0,0.0,0.0,0.0,0.0,0,0,0,0,MAKO
2013-05-13,Well_#3,0.0,0,0.0,0.0,0.0,0.0,0.0,0,0,0,0,MAKO
2013-05-14,Well_#3,0.0,0,0.0,0.0,0.0,0.0,0.0,0,0,0,0,MAKO
2013-05-15,Well_#3,0.0,0,0.0,0.0,0.0,0.0,0.0,0,0,0,0,MAKO
2013-05-16,Well_#3,0.0,0,0.0,0.0,0.0,0.0,0.0,0,0,0,0,MAKO
2013-05-17,Well_#3,0.0,0,0.0,0.0,1.11327,0.0,0.0,0,0,0,0,MAKO
2013-05-18,Well_#3,7.0,2575,0.542,167.351,3.25655,312.858,23.653,18,11,15,0,MAKO
2013-05-19,Well_#3,24.0,2509,92.793,1128.94,8.54913,1139.04,48.058,743,447,604,0,MAKO
2013-05-20,Well_#3,24.0,2519,0.0,0.0,9.41919,0.0,0.0,1634,972,1280,0,MAKO
2013-05-21,Well_#3,24.0,2501,0.0,0.0,9.3221,0.0,0.0,2521,1511,1975,0,MAKO
2013-05-22,Well_#3,0.84,2531,0.0,0.0,2.46422,0.0,0.0,2577,1547,2023,0,MAKO
2013-05-23,Well_#3,4.0,2578,0.0,0.0,2.53699,0.0,0.0,2700,1622,2118,0,MAKO
2013-05-24,Well_#3,24.0,2575,0.0,0.0,9.7787,0.0,0.0,3733,2246,2922,0,MAKO
2013-05-25,Well_#3,5.08,2574,162.387,1249.92,2.5408,1054.76,72.747,3923,2362,3075,0,MAKO
2013-05-26,Well_#3,0.0,2971,157.225,0.0,0.0036,9.469,24.422,3923,2362,3075,0,MAKO
2013-05-27,Well_#3,0.0,2985,156.523,0.0,0.0,9.139,21.369,3923,2362,3075,0,MAKO
2013-05-28,Well_#3,15.07,2611,161.436,95.87,6.11618,1076.3,53.325,4513,2717,3530,0,MAKO
2013-05-29,Well_#3,24.0,2572,162.215,1003.91,9.95129,1073.02,68.192,5580,3362,4347,0,MAKO
2013-05-30,Well_#3,24.0,2560,162.366,1435.49,9.75875,1065.33,71.74,6639,4003,5189,0,MAKO
2013-05-31,Well_#3,24.0,2553,162.438,1639.04,9.88211,1060.08,74.378,7710,4647,6024,0,MAKO
2013-06-01,Well_#3,24.0,2548,162.483,1281.02,9.78896,1056.75,75.89,8780,5288,6893,0,MAKO
2013-06-02,Well_#3,24.0,2544,162.522,1280.34,9.78433,1054.22,76.215,9842,5926,7694,0,MAKO
2013-06-03,Well_#3,24.0,2540,162.565,1344.78,9.91491,1051.79,75.044,10916,6574,8566,0,MAKO
2013-06-04,Well_#3,24.0,2538,162.608,1408.48,9.8808,1049.14,75.954,11986,7222,9446,0,MAKO
2013-06-05,Well_#3,24.0,2538,162.643,1460.54,9.88084,1048.12,75.655,13040,7863,10319,0,MAKO
2013-06-06,Well_#3,24.0,2537,162.68,1509.26,9.84737,1046.9,76.376,14079,8499,11124,0,MAKO
2013-06-07,Well_#3,24.0,2534,162.732,1544.12,9.86483,1043.5,76.117,15130,9139,11979,0,MAKO
2013-06-08,Well_#3,24.0,2532,162.774,1597.52,9.7961,1039.86,76.504,16174,9773,12839,0,MAKO
2013-06-09,Well_#3,24.0,2532,162.806,1622.19,9.83735,1038.19,74.694,17219,10409,13680,0,MAKO
2013-06-10,Well_#3,24.0,2516,162.901,1376.53,9.91057,1024.49,76.16,18295,11059,14521,0,MAKO
2013-06-11,Well_#3,24.0,2509,162.961,1231.98,10.09222,1019.96,74.773,19384,11720,15406,0,MAKO
2013-06-12,Well_#3,24.0,2519,162.934,1178.41,9.78648,1025.45,73.454,20426,12354,16242,0,MAKO
2013-06-13,Well_#3,24.0,2501,163.05,1334.48,9.86604,1012.24,78.109,21473,12988,17075,59,MAKO
2013-06-14,Well_#3,24.0,2506,163.043,1336.14,9.81311,1015.07,77.352,22497,13613,17891,118,MAKO
2013-06-15,Well_#3,24.0,2504,163.07,1371.7,10.10168,1013.4,77.858,23547,14253,18764,177,MAKO
2013-06-16,Well_#3,24.0,2504,163.096,1381.03,10.02474,1012.69,79.059,24593,14888,19568,240,MAKO
2013-06-17,Well_#3,24.0,2504,163.116,1393.85,10.08765,1012.52,78.162,25632,15524,20380,299,MAKO
2013-06-18,Well_#3,24.0,2505,163.132,1401.4,10.05772,1012.23,76.825,26662,16156,21223,359,MAKO
2013-06-19,Well_#3,24.0,2506,163.139,1426.45,10.08136,1012.75,78.053,27691,16785,22078,420,MAKO
2013-06-20,Well_#3,24.0,2507,163.151,1443.2,10.1238,1013.06,78.247,28721,17415,22925,482,MAKO
2013-06-21,Well_#3,19.64,2513,163.165,1447.0,8.39912,1017.26,75.747,29419,17850,23477,520,MAKO
2013-06-22,Well_#3,0.0,2875,159.583,0.0,1.28745,1267.85,34.796,29419,17850,23477,520,MAKO
2013-06-23,Well_#3,0.0,2918,158.716,0.0,1.21626,1072.28,24.242,29419,17850,23477,520,MAKO
2013-06-24,Well_#3,0.0,2940,158.111,0.0,1.12717,1257.82,23.917,29419,17850,23477,520,MAKO
2013-06-25,Well_#3,0.0,2954,157.757,0.0,1.22977,1271.34,22.55,29419,17850,23477,520,MAKO
2013-06-26,Well_#3,0.0,2964,157.488,0.0,1.23787,1279.44,21.375,29419,17850,23477,520,MAKO
2013-06-27,Well_#3,1.69,2738,159.804,0.0,1.57019,1140.14,30.968,29434,17860,23491,521,MAKO
2013-06-28,Well_#3,24.0,2595,162.47,199.749,9.48204,1044.42,64.954,30375,18447,24274,575,MAKO
2013-06-29,Well_#3,24.0,2540,162.693,729.854,9.64292,1032.11,72.043,31345,19051,25039,633,MAKO
2013-06-30,Well_#3,24.0,2512,162.855,1028.08,9.84629,1011.62,75.917,32361,19681,25890,696,MAKO
2013-07-01,Well_#3,24.0,2472,163.084,1350.85,10.23642,983.918,80.523,33518,20388,26835,778,MAKO
2013-07-02,Well_#3,24.0,2469,163.129,1435.68,10.22814,981.58,80.391,34669,21091,27732,860,MAKO
2013-07-03,Well_#3,24.0,2469,163.147,1498.46,10.20269,981.821,81.314,35809,21785,28653,942,MAKO
2013-07-04,Well_#3,24.0,2471,163.155,1523.43,9.94206,983.281,81.407,36918,22462,29543,1021,MAKO
2013-07-05,Well_#3,24.0,2471,163.173,1522.58,10.16507,982.978,80.254,38037,23144,30455,1102,MAKO
2013-07-06,Well_#3,24.0,2471,163.187,1571.27,10.16987,983.085,80.765,39140,23818,31298,1182,MAKO
2013-07-07,Well_#3,18.64,2473,163.208,981.315,8.32474,979.154,80.513,39950,24324,31951,1239,MAKO
2013-07-08,Well_#3,0.0,2886,159.929,0.0,1.13954,3.077,23.98,39950,24324,31951,1239,MAKO
2013-07-09,Well_#3,6.36,2551,161.756,0.001,3.29758,1001.21,57.571,40279,24513,32208,1290,MAKO
2013-07-10,Well_#3,24.0,2477,162.579,238.929,10.07243,975.062,71.023,41261,25115,32960,1360,MAKO
2013-07-11,Well_#3,22.5,2462,162.832,501.298,9.40108,968.256,74.703,42209,25700,33683,1418,MAKO
2013-07-12,Well_#3,24.0,2452,162.972,664.592,9.96468,964.537,76.467,43251,26344,34520,1479,MAKO
2013-07-13,Well_#3,10.98,2442,163.078,789.566,5.41783,942.219,80.785,43725,26644,34922,1508,MAKO
2013-07-14,Well_#3,16.27,2529,162.026,65.258,6.76533,992.527,63.575,44368,27030,35434,1560,MAKO
2013-07-15,Well_#3,9.81,2495,162.579,306.465,5.04441,968.629,72.993,44678,27226,35698,1577,MAKO
2013-07-16,Well_#3,24.0,2493,162.421,254.379,9.71361,979.687,71.069,45712,27861,36541,1648,MAKO
2013-07-17,Well_#3,24.0,2456,162.851,674.52,10.23974,965.198,80.876,46787,28521,37414,1712,MAKO
2013-07-18,Well_#3,24.0,2452,162.936,771.902,10.35389,963.339,81.299,47929,29225,38363,1781,MAKO
2013-07-19,Well_#3,24.0,2463,162.916,751.73,10.06007,970.172,80.369,49037,29909,39238,1847,MAKO
2013-07-20,Well_#3,24.0,2451,162.984,820.862,10.15459,961.903,81.299,50161,30603,40144,1915,MAKO
2013-07-21,Well_#3,8.31,2458,162.998,843.902,4.53818,964.034,81.412,50461,30801,40395,1933,MAKO
2013-07-22,Well_#3,12.36,2481,162.058,132.157,5.83822,953.627,68.554,50841,31039,40697,1953,MAKO
2013-07-23,Well_#3,24.0,2379,158.475,637.137,10.35392,949.419,78.481,51999,31757,41606,2024,MAKO
2013-07-24,Well_#3,24.0,2399,160.811,842.691,10.41746,945.177,79.985,53194,32496,42570,2094,MAKO
2013-07-25,Well_#3,24.0,2428,163.019,881.723,10.42921,945.285,79.001,54390,33235,43536,2177,MAKO
2013-07-26,Well_#3,24.0,2428,163.061,897.699,10.42832,944.966,78.46,55639,34007,44550,2251,MAKO
2013-07-27,Well_#3,24.0,2427,163.089,908.894,10.44692,944.524,77.652,56885,34780,45600,2320,MAKO
2013-07-28,Well_#3,24.0,2428,163.11,935.123,10.45133,944.911,78.684,58127,35551,46568,2387,MAKO
2013-07-29,Well_#3,24.0,2427,163.129,960.023,10.30125,944.213,81.758,59363,36310,47562,2453,MAKO
2013-07-30,Well_#3,24.0,2413,163.206,1009.71,10.39258,935.044,79.226,60619,37081,48521,2519,MAKO
2013-07-31,Well_#3,24.0,2412,163.232,1013.68,10.27192,933.649,77.92,61870,37853,49526,2588,MAKO
2013-08-01,Well_#3,24.0,2411,163.248,1024.66,10.46785,932.392,79.995,63122,38625,50569,2657,MAKO
2013-08-02,Well_#3,24.0,2407,163.276,1034.59,10.59236,928.348,82.065,64379,39402,51540,2725,MAKO
2013-08-03,Well_#3,24.0,2400,163.321,1049.29,10.67274,923.408,81.791,65651,40185,52553,2794,MAKO
2013-08-04,Well_#3,12.31,2406,163.327,1081.94,8.43861,913.056,82.644,66306,40590,53103,2828,MAKO
2013-08-05,Well_#3,10.19,2509,161.867,27.32,4.59734,972.377,59.193,66669,40825,53402,2852,MAKO
2013-08-06,Well_#3,24.0,2393,162.874,700.154,10.3968,910.999,80.574,67847,41554,54394,2921,MAKO
2013-08-07,Well_#3,24.0,2394,163.121,938.902,10.45242,916.063,81.177,69030,42289,55363,2989,MAKO
2013-08-08,Well_#3,24.0,2396,163.182,985.522,10.42351,917.373,82.081,70229,43031,56369,3057,MAKO
2013-08-09,Well_#3,24.0,2397,163.217,999.375,10.44036,918.166,82.479,71426,43771,57356,3125,MAKO
2013-08-10,Well_#3,24.0,2398,163.24,1005.57,10.30669,918.458,81.93,72624,44515,58290,3192,MAKO
2013-08-11,Well_#3,24.0,2399,163.258,1034.26,10.51756,918.951,82.102,73840,45266,59305,3262,MAKO
2013-08-12,Well_#3,24.0,2399,163.281,1034.27,10.62397,918.861,79.957,75062,46021,60261,3332,MAKO
2013-08-13,Well_#3,24.0,2400,163.302,1029.01,10.39458,919.157,77.884,76272,46776,61283,3400,MAKO
2013-08-14,Well_#3,24.0,2400,163.322,1034.56,10.6158,919.805,76.217,77490,47538,62281,3469,MAKO
2013-08-15,Well_#3,24.0,2401,163.335,1049.98,10.52554,920.026,78.453,78710,48293,63217,3538,MAKO
2013-08-16,Well_#3,24.0,2402,163.346,1076.13,10.52858,920.293,80.043,79932,49047,64202,3608,MAKO
2013-08-17,Well_#3,24.0,2391,163.4,1099.61,10.60759,913.108,80.202,81182,49817,65228,3678,MAKO
2013-08-18,Well_#3,24.0,2390,163.43,1138.99,10.71916,912.856,81.11,82432,50588,66192,3748,MAKO
2013-08-19,Well_#3,24.0,2395,163.432,1137.22,10.65512,915.458,80.966,83668,51349,67215,3818,MAKO
2013-08-20,Well_#3,24.31,2407,163.396,1094.51,10.38878,916.993,78.023,84888,52102,68179,3888,MAKO
2013-08-21,Well_#3,7.86,2441,162.141,98.149,3.76236,911.926,60.341,85139,52259,68374,3900,MAKO
2013-08-22,Well_#3,13.48,2398,162.834,676.127,6.63245,894.435,78.67,85696,52604,68813,3929,MAKO
2013-08-23,Well_#3,10.36,2427,162.233,141.018,5.06575,905.606,64.368,86111,52853,69135,3951,MAKO
2013-08-24,Well_#3,24.0,2382,163.021,779.557,10.60308,900.572,76.156,87309,53587,70070,4020,MAKO
2013-08-25,Well_#3,24.0,2360,163.257,996.086,10.58723,888.088,76.664,88521,54331,71080,4088,MAKO
2013-08-26,Well_#3,24.0,2376,163.289,1022.73,10.6194,900.268,79.707,89774,55072,72052,4165,MAKO
2013-08-27,Well_#3,17.33,2415,162.895,667.616,7.95599,911.683,72.696,90547,55548,72693,4211,MAKO
2013-08-28,Well_#3,24.0,2383,163.079,809.781,10.30424,899.037,78.706,91702,56233,73625,4292,MAKO
2013-08-29,Well_#3,24.0,2402,163.176,945.374,10.347,915.387,79.279,92883,56907,74543,4360,MAKO
2013-08-30,Well_#3,22.67,2429,163.048,799.953,9.38536,933.643,75.202,94011,57559,75359,4429,MAKO
2013-08-31,Well_#3,24.0,2389,163.303,1040.67,10.49189,907.316,77.177,95175,58266,76234,4519,MAKO
2013-09-01,Well_#3,24.0,2376,163.391,814.912,10.49317,898.472,77.098,96362,58992,77195,4588,MAKO
2013-09-02,Well_#3,24.0,2393,163.353,640.391,10.51915,909.691,81.493,97536,59711,78104,4658,MAKO
2014-11-10,Well_#4,17.83,2224,148.909,1196.52,8.34212,778.87,73.414,824,1026,1408,421,DEPU
2014-11-11,Well_#4,20.33,2237,148.91,1203.45,9.28994,790.234,73.442,1770,2202,3122,869,DEPU
2014-11-12,Well_#4,24.0,2167,149.23,1388.16,11.68098,740.518,79.989,2937,3647,5095,1434,DEPU
2014-11-13,Well_#4,24.0,2162,149.25,1388.62,11.49691,740.674,75.004,4026,5002,7039,1925,DEPU
2014-11-14,Well_#4,24.0,2153,149.238,1384.74,11.53985,733.084,75.876,5129,6380,8962,2420,DEPU
2014-11-15,Well_#4,24.0,2149,149.216,1378.33,11.55027,729.853,75.969,6117,7623,10686,2899,DEPU
2014-11-16,Well_#4,24.0,2149,149.185,1346.54,11.73195,729.387,75.864,7187,8956,12558,3391,DEPU
2014-11-17,Well_#4,24.0,2148,149.166,1344.91,11.77022,728.21,76.881,8276,10284,14427,3866,DEPU
2014-11-18,Well_#4,0.0,2151,149.207,1339.8,12.0,730.8,77.76,9302,11577,16325,4327,DEPU
2014-11-19,Well_#4,24.0,2151,149.207,1339.8,12.0,730.8,77.76,10386,12937,18243,4788,DEPU
2014-11-20,Well_#4,24.0,2151,149.207,1339.8,12.0,730.8,77.76,11390,14194,20022,5215,DEPU
2014-11-21,Well_#4,22.17,2172,148.961,1221.38,10.81481,739.872,78.175,12287,15319,21607,5674,DEPU
2014-11-22,Well_#4,24.0,2144,149.075,1288.9,11.80996,719.411,80.863,13246,16527,23315,6127,DEPU
2014-11-23,Well_#4,24.0,2103,149.192,1294.75,12.23259,693.944,80.872,14209,17749,25018,6561,DEPU
2014-11-24,Well_#4,24.0,2082,149.226,1257.59,12.91373,678.72,76.287,15191,18998,26754,7062,DEPU
2014-11-25,Well_#4,24.0,2055,149.286,1244.99,13.87064,659.628,81.98,16213,20291,28484,7580,DEPU
2014-11-26,Well_#4,24.0,2054,149.272,1221.82,13.85262,660.341,79.846,17219,21577,30238,8098,DEPU
2014-11-27,Well_#4,24.0,2053,149.258,1193.13,13.94823,658.765,82.319,18225,22861,32028,8612,DEPU
2014-11-28,Well_#4,24.0,2055,149.242,1164.37,13.96401,660.335,81.604,19275,24185,33964,9290,DEPU
2014-11-29,Well_#4,24.0,2054,149.228,1129.14,14.15601,659.226,79.192,20222,25380,35655,9754,DEPU
2014-11-30,Well_#4,24.0,2056,149.211,1109.26,14.21589,659.573,81.682,21168,26584,37384,10217,DEPU
2014-12-01,Well_#4,24.0,2057,149.194,1090.32,14.21308,660.117,81.078,22088,27747,39001,10659,DEPU
2014-12-02,Well_#4,24.0,2056,149.187,1073.6,14.24858,659.312,81.753,22996,28880,40597,11167,DEPU
2014-12-03,Well_#4,24.0,2054,149.185,1046.11,14.28488,658.621,81.08,23933,30066,42317,11689,DEPU
2014-12-04,Well_#4,24.0,2055,149.173,1027.21,14.34772,659.139,81.13,24835,31207,43835,12131,DEPU
2014-12-05,Well_#4,24.0,2056,149.156,1013.54,14.35086,659.33,81.684,25733,32350,45379,12883,DEPU
2014-12-06,Well_#4,15.94,2064,149.157,985.289,17.67077,661.374,81.273,26358,33205,46596,13401,DEPU
2014-12-07,Well_#4,5.39,2118,147.673,341.763,12.37931,696.64,60.37,26587,33530,47057,13490,DEPU
2014-12-08,Well_#4,24.0,2055,148.693,840.674,14.74457,617.204,80.764,27290,34445,48382,13921,DEPU
2014-12-09,Well_#4,24.0,2053,148.912,908.416,13.40579,634.033,80.67,28083,35498,49866,14343,DEPU
2014-12-10,Well_#4,17.11,2064,148.958,912.013,14.88504,638.685,80.235,28707,36357,51073,14673,DEPU
2014-12-11,Well_#4,17.72,2093,148.495,707.307,14.92279,639.814,76.397,29451,37400,52481,15018,DEPU
2014-12-12,Well_#4,24.0,2051,148.956,920.238,15.04946,633.869,81.899,30317,38542,54047,15487,DEPU
2014-12-13,Well_#4,24.0,2051,149.025,930.224,14.97631,640.903,79.447,31213,39718,55740,15947,DEPU
2014-12-14,Well_#4,24.0,2054,149.047,930.605,14.97278,645.009,80.938,32153,40949,57437,16477,DEPU
2014-12-15,Well_#4,24.0,2039,147.812,916.818,14.89048,643.564,80.295,33115,42206,59253,17012,DEPU
2014-12-16,Well_#4,24.0,2055,149.087,916.598,15.24322,648.963,80.102,34080,43466,60934,17562,DEPU
2014-12-17,Well_#4,24.0,2040,147.9,881.804,15.05915,647.027,77.117,35050,44727,62613,18111,DEPU
2014-12-18,Well_#4,24.0,2059,149.103,883.071,15.52333,653.17,79.531,36027,46001,64478,18632,DEPU
2014-12-19,Well_#4,24.0,2064,149.103,881.755,15.4137,656.539,79.934,37021,47311,66293,19181,DEPU
2014-12-20,Well_#4,24.0,2061,149.134,873.41,15.62836,655.128,77.941,38023,48596,68092,19688,DEPU
2014-12-21,Well_#4,24.0,2056,149.184,862.564,15.92248,653.559,78.671,39054,49911,69939,20214,DEPU
2014-12-22,Well_#4,24.0,2060,149.204,858.892,15.97342,657.417,81.85,40063,51206,71789,20813,DEPU
2014-12-23,Well_#4,24.0,2058,149.239,851.16,16.13627,657.735,83.575,41059,52482,73568,21390,DEPU
2014-12-24,Well_#4,24.0,2055,149.259,825.47,16.34559,656.462,82.133,42106,53822,75389,21963,DEPU
2014-12-25,Well_#4,24.0,2058,149.264,803.609,16.21726,658.793,79.516,43144,55162,77229,22497,DEPU
2014-12-26,Well_#4,24.0,2061,149.269,794.577,16.19581,661.07,82.154,44159,56455,78968,23044,DEPU
2014-12-27,Well_#4,24.0,2062,149.276,791.318,16.15778,662.092,83.953,45181,57740,80750,23595,DEPU
2014-12-28,Well_#4,24.0,2065,149.153,769.784,16.60875,655.174,82.046,46227,59058,82576,24110,DEPU
2014-12-29,Well_#4,24.0,2069,149.091,754.584,16.69452,654.722,80.872,47284,60406,84392,24668,DEPU
2014-12-30,Well_#4,24.0,2064,149.098,741.657,16.83836,655.832,80.049,48343,61793,86338,25228,DEPU
2014-12-31,Well_#4,24.0,2065,149.105,726.394,16.78351,658.252,80.996,49399,63169,88237,25781,DEPU
2015-01-01,Well_#4,24.0,2065,149.11,724.606,16.79768,657.066,84.352,50451,64536,90185,26332,DEPU
2015-01-02,Well_#4,24.0,2064,149.117,712.487,16.77707,658.05,83.199,51504,65898,92135,26876,DEPU
2015-01-03,Well_#4,24.0,2043,147.665,695.242,15.96138,648.428,83.79,52554,67259,94125,27405,DEPU
2015-01-04,Well_#4,24.0,2050,149.156,685.396,17.271,647.839,82.12,53632,68659,96113,27967,DEPU
2015-01-05,Well_#4,24.0,1972,149.309,666.957,20.36496,592.699,83.165,54845,70226,98350,28619,DEPU
2015-01-06,Well_#4,24.0,1955,149.365,624.362,20.64924,583.039,79.436,56064,71812,100524,29280,DEPU
2015-01-07,Well_#4,24.0,1962,149.361,600.119,20.20724,588.482,83.84,57274,73385,102699,29937,DEPU
2015-01-08,Well_#4,24.0,1960,149.371,638.877,20.02868,586.784,83.394,58476,74934,104859,30582,DEPU
2015-01-09,Well_#4,24.0,1960,149.378,642.874,20.39665,586.866,83.458,59690,76480,107028,31235,DEPU
2015-01-10,Well_#4,24.0,1958,149.387,615.685,20.60106,586.115,84.158,60913,78035,109142,31896,DEPU
2015-01-11,Well_#4,24.0,1959,149.386,584.508,20.5596,586.271,84.431,62131,79585,111301,32576,DEPU
2015-01-12,Well_#4,24.0,1959,149.323,544.878,20.87011,584.808,83.872,63349,81154,113462,33243,DEPU
2015-01-13,Well_#4,24.0,1958,149.117,507.38,21.26967,582.721,85.551,64597,82750,115786,33923,DEPU
2015-01-14,Well_#4,24.0,2064,148.319,503.409,21.92727,669.436,87.627,66229,84818,118547,34745,DEPU
2015-01-15,Well_#4,24.0,2147,147.868,608.353,22.46525,753.725,88.266,68231,87342,122114,35507,DEPU
2015-01-16,Well_#4,24.0,2150,147.895,652.527,22.46576,759.52,88.276,70257,89873,125580,36251,DEPU
2015-01-17,Well_#4,24.0,2148,147.982,659.234,22.26938,762.502,90.027,72278,92395,129168,36988,DEPU
2015-01-18,Well_#4,24.0,2145,148.08,652.668,21.96316,763.044,89.377,74279,94907,132771,37717,DEPU
2015-01-19,Well_#4,24.0,2147,148.124,642.684,21.74764,764.395,89.155,76314,97453,136244,38500,DEPU
2015-01-20,Well_#4,24.0,2146,148.147,634.278,21.83396,760.382,89.737,78379,100028,139721,39239,DEPU
2015-01-21,Well_#4,24.0,2150,147.925,500.522,12.00069,1098.04,66.956,79524,101518,141828,39669,DEPU
2015-01-22,Well_#4,23.83,2064,147.85,546.782,4.40473,1433.77,43.483,79858,101964,142462,39798,DEPU
2015-01-23,Well_#4,24.0,2147,147.839,694.727,4.48335,1464.32,47.423,80215,102435,143109,39951,DEPU
2015-01-24,Well_#4,24.0,2150,147.592,841.09,7.32114,1375.3,56.92,81015,103473,144565,40257,DEPU
2015-01-25,Well_#4,24.0,2204,148.009,1382.4,25.63936,737.03,89.778,83010,105988,148254,41029,DEPU
2015-01-26,Well_#4,24.0,2149,148.161,1341.37,24.68595,734.43,90.636,84965,108402,151745,41759,DEPU
2015-01-27,Well_#4,24.0,2147,148.176,1292.77,23.0897,736.291,88.175,86978,110716,155138,42504,DEPU
2015-01-28,Well_#4,24.0,2156,148.171,1281.46,21.52402,744.332,90.638,88813,112979,158235,43180,DEPU
2015-01-29,Well_#4,24.0,2154,148.191,1246.9,21.99374,744.058,89.971,90741,115368,161677,43908,DEPU
2015-01-30,Well_#4,24.0,2150,148.216,1222.18,21.94723,740.925,89.636,92659,117706,164884,44615,DEPU
2015-01-31,Well_#4,24.0,2155,148.22,1197.6,21.56691,745.805,89.407,94470,119981,168042,45303,DEPU
2015-02-01,Well_#4,24.0,2158,148.223,1174.98,21.32053,747.428,89.555,96295,122264,171174,45983,DEPU
2015-02-02,Well_#4,24.0,2153,148.247,1164.44,21.49887,743.591,90.087,98122,124513,174249,46664,DEPU
2015-02-03,Well_#4,24.0,2151,148.256,1141.29,21.46538,741.107,89.874,99940,126782,177280,47342,DEPU
2015-02-04,Well_#4,24.0,2150,148.268,1115.47,21.47562,740.903,89.723,101750,129047,180392,48017,DEPU
2015-02-05,Well_#4,24.0,2150,148.278,1095.5,21.45566,739.499,89.409,103558,131303,183433,48699,DEPU
2015-02-06,Well_#4,24.0,2149,148.135,1074.2,21.38385,739.388,90.086,105349,133535,186417,49503,DEPU
2015-02-07,Well_#4,24.0,2153,148.28,1055.84,20.96206,744.479,89.734,107113,135729,189456,50295,DEPU
2015-02-08,Well_#4,24.0,2153,148.282,1033.19,20.97055,744.017,87.648,108872,137919,192421,51084,DEPU
2015-02-09,Well_#4,24.0,2150,148.29,1016.09,21.01584,741.44,88.068,110616,140109,195565,51878,DEPU
2015-02-10,Well_#4,24.0,2150,148.291,997.898,21.00344,741.59,88.462,112366,142289,198750,52668,DEPU
2015-02-11,Well_#4,24.0,2154,148.292,986.093,20.70422,744.921,87.003,114095,144460,201757,53447,DEPU
2015-02-12,Well_#4,24.0,2162,148.278,980.561,20.49373,751.095,88.95,115804,146658,204816,54228,DEPU
2015-02-13,Well_#4,24.0,2162,148.298,973.648,20.47694,750.881,87.982,117518,148865,207752,55037,DEPU
2015-02-14,Well_#4,24.0,2162,148.32,974.518,20.78581,749.843,90.254,119287,151115,210966,55884,DEPU
2015-02-15,Well_#4,24.0,2163,148.344,966.124,20.94946,749.985,90.344,121056,153367,214026,56742,DEPU
2015-02-16,Well_#4,24.0,2167,148.365,968.071,20.52399,753.032,90.728,122837,155640,217207,57606,DEPU
2015-02-17,Well_#4,24.0,2171,148.387,960.12,20.98104,757.562,90.579,124640,157943,220419,58463,DEPU
2015-02-18,Well_#4,24.0,2175,148.421,960.421,20.98662,760.211,90.779,126460,160199,223645,59330,DEPU
2015-02-19,Well_#4,24.0,2172,148.468,960.269,21.23229,757.764,90.912,128275,162460,226722,60192,DEPU
2015-02-20,Well_#4,24.0,2171,148.5,952.327,21.25809,756.368,91.099,130108,164774,230109,61013,DEPU
2015-02-21,Well_#4,24.0,2172,148.504,944.619,21.25069,756.255,91.225,131940,167075,233292,61851,DEPU
2015-02-22,Well_#4,24.0,2170,148.516,939.276,21.30261,755.681,91.176,133859,169456,236709,62682,DEPU
2015-02-23,Well_#4,24.0,2168,148.538,937.123,21.29273,755.966,91.098,135768,171826,240133,63511,DEPU
2015-02-24,Well_#4,24.0,2165,148.557,925.421,21.39999,754.078,90.735,137668,174186,243443,64353,DEPU
2015-02-25,Well_#4,24.0,2164,148.57,918.109,21.41682,753.417,90.696,139567,176541,246847,65182,DEPU
2015-02-26,Well_#4,24.0,2161,148.584,914.174,21.51103,751.523,90.355,141483,178911,250286,66018,DEPU
2015-02-27,Well_#4,24.0,2159,148.596,906.011,21.55464,749.672,89.685,143397,181274,253455,66849,DEPU
2015-02-28,Well_#4,24.0,2159,148.598,903.818,21.45883,749.453,90.354,145304,183621,256742,67657,DEPU
2015-03-01,Well_#4,24.0,2158,148.603,897.093,21.41851,748.589,90.81,147215,185973,259935,68455,DEPU
2015-03-02,Well_#4,24.0,2158,148.606,890.527,21.36788,747.992,90.853,149120,188306,263085,69250,DEPU
2015-03-03,Well_#4,24.0,2158,148.622,890.733,21.39576,745.398,90.826,151013,190620,266394,70043,DEPU
2015-03-04,Well_#4,24.0,2157,148.631,883.405,21.46273,741.602,89.755,152887,192937,269491,70836,DEPU
2015-03-05,Well_#4,24.0,2154,148.641,878.755,21.61467,735.459,88.686,154739,195247,272584,71640,DEPU
2015-03-06,Well_#4,24.0,2153,148.642,867.741,21.67387,730.713,89.163,156594,197575,275834,72445,DEPU
2015-03-07,Well_#4,24.0,2152,148.653,849.198,21.68166,729.112,88.615,158414,199856,278978,73250,DEPU
2015-03-08,Well_#4,24.0,2152,148.66,833.089,21.68359,726.622,90.509,160239,202129,282220,74052,DEPU
2015-03-09,Well_#4,24.0,2153,148.679,820.336,21.63072,725.213,90.401,162038,204431,285425,74851,DEPU
2015-03-10,Well_#4,24.0,2155,148.704,796.957,21.70907,723.807,90.412,163848,206690,288506,75656,DEPU
2015-03-11,Well_#4,24.0,2157,148.699,781.832,21.64983,725.684,90.696,165654,208950,291769,76456,DEPU
2015-03-12,Well_#4,24.0,2156,148.693,761.558,21.60531,724.96,88.134,167456,211203,294863,77251,DEPU
2015-03-13,Well_#4,24.0,2154,148.691,741.826,21.59288,722.494,87.467,169254,213447,298071,78044,DEPU
2015-03-14,Well_#4,24.0,2150,148.697,720.613,21.83126,718.537,90.778,171056,215693,301335,78841,DEPU
2015-03-15,Well_#4,24.0,2150,148.695,703.878,21.92297,717.831,91.009,172872,217952,304501,79612,DEPU
2015-03-16,Well_#4,24.0,2148,148.695,691.638,21.96428,716.966,90.368,174691,220210,307692,80382,DEPU
2015-03-17,Well_#4,24.0,2151,148.693,680.786,21.638,719.345,90.364,176497,222445,310720,81141,DEPU
2015-03-18,Well_#4,24.0,2154,148.692,672.37,21.42075,722.25,90.821,178281,224663,313977,81892,DEPU
2015-03-19,Well_#4,24.0,2153,148.693,660.851,21.51527,721.434,90.175,180062,226888,317218,82645,DEPU
2015-03-20,Well_#4,24.0,2154,148.695,657.778,21.4304,720.943,89.957,181846,229102,320265,83393,DEPU
2015-03-21,Well_#4,24.0,2154,148.696,652.696,21.33326,720.487,91.377,183621,231301,323284,84137,DEPU
2015-03-22,Well_#4,24.0,2154,148.697,641.324,21.28883,720.084,89.603,185368,233493,326445,84890,DEPU
2015-03-23,Well_#4,24.0,2153,148.698,629.343,21.30934,719.045,90.225,187095,235657,329399,85714,DEPU
2015-03-24,Well_#4,24.0,2153,148.701,622.715,21.3288,717.151,91.179,188734,237787,332404,86465,DEPU
2015-03-25,Well_#4,24.0,2152,148.704,615.921,21.36468,716.352,90.596,190490,239999,335565,87311,DEPU
2015-03-26,Well_#4,24.0,2151,148.708,612.769,21.33183,713.978,91.548,192142,242086,338343,88099,DEPU
2015-03-27,Well_#4,24.0,2150,148.712,608.699,21.33459,712.853,91.585,193848,244237,341312,88877,DEPU
2015-03-28,Well_#4,24.0,2150,148.713,604.723,20.81662,712.109,91.004,195515,246331,344362,89652,DEPU
2015-03-29,Well_#4,24.0,2156,148.705,599.681,20.90946,716.689,90.734,197221,248488,347287,90515,DEPU
2015-03-30,Well_#4,24.0,2158,148.699,596.935,20.70415,718.618,89.652,198901,250609,350315,91306,DEPU
2015-03-31,Well_#4,24.0,2158,148.701,594.207,20.76541,716.864,91.365,200572,252725,353398,92129,DEPU
2015-04-01,Well_#4,24.0,2155,148.705,745.568,20.4208,713.582,91.326,202244,254849,356311,92880,DEPU
2015-04-02,Well_#4,24.0,2155,148.704,1155.34,20.82932,711.98,89.182,203927,257000,359376,93694,DEPU
2015-04-03,Well_#4,24.0,2153,148.704,1144.19,20.86392,709.435,87.931,205610,259158,362505,94508,DEPU
2015-04-04,Well_#4,24.0,2153,148.699,1146.24,20.80031,707.562,91.292,207277,261282,365480,95309,DEPU
2015-04-05,Well_#4,24.0,2154,148.696,1144.94,20.73307,706.707,91.231,208936,263386,368349,96081,DEPU
2015-04-06,Well_#4,24.0,2151,148.699,1127.59,20.80439,703.628,90.362,210599,265466,371364,96825,DEPU
2015-04-07,Well_#4,24.0,2152,148.699,1117.61,20.68406,702.671,87.558,212251,267529,374260,97566,DEPU
2015-04-08,Well_#4,22.82,2218,148.611,1088.01,17.84592,759.879,87.159,213748,269452,377069,98362,DEPU
2015-04-09,Well_#4,24.0,2155,148.732,1108.02,20.91732,700.715,91.514,215421,271540,380056,99122,DEPU
2015-04-10,Well_#4,24.0,2154,148.735,1106.06,20.79633,698.913,91.894,217077,273604,382860,99858,DEPU
2015-04-11,Well_#4,24.0,2156,148.727,1093.48,20.6464,699.508,91.804,218710,275638,385765,100574,DEPU
2015-04-12,Well_#4,24.0,2155,148.722,1088.53,20.62981,697.735,91.614,220326,277656,388690,101352,DEPU
2015-04-13,Well_#4,24.0,2155,148.719,1080.81,20.57621,696.135,91.601,221942,279679,391543,102067,DEPU
2015-04-14,Well_#4,24.0,2155,148.714,1073.81,20.59866,694.495,92.255,223540,281656,394220,102777,DEPU
2015-04-15,Well_#4,24.0,2153,148.713,1057.35,20.77804,691.473,91.556,225120,283629,397065,103529,DEPU
2015-04-16,Well_#4,24.0,2153,148.712,1053.33,20.75875,689.212,91.654,226703,285598,399816,104261,DEPU
2015-04-17,Well_#4,24.0,2153,148.709,1052.16,20.72289,686.911,91.92,228269,287544,402495,105003,DEPU
2015-04-18,Well_#4,24.0,2154,148.704,1041.19,20.60948,685.379,91.411,229820,289490,405252,105745,DEPU
2015-04-19,Well_#4,24.0,2155,148.703,1031.06,20.66876,684.842,91.709,231374,291429,408046,106475,DEPU
2015-04-20,Well_#4,24.0,2155,148.696,1030.61,20.80475,682.152,91.839,232912,293388,410682,107190,DEPU
2015-04-21,Well_#4,24.0,2157,148.698,1033.82,20.70688,680.037,92.37,234487,295387,413563,107924,DEPU
2015-04-22,Well_#4,24.0,2159,148.703,1022.45,20.81758,680.318,91.881,236056,297392,416233,108678,DEPU
2015-04-23,Well_#4,24.0,2165,148.71,1019.52,20.75372,682.313,92.426,237653,299420,419209,109440,DEPU
2015-04-24,Well_#4,24.0,2162,148.732,1015.98,21.17692,677.856,92.224,239260,301459,422017,110225,DEPU
2015-04-25,Well_#4,24.0,2164,148.751,1020.54,21.34365,677.221,92.488,240883,303509,424759,111024,DEPU
2015-04-26,Well_#4,24.0,2161,148.776,1028.02,21.81495,671.605,93.015,242532,305593,427542,111856,DEPU
2015-04-27,Well_#4,24.0,2160,148.798,1015.13,22.36589,668.567,92.654,244183,307666,430310,112704,DEPU
2015-04-28,Well_#4,24.0,2167,148.816,1019.7,22.2122,671.049,93.043,245845,309749,433228,113558,DEPU
2015-04-29,Well_#4,24.0,2247,148.726,1018.4,17.99774,739.048,92.151,247310,311587,435682,114287,DEPU
2015-04-30,Well_#4,24.0,2229,148.779,1027.05,19.19963,720.214,93.096,248856,313493,438400,115027,DEPU
2015-05-01,Well_#4,24.0,2213,148.821,1021.36,20.02495,704.524,92.901,250475,315474,441196,115772,DEPU
2015-05-02,Well_#4,24.0,2171,148.881,1013.11,22.88707,666.376,92.194,252157,317608,444250,116664,DEPU
2015-05-03,Well_#4,24.0,2158,148.903,1009.24,23.94197,653.447,91.84,253719,319587,446996,117864,DEPU
2015-05-04,Well_#4,24.0,2157,148.903,1012.98,23.92522,651.477,93.405,255274,321552,449784,119064,DEPU
2015-05-05,Well_#4,24.0,2152,148.908,1008.4,23.99863,645.982,93.581,256807,323485,452553,120248,DEPU
2015-05-06,Well_#4,24.0,2150,148.903,1009.51,23.90559,643.275,92.887,258327,325405,455152,121395,DEPU
2015-05-07,Well_#4,24.0,2150,148.898,1004.03,23.90474,640.436,93.665,259833,327307,457918,122541,DEPU
2015-05-08,Well_#4,24.0,2150,148.893,999.018,23.95174,638.405,93.449,261334,329193,460504,123719,DEPU
2015-05-09,Well_#4,24.0,2149,148.886,989.638,23.93897,635.398,93.204,262816,331066,463091,124816,DEPU
2015-05-10,Well_#4,24.0,2148,148.879,982.615,24.00082,632.929,92.602,264289,332922,465601,125876,DEPU
2015-05-11,Well_#4,24.0,2149,148.876,993.836,24.00844,631.065,92.993,265751,334761,468178,126953,DEPU
2015-05-12,Well_#4,24.0,2149,148.874,986.147,23.98199,628.52,92.815,267188,336590,470635,128015,DEPU
2015-05-13,Well_#4,24.0,2150,148.865,983.822,23.95809,626.252,93.013,268615,338390,473191,129057,DEPU
2015-05-14,Well_#4,24.0,2153,148.855,993.489,23.4183,625.443,93.748,270032,340184,475700,130208,DEPU
2015-05-15,Well_#4,24.0,2154,148.857,982.598,23.91096,620.74,93.891,271445,341971,478243,131361,DEPU
2015-05-16,Well_#4,24.0,2154,148.86,975.795,23.91776,618.612,93.746,272839,343738,480740,132492,DEPU
2015-05-17,Well_#4,24.0,2154,148.859,977.092,23.86822,617.58,93.906,274214,345481,483141,133617,DEPU
2015-05-18,Well_#4,24.0,2153,148.858,961.03,23.95868,615.387,92.018,275582,347216,485589,134744,DEPU
2015-05-19,Well_#4,24.0,2154,148.857,954.538,23.90773,614.156,89.459,276946,348966,488004,135945,DEPU
2015-05-20,Well_#4,24.0,2155,148.855,962.893,23.91637,613.29,92.532,278291,350697,490326,137160,DEPU
2015-05-21,Well_#4,24.0,2155,148.852,963.045,23.94907,611.893,92.81,279626,352411,492645,138366,DEPU
2015-05-22,Well_#4,24.0,2157,148.85,953.301,23.87514,612.368,90.427,280971,354143,495139,139578,DEPU
2015-05-23,Well_#4,24.0,2159,148.848,963.403,23.8392,611.52,93.684,282326,355911,497698,140789,DEPU
2015-05-24,Well_#4,24.0,2159,148.845,957.292,23.87174,611.256,92.066,283683,357670,500248,142000,DEPU
2015-05-25,Well_#4,24.0,2161,148.837,955.631,23.84727,611.147,93.175,285026,359405,502689,143216,DEPU
2015-05-26,Well_#4,24.0,2156,148.843,954.333,24.3342,605.384,93.733,286371,361144,505210,144441,DEPU
2015-05-27,Well_#4,24.0,2155,148.845,951.522,24.47139,604.272,93.514,287704,362862,507618,145667,DEPU
2015-05-28,Well_#4,24.0,2155,148.844,953.523,24.44513,603.517,93.821,289025,364565,510118,146893,DEPU
2015-05-29,Well_#4,24.0,2155,148.844,942.423,24.46016,602.774,93.859,290324,366250,512500,148106,DEPU
2015-05-30,Well_#4,24.0,2153,148.849,934.384,24.79594,600.189,93.45,291660,367977,514809,149497,DEPU
2015-05-31,Well_#4,24.0,2154,148.851,931.589,24.80303,600.304,92.998,292970,369663,517170,150730,DEPU
2015-06-01,Well_#4,24.0,2153,148.854,937.79,24.96372,598.709,93.299,294260,371320,519537,151968,DEPU
2015-06-02,Well_#4,24.0,2153,148.854,933.168,24.95014,598.086,91.935,295543,372965,521905,153204,DEPU
2015-06-03,Well_#4,24.0,2154,148.853,937.489,24.76854,597.738,92.839,296821,374596,524160,154436,DEPU
2015-06-04,Well_#4,24.0,2154,148.853,927.003,24.88207,596.733,90.793,298088,376230,526406,155670,DEPU
2015-06-05,Well_#4,24.0,2155,148.849,927.928,24.8745,596.339,92.081,299361,377874,528602,156906,DEPU
2015-06-06,Well_#4,24.0,2156,148.855,928.125,24.88179,596.145,92.532,300638,379486,530795,158137,DEPU
2015-06-07,Well_#4,24.0,2158,148.869,927.484,24.86383,596.564,92.166,301894,381088,533026,159373,DEPU
2015-06-08,Well_#4,24.0,2159,148.868,934.916,24.68045,595.826,94.089,303131,382709,535221,160603,DEPU
2015-06-09,Well_#4,24.0,2159,148.867,929.201,24.74995,595.469,92.88,304347,384328,537405,161837,DEPU
2015-06-10,Well_#4,24.0,2159,148.868,922.718,24.85224,594.369,91.871,305577,385944,539638,163073,DEPU
2015-06-11,Well_#4,24.0,2160,148.874,923.536,24.8358,593.787,92.93,306798,387551,541947,164307,DEPU
2015-06-12,Well_#4,24.0,2159,148.87,920.649,24.76583,593.059,92.335,308000,389150,544159,165479,DEPU
2015-06-13,Well_#4,24.0,2160,148.864,925.339,24.73385,592.034,93.439,309211,390740,546350,166696,DEPU
2015-06-14,Well_#4,24.0,2160,148.862,922.444,24.85149,590.913,93.297,310416,392334,548641,167914,DEPU
2015-06-15,Well_#4,24.0,2160,148.858,913.673,24.79701,589.893,91.985,311622,393924,550885,169130,DEPU
2015-06-16,Well_#4,24.0,2161,148.855,911.441,24.7725,589.766,90.57,312827,395497,553006,170347,DEPU
2015-06-17,Well_#4,24.0,2162,148.852,919.927,24.6939,588.572,93.898,314027,397043,555222,171538,DEPU
2015-06-18,Well_#4,24.0,2163,148.851,909.802,24.73077,587.719,93.946,315212,398585,557473,172729,DEPU
2015-06-19,Well_#4,24.0,2164,148.846,899.962,24.71768,587.336,92.166,316405,400125,559696,173878,DEPU
2015-06-20,Well_#4,24.0,2164,148.846,897.522,24.24979,587.281,89.582,317597,401665,561780,175143,DEPU
2015-06-21,Well_#4,24.0,2164,148.842,894.489,24.77058,586.085,91.293,318802,403217,563919,176381,DEPU
2015-06-22,Well_#4,24.0,2165,148.839,883.691,24.25881,584.959,91.344,319981,404741,565968,177572,DEPU
2015-06-23,Well_#4,24.0,2165,148.843,876.103,24.2313,584.222,91.567,321158,406249,568106,178748,DEPU
2015-06-24,Well_#4,24.0,2164,148.848,864.451,24.70406,583.084,92.2,322321,407733,570134,179961,DEPU
2015-06-25,Well_#4,24.0,2163,148.844,855.931,24.69037,581.343,92.735,323481,409222,572169,181162,DEPU
2015-06-26,Well_#4,24.0,2162,148.83,844.042,24.73742,579.436,92.713,324640,410705,574171,182358,DEPU
2015-06-27,Well_#4,14.28,2167,148.821,22.455,15.65121,576.894,91.097,325311,411581,575354,183136,DEPU
2015-06-28,Well_#4,0.0,2135,146.665,0.0,1.072,0.185,21.962,325311,411581,575354,183136,DEPU
2015-06-29,Well_#4,0.0,2340,146.099,0.0,0.86188,1.401,17.251,325311,411581,575354,183136,DEPU
2015-06-30,Well_#4,0.0,2189,138.993,0.0,0.84544,2.651,17.699,325311,411581,575354,183136,DEPU
2015-07-01,Well_#4,0.0,2265,145.588,0.0,0.87444,3.249,17.694,325311,411581,575354,183136,DEPU
2015-07-02,Well_#4,17.74,2243,147.659,292.835,8.13805,998.004,73.786,325758,412246,576320,183838,DEPU
2015-07-03,Well_#4,24.0,2249,148.595,784.0,25.69489,598.423,94.868,326912,413840,578477,185153,DEPU
2015-07-04,Well_#4,24.0,2175,148.785,780.802,29.5901,537.603,94.863,328105,415410,580725,186476,DEPU
2015-07-05,Well_#4,24.0,2186,148.731,775.288,27.28412,569.039,94.313,329204,416900,582778,187747,DEPU
2015-07-06,Well_#4,24.0,2264,148.531,764.522,23.21283,619.953,90.731,330159,418172,584615,188939,DEPU
2015-07-07,Well_#4,24.0,2157,148.707,767.87,27.44449,544.913,93.389,331238,419573,586497,190238,DEPU
2015-07-08,Well_#4,24.0,2153,148.686,767.104,27.46599,543.115,93.806,332282,420917,588389,191423,DEPU
2015-07-09,Well_#4,24.0,2151,148.676,765.167,27.4729,542.452,94.118,333318,422248,590205,192663,DEPU
2015-07-10,Well_#4,24.0,2149,148.669,762.576,27.49162,541.981,94.291,334346,423570,591975,193924,DEPU
2015-07-11,Well_#4,24.0,2149,148.672,765.941,27.22283,543.267,94.279,335374,424888,593860,195187,DEPU
2015-07-12,Well_#4,24.0,2151,148.674,757.282,26.95543,545.699,92.985,336398,426202,595777,196477,DEPU
2015-07-13,Well_#4,24.0,2152,148.672,748.808,26.97215,545.572,91.635,337426,427529,597572,197767,DEPU
2015-07-14,Well_#4,24.0,2152,148.67,740.913,26.96183,545.175,91.456,338467,428854,599412,199045,DEPU
2015-07-15,Well_#4,24.0,2152,148.668,739.208,27.00691,544.321,92.429,339500,430165,601198,200325,DEPU
2015-07-16,Well_#4,24.0,2151,148.67,731.12,26.96444,543.955,92.874,340505,431459,602937,201599,DEPU
2015-07-17,Well_#4,24.0,2150,148.674,730.537,27.02111,543.342,93.691,341546,432782,604859,202868,DEPU
2015-07-18,Well_#4,24.0,2149,148.68,728.268,27.06959,543.158,93.395,342597,434113,606670,204131,DEPU
2015-07-19,Well_#4,24.0,2149,148.685,720.739,26.98082,542.315,94.339,343638,435439,608435,205404,DEPU
2015-07-20,Well_#4,24.0,2149,148.691,715.604,27.00518,542.089,94.329,344721,436799,610285,206590,DEPU
2015-07-21,Well_#4,24.0,2149,148.692,713.384,27.03064,541.744,94.376,345772,438115,612062,207753,DEPU
2015-07-22,Well_#4,24.0,2150,148.691,715.352,26.99472,542.588,94.217,346779,439413,613964,208855,DEPU
2015-07-23,Well_#4,24.0,2151,148.69,705.535,27.0088,542.584,93.351,347845,440791,615891,209996,DEPU
2015-07-24,Well_#4,22.72,2265,147.306,690.023,19.04029,640.899,89.947,348656,441878,617461,210873,DEPU
2015-07-25,Well_#4,24.0,2165,148.728,704.986,26.49395,552.367,93.684,349726,443263,619319,212102,DEPU
2015-07-26,Well_#4,24.0,2158,148.721,700.809,26.97748,545.589,91.498,350795,444646,621215,213353,DEPU
2015-07-27,Well_#4,24.0,2157,148.707,698.296,26.9823,544.137,92.748,351863,446044,623159,214701,DEPU
2015-07-28,Well_#4,24.0,2160,148.687,703.032,26.59803,545.113,94.023,352934,447431,625062,216044,DEPU
2015-07-29,Well_#4,24.0,2162,148.678,706.454,26.47622,545.721,93.46,353990,448819,626932,217386,DEPU
2015-07-30,Well_#4,24.0,2164,148.673,699.3,26.49747,546.257,92.03,355043,450192,628821,218720,DEPU
2015-07-31,Well_#4,24.0,2165,148.67,696.153,25.90304,546.195,90.292,356094,451566,630741,219996,DEPU
2015-08-01,Well_#4,24.0,2162,148.673,701.628,26.19897,543.582,92.49,357183,452984,632792,221250,DEPU
2015-08-02,Well_#4,24.0,2156,148.682,701.611,26.08514,537.765,93.577,358287,454426,634765,222545,DEPU
2015-08-03,Well_#4,24.0,2153,148.693,700.587,24.12295,533.853,93.599,359405,455883,636884,223839,DEPU
2015-08-04,Well_#4,24.0,2114,148.739,702.134,27.9552,501.656,93.81,360567,457401,639114,225237,DEPU
2015-08-05,Well_#4,24.0,2110,148.741,706.643,28.12838,497.306,94.573,361727,458907,641223,226621,DEPU
2015-08-06,Well_#4,24.0,2107,148.743,698.909,28.3458,496.356,92.534,362878,460413,643434,228014,DEPU
2015-08-07,Well_#4,24.0,2108,148.739,689.006,28.3406,495.646,90.016,364023,461913,645598,229404,DEPU
2015-08-08,Well_#4,24.0,2107,148.74,685.696,28.43142,494.619,91.222,365172,463409,647626,230787,DEPU
2015-08-09,Well_#4,24.0,2108,148.742,690.298,28.8448,494.19,92.501,366306,464896,649742,232170,DEPU
2015-08-10,Well_#4,24.0,2065,148.82,705.177,42.44378,459.098,94.724,367495,466438,651914,233653,DEPU
2015-08-11,Well_#4,24.0,2055,148.857,698.814,43.82959,449.313,94.343,368682,467981,654093,235148,DEPU
2015-08-12,Well_#4,24.0,2050,148.861,687.781,43.44669,447.288,92.135,369873,469526,656210,236641,DEPU
2015-08-13,Well_#4,24.0,2051,148.849,682.31,43.04646,448.264,92.87,371049,471065,658268,238136,DEPU
2015-08-14,Well_#4,23.17,2143,148.722,679.37,32.77104,517.58,91.737,372086,472435,660203,239596,DEPU
2015-08-15,Well_#4,24.0,2090,148.839,682.665,35.06368,476.702,94.118,373228,473908,662180,241097,DEPU
2015-08-16,Well_#4,24.0,2078,148.844,677.272,46.10846,468.156,93.902,374378,475416,664237,242592,DEPU
2015-08-17,Well_#4,24.0,2050,148.879,674.356,45.38304,445.492,95.321,375561,476948,666485,244164,DEPU
2015-08-18,Well_#4,24.0,2049,148.869,665.614,44.70346,445.613,95.386,376730,478455,668602,245697,DEPU
2015-08-19,Well_#4,24.0,2049,148.862,661.989,43.39151,445.686,95.324,377903,479951,670773,247219,DEPU
2015-08-20,Well_#4,24.0,2053,148.841,658.503,42.94065,447.97,95.079,379038,481414,672922,248717,DEPU
2015-08-21,Well_#4,24.0,2054,148.836,649.714,42.98139,448.792,94.846,380176,482878,675017,250169,DEPU
2015-08-22,Well_#4,24.0,2052,148.836,640.144,42.94778,447.577,92.467,381305,484331,677096,251652,DEPU
2015-08-23,Well_#4,24.0,2054,148.815,633.029,42.95432,446.124,91.88,382434,485781,679201,253062,DEPU
2015-08-24,Well_#4,24.0,2055,148.801,630.707,42.96868,445.454,93.016,383550,487221,681154,254512,DEPU
2015-08-25,Well_#4,24.0,2059,148.792,625.136,42.96336,448.005,92.696,384652,488653,683114,256066,DEPU
2015-08-26,Well_#4,24.0,2058,148.795,620.636,42.8856,446.863,93.188,385817,490147,685268,257628,DEPU
2013-09-10,Well_#5,24.0,2376,159.292,16.095,99.96043,458.021,78.592,1304,801,801,2098,MAKO
2013-09-11,Well_#5,24.0,2373,159.29,16.244,99.99564,456.237,80.747,2597,1600,1600,4220,MAKO
2013-09-12,Well_#5,24.0,2362,159.305,16.281,100.0,448.53,80.252,3957,2426,2426,6402,MAKO
2013-09-13,Well_#5,24.0,2372,159.287,16.154,100.0,457.053,79.297,5253,3217,3217,8616,MAKO
2013-09-14,Well_#5,24.0,2380,159.262,16.12,100.0,467.503,78.554,6540,4003,4003,10808,MAKO
2013-09-15,Well_#5,24.0,2373,159.257,16.053,100.0,467.079,80.542,7854,4808,4808,13028,MAKO
2013-09-16,Well_#5,24.0,2372,159.253,16.302,100.0,470.951,81.038,9175,5605,5605,15381,MAKO
2013-09-17,Well_#5,24.0,2373,159.264,16.059,97.91667,475.105,78.218,10497,6403,6403,17605,MAKO
2013-09-18,Well_#5,24.0,2374,159.263,16.071,100.0,475.652,77.397,11809,7195,7195,19745,MAKO
2013-09-19,Well_#5,24.0,2356,159.279,16.188,100.0,462.375,80.988,13107,7999,7999,21890,MAKO
2013-09-20,Well_#5,24.0,2344,159.28,16.189,100.0,453.855,81.262,14446,8826,8826,24041,MAKO
2013-09-21,Well_#5,24.0,2351,159.248,16.1,100.0,460.084,80.826,15727,9617,9617,26146,MAKO
2013-09-22,Well_#5,24.0,2361,159.211,15.985,100.0,469.277,80.34,17043,10427,10427,28208,MAKO
2013-09-23,Well_#5,24.0,2366,159.203,16.077,100.0,470.532,80.63,18324,11211,11211,30301,MAKO
2013-09-24,Well_#5,24.0,2365,159.201,16.042,100.0,467.993,79.394,19609,11993,11993,32402,MAKO
2013-09-25,Well_#5,24.0,2368,159.187,15.987,100.0,467.973,80.613,20881,12764,12764,34415,MAKO
2013-09-26,Well_#5,24.0,2369,159.174,15.923,100.0,467.874,80.487,22140,13530,13530,36404,MAKO
2013-09-27,Well_#5,24.0,2368,159.157,15.867,100.0,466.212,79.521,23391,14292,14292,38414,MAKO
2013-09-28,Well_#5,24.0,2372,159.134,15.768,100.0,467.661,78.613,24632,15042,15042,40393,MAKO
2013-09-29,Well_#5,24.0,2372,159.119,15.668,100.0,466.687,78.759,25863,15797,15797,42360,MAKO
2013-09-30,Well_#5,24.0,2372,159.104,15.582,100.0,465.861,79.515,27081,16540,16540,44324,MAKO
2013-10-01,Well_#5,24.0,2372,159.089,15.572,100.0,463.856,80.368,28289,17276,17276,46262,MAKO
2013-10-02,Well_#5,24.0,2373,159.074,15.649,100.0,463.276,80.359,29480,18005,18005,48180,MAKO
2013-10-03,Well_#5,24.0,2377,159.055,15.572,100.0,465.107,78.144,30666,18725,18725,50093,MAKO
2013-10-04,Well_#5,24.0,2378,159.038,15.61,100.0,465.197,80.362,31855,19451,19451,52017,MAKO
2013-10-05,Well_#5,24.0,2370,159.032,15.51,100.0,457.942,79.064,33024,20195,20195,54002,MAKO
2013-10-06,Well_#5,24.0,2374,159.017,15.47,100.0,458.621,77.27,34245,20949,20949,56034,MAKO
2013-10-07,Well_#5,24.0,2377,159.011,15.468,100.0,458.387,80.496,35449,21690,21690,58107,MAKO
2013-10-08,Well_#5,24.0,2383,159.007,15.549,100.0,461.837,80.228,36664,22439,22439,60212,MAKO
2013-10-09,Well_#5,24.0,2390,159.006,15.454,100.0,465.727,79.139,37875,23185,23185,62325,MAKO
2013-10-10,Well_#5,20.17,2536,158.745,15.076,39.14916,553.547,72.972,38848,23792,23792,64493,MAKO
2013-10-11,Well_#5,24.0,2464,158.969,15.472,31.34392,522.857,77.656,40016,24496,24496,66663,MAKO
2013-10-12,Well_#5,24.0,2425,159.018,15.524,44.11448,489.589,80.391,41237,25239,25239,68801,MAKO
2013-10-13,Well_#5,24.0,2397,159.048,15.595,71.79522,464.697,81.362,42458,25980,25980,70840,MAKO
2013-10-14,Well_#5,24.0,2389,159.044,15.56,100.0,456.487,81.321,43682,26721,26721,72874,MAKO
2013-10-15,Well_#5,24.0,2387,159.026,15.514,100.0,454.13,80.326,44895,27457,27457,74911,MAKO
2013-10-16,Well_#5,24.0,2385,159.01,15.409,100.0,452.427,79.807,46101,28188,28188,77012,MAKO
2013-10-17,Well_#5,24.0,2385,158.993,15.295,100.0,451.65,79.471,47292,28913,28913,79095,MAKO
2013-10-18,Well_#5,24.0,2384,158.976,15.341,100.0,450.0,78.964,48492,29640,29640,81177,MAKO
2013-10-19,Well_#5,24.0,2384,158.961,15.27,100.0,448.679,77.925,49674,30359,30359,83262,MAKO
2013-10-20,Well_#5,24.0,2385,158.959,15.247,100.0,446.996,78.405,50847,31071,31071,85313,MAKO
2013-10-21,Well_#5,24.0,2385,158.95,15.207,100.0,445.225,77.831,52002,31777,31777,87353,MAKO
2013-10-22,Well_#5,24.0,2387,158.939,15.153,100.0,444.738,77.375,53152,32477,32477,89379,MAKO
2013-10-23,Well_#5,24.0,2388,158.93,15.147,100.0,443.814,78.612,54290,33170,33170,91396,MAKO
2013-10-24,Well_#5,24.0,2385,158.925,15.089,97.91667,440.189,77.258,55426,33866,33866,93435,MAKO
2013-10-25,Well_#5,24.0,2385,158.917,15.033,100.0,438.568,77.74,56551,34558,34558,95447,MAKO
2013-10-26,Well_#5,24.0,2387,158.906,15.079,97.91667,437.443,79.409,57671,35242,35242,97439,MAKO
2013-10-27,Well_#5,24.0,2388,158.895,15.041,100.0,436.57,79.483,58782,35925,35925,99437,MAKO
2013-10-28,Well_#5,24.0,2392,158.886,14.966,100.0,436.972,78.528,59868,36604,36604,101395,MAKO
2013-10-29,Well_#5,24.0,2391,158.88,14.936,100.0,435.529,78.059,60966,37281,37281,103378,MAKO
2013-10-30,Well_#5,24.0,2393,158.873,14.842,100.0,434.823,77.822,62055,37955,37955,105340,MAKO
2013-10-31,Well_#5,24.0,2394,158.866,14.787,100.0,434.312,78.253,63143,38626,38626,107288,MAKO
2013-11-01,Well_#5,24.0,2395,158.859,14.845,100.0,433.863,78.429,64223,39294,39294,109239,MAKO
2013-11-02,Well_#5,24.0,2396,158.852,14.9,100.0,433.496,79.343,65298,39956,39956,111182,MAKO
2013-11-03,Well_#5,24.0,2401,158.844,14.728,100.0,435.387,77.63,66351,40610,40610,113105,MAKO
2013-11-04,Well_#5,21.67,2517,158.648,13.779,72.05367,583.331,65.468,67119,41085,41085,114566,MAKO
2013-11-05,Well_#5,24.0,2555,158.552,13.998,67.30765,520.525,67.32,67973,41639,41639,116488,MAKO
2013-11-06,Well_#5,24.0,2410,158.867,14.759,100.0,436.841,78.874,69038,42327,42327,118590,MAKO
2013-11-07,Well_#5,24.0,2412,158.839,17.459,100.0,436.77,78.95,70087,43011,43011,120853,MAKO
2013-11-08,Well_#5,24.0,2412,158.83,20.863,100.0,435.272,78.338,71142,43694,43694,122957,MAKO
2013-11-09,Well_#5,24.0,2418,158.821,20.997,100.0,437.437,78.604,72205,44374,44374,125096,MAKO
2013-11-10,Well_#5,24.0,2421,158.822,20.939,100.0,438.874,78.402,73271,45057,45057,127237,MAKO
2013-11-11,Well_#5,24.0,2425,158.827,20.945,100.0,439.744,78.282,74340,45743,45743,129395,MAKO
2013-11-12,Well_#5,24.0,2431,158.832,21.106,100.0,442.628,80.027,75420,46433,46433,131564,MAKO
2013-11-13,Well_#5,24.0,2437,158.835,21.325,100.0,443.59,80.678,76506,47125,47125,133777,MAKO
2013-11-14,Well_#5,23.33,2493,158.758,21.221,81.80433,477.146,80.176,77481,47747,47747,135954,MAKO
2013-11-15,Well_#5,24.0,2448,158.866,21.387,100.0,449.437,81.115,78577,48423,48423,138221,MAKO
2013-11-16,Well_#5,24.0,2444,158.868,21.301,100.0,444.321,80.74,79672,49105,49105,140606,MAKO
2013-11-17,Well_#5,24.0,2443,158.863,21.19,100.0,441.347,81.017,80761,49781,49781,142880,MAKO
2013-11-18,Well_#5,24.0,2442,158.853,21.487,100.0,438.884,81.239,81839,50450,50450,145078,MAKO
2013-11-19,Well_#5,24.0,2444,158.839,21.297,100.0,439.118,80.908,82909,51116,51116,147359,MAKO
2013-11-20,Well_#5,24.0,2448,158.824,21.225,100.0,440.684,80.983,83946,51761,51761,149652,MAKO
2013-11-21,Well_#5,20.83,2487,158.727,21.255,86.41695,449.004,79.904,84831,52335,52335,151766,MAKO
2013-11-22,Well_#5,24.0,2478,158.79,21.286,99.98955,459.923,80.546,85831,52956,52956,154023,MAKO
2013-11-23,Well_#5,24.0,2472,158.783,21.028,99.99033,455.296,79.121,86818,53578,53578,156345,MAKO
2013-11-24,Well_#5,24.0,2456,158.795,21.147,100.0,441.936,78.999,87835,54211,54211,158741,MAKO
2013-11-25,Well_#5,24.0,2447,158.798,21.216,99.98994,432.879,80.172,88865,54849,54849,161129,MAKO
2013-11-26,Well_#5,22.67,2511,158.705,20.951,71.30567,475.663,77.389,89884,55390,55390,163192,MAKO
2013-11-27,Well_#5,24.0,2536,158.634,20.802,75.77978,476.988,75.076,90793,55968,55968,165365,MAKO
2013-11-28,Well_#5,24.0,2451,158.804,21.262,100.0,433.168,81.444,91841,56614,56614,167760,MAKO
2013-11-29,Well_#5,24.0,2451,158.787,21.053,100.0,431.431,78.909,92840,57239,57239,170139,MAKO
2013-11-30,Well_#5,24.0,2451,158.781,20.938,100.0,430.576,76.747,93844,57863,57863,172516,MAKO
2013-12-01,Well_#5,24.0,2452,158.769,20.895,100.0,430.534,77.348,94842,58483,58483,174881,MAKO
2013-12-02,Well_#5,24.0,2452,158.756,21.093,100.0,428.177,80.984,95826,59094,59094,177219,MAKO
2013-12-03,Well_#5,24.0,2454,158.74,21.014,100.0,429.025,78.449,96800,59703,59703,179559,MAKO
2013-12-04,Well_#5,24.0,2456,158.731,20.876,100.0,429.269,77.965,97775,60309,60309,181884,MAKO
2013-12-05,Well_#5,24.0,2458,158.724,21.008,100.0,429.671,80.497,98734,60910,60910,184181,MAKO
2013-12-06,Well_#5,23.58,2525,158.599,20.948,77.456,466.71,78.934,99549,61423,61423,186194,MAKO
2013-12-07,Well_#5,24.0,2470,158.713,21.071,92.01064,437.951,78.276,100508,62029,62029,188534,MAKO
2013-12-08,Well_#5,24.0,2459,158.726,22.15,100.0,427.177,79.375,101473,62627,62627,190870,MAKO
2013-12-09,Well_#5,24.0,2461,158.71,28.975,100.0,427.49,77.957,102416,63225,63225,193187,MAKO
2013-12-10,Well_#5,24.0,2465,158.697,29.11,100.0,428.057,79.446,103357,63823,63823,195489,MAKO
2013-12-11,Well_#5,24.0,2469,158.688,29.194,100.0,429.474,80.585,104303,64427,64427,197805,MAKO
2013-12-12,Well_#5,24.0,2476,158.675,29.339,100.0,432.713,81.253,105237,65006,65006,200080,MAKO
2013-12-13,Well_#5,24.0,2486,158.653,29.202,100.0,439.349,80.674,106183,65596,65596,202311,MAKO
2013-12-14,Well_#5,24.0,2490,158.641,29.106,100.0,440.615,78.812,107078,66151,66151,204550,MAKO
2013-12-15,Well_#5,24.0,2493,158.632,29.328,100.0,440.874,80.773,107946,66691,66691,206786,MAKO
2013-12-16,Well_#5,24.0,2498,158.618,29.195,100.0,442.839,80.743,108831,67246,67246,208975,MAKO
2013-12-17,Well_#5,24.0,2499,158.612,29.115,100.0,441.427,80.732,109713,67797,67797,211156,MAKO
2013-12-18,Well_#5,24.0,2501,158.605,28.943,100.0,441.372,77.594,110586,68344,68344,213329,MAKO
2013-12-19,Well_#5,24.0,2505,158.595,28.864,100.0,442.113,77.578,111455,68886,68886,215479,MAKO
2013-12-20,Well_#5,24.0,2508,158.588,29.292,100.0,441.439,80.499,112310,69424,69424,217617,MAKO
2013-12-21,Well_#5,24.0,2506,158.587,29.0,100.0,439.127,78.044,113135,69943,69943,219798,MAKO
2013-12-22,Well_#5,24.0,2505,158.583,28.893,100.0,435.647,79.335,113989,70473,70473,222020,MAKO
2013-12-23,Well_#5,24.0,2510,158.573,28.854,100.0,435.912,80.018,114801,70990,70990,224257,MAKO
2013-12-24,Well_#5,24.0,2506,158.582,28.978,100.0,430.453,80.875,115629,71521,71521,226561,MAKO
2013-12-25,Well_#5,24.0,2512,158.581,28.965,100.0,432.189,80.299,116456,72050,72050,228887,MAKO
2013-12-26,Well_#5,24.0,2517,158.583,29.085,100.0,433.235,80.484,117281,72576,72576,231250,MAKO
2013-12-27,Well_#5,24.0,2529,158.582,29.186,100.0,438.781,80.657,118123,73109,73109,233662,MAKO
2013-12-28,Well_#5,24.0,2515,158.624,29.532,100.0,427.216,81.353,119038,73701,73701,236149,MAKO
2013-12-29,Well_#5,24.0,2523,158.63,29.572,100.0,429.003,81.298,119947,74290,74290,238641,MAKO
2013-12-30,Well_#5,24.0,2531,158.632,29.602,100.0,432.098,81.6,120867,74880,74880,241141,MAKO
2013-12-31,Well_#5,24.0,2537,158.643,29.348,100.0,433.501,79.446,121781,75467,75467,243830,MAKO
2014-01-01,Well_#5,24.0,2541,158.655,29.044,100.0,434.611,79.12,122708,76052,76052,246405,MAKO
2014-01-02,Well_#5,24.0,2544,158.662,29.533,100.0,433.171,81.42,123623,76629,76629,248974,MAKO
2014-01-03,Well_#5,24.0,2546,158.663,29.554,100.0,432.343,81.704,124527,77204,77204,251531,MAKO
2014-01-04,Well_#5,24.0,2547,158.662,29.51,100.0,431.591,81.344,125425,77773,77773,254066,MAKO
2014-01-05,Well_#5,24.0,2548,158.661,29.555,100.0,430.0,81.37,126311,78337,78337,256606,MAKO
2014-01-06,Well_#5,24.0,2549,158.657,29.497,100.0,429.378,81.163,127195,78898,78898,259140,MAKO
2014-01-07,Well_#5,24.0,2551,158.655,29.419,100.0,428.421,81.513,128069,79455,79455,261656,MAKO
2014-01-08,Well_#5,24.0,2553,158.648,29.403,100.0,428.842,80.308,128934,80008,80008,264155,MAKO
2014-01-09,Well_#5,24.0,2557,158.641,29.342,100.0,428.948,80.73,129788,80554,80554,266639,MAKO
2014-01-10,Well_#5,24.0,2559,158.636,29.374,100.0,428.547,80.767,130641,81096,81096,269114,MAKO
2014-01-11,Well_#5,24.0,2561,158.629,29.234,100.0,428.231,79.912,131484,81634,81634,271574,MAKO
2014-01-12,Well_#5,24.0,2556,158.634,29.172,100.0,423.257,79.227,132324,82171,82171,274179,MAKO
2014-01-13,Well_#5,24.0,2571,158.607,29.317,100.0,430.693,79.173,133134,82697,82697,276635,MAKO
2014-01-14,Well_#5,24.0,2556,158.633,29.576,100.0,418.989,81.37,133968,83231,83231,279144,MAKO
2014-01-15,Well_#5,24.0,2558,158.627,29.396,100.0,418.119,81.694,134795,83761,83761,281645,MAKO
2014-01-16,Well_#5,24.0,2560,158.621,30.013,100.0,417.742,81.608,135631,84301,84301,284135,MAKO
2014-01-17,Well_#5,24.0,2562,158.616,33.971,100.0,417.201,81.67,136425,84812,84812,286470,MAKO
2014-01-18,Well_#5,24.0,2568,158.604,32.899,100.0,418.983,81.67,137207,85323,85323,288940,MAKO
2014-01-19,Well_#5,24.0,2568,158.603,32.86,100.0,417.255,81.571,137983,85833,85833,291436,MAKO
2014-01-20,Well_#5,24.0,2572,158.597,32.811,100.0,418.161,81.685,138763,86340,86340,293924,MAKO
2014-01-21,Well_#5,24.0,2579,158.586,32.808,100.0,420.577,81.68,139535,86844,86844,296384,MAKO
2014-01-22,Well_#5,24.0,2580,158.584,32.94,100.0,419.951,81.816,140282,87327,87327,298825,MAKO
2014-01-23,Well_#5,24.0,2586,158.577,33.127,100.0,421.247,81.6,141024,87804,87804,301271,MAKO
2014-01-24,Well_#5,24.0,2589,158.572,32.894,100.0,422.279,79.744,141772,88289,88289,303721,MAKO
2014-01-25,Well_#5,24.0,2589,158.571,32.871,100.0,420.19,81.041,142523,88778,88778,306174,MAKO
2014-01-26,Well_#5,24.0,2596,158.561,32.568,100.0,423.034,78.796,143259,89263,89263,308592,MAKO
2014-01-27,Well_#5,23.0,2603,158.549,32.532,100.0,425.581,77.651,143959,89728,89728,310891,MAKO
2014-01-28,Well_#5,24.0,2606,158.545,32.698,100.0,425.758,80.195,144679,90205,90205,313281,MAKO
2014-01-29,Well_#5,24.0,2608,158.545,32.879,100.0,423.965,81.418,145403,90679,90679,315685,MAKO
2014-01-30,Well_#5,24.0,2610,158.544,33.04,100.0,423.637,81.366,146111,91143,91143,318092,MAKO
2014-01-31,Well_#5,24.0,2618,158.535,32.921,100.0,425.819,81.22,146804,91595,91595,320467,MAKO
2014-02-01,Well_#5,24.0,2622,158.531,32.651,100.0,426.983,79.393,147486,92039,92039,322830,MAKO
2014-02-02,Well_#5,24.0,2625,158.535,32.859,100.0,426.671,79.647,148157,92481,92481,325192,MAKO
2014-02-03,Well_#5,24.0,2625,158.545,32.89,100.0,424.911,80.363,148833,92923,92923,327551,MAKO
2014-02-04,Well_#5,24.0,2623,158.552,32.955,100.0,420.792,80.843,149510,93363,93363,330053,MAKO
2014-02-05,Well_#5,24.0,2623,158.557,32.859,100.0,418.49,80.932,150184,93805,93805,332449,MAKO
2014-02-06,Well_#5,22.83,2680,158.415,32.439,79.94593,429.919,77.831,150742,94180,94180,334518,MAKO
2014-02-07,Well_#5,24.0,2630,158.582,32.952,99.99938,416.398,81.602,151411,94612,94612,336997,MAKO
2014-02-08,Well_#5,24.0,2621,158.613,33.039,99.99408,409.744,81.536,152030,95020,95020,339329,MAKO
2014-02-09,Well_#5,24.0,2625,158.617,32.898,99.98817,408.793,81.183,152633,95418,95418,341636,MAKO
2014-02-10,Well_#5,24.0,2629,158.622,32.772,99.99642,407.901,80.162,153233,95810,95810,343919,MAKO
2014-02-11,Well_#5,24.0,2632,158.624,32.953,99.99742,407.588,80.601,153820,96200,96200,346196,MAKO
2014-02-12,Well_#5,24.0,2635,158.625,32.927,100.0,406.808,80.305,154388,96578,96578,348467,MAKO
2014-02-13,Well_#5,24.0,2636,158.629,32.819,99.99907,406.659,80.786,154956,96954,96954,350717,MAKO
2014-02-14,Well_#5,24.0,2637,158.635,32.948,99.99484,406.43,81.355,155527,97327,97327,352967,MAKO
2014-02-15,Well_#5,24.0,2637,158.64,32.826,99.98743,406.289,81.162,156082,97697,97697,355212,MAKO
2014-02-16,Well_#5,1.99,2698,158.651,32.582,6.4448,469.657,80.064,156105,97714,97714,355301,MAKO
2014-02-17,Well_#5,0.0,2896,156.021,17.895,0.90854,782.652,16.363,156105,97714,97714,355301,MAKO
2014-02-18,Well_#5,10.59,2792,156.77,27.876,14.24149,529.869,60.783,156267,97830,97830,356050,MAKO
2014-02-19,Well_#5,24.0,2651,156.82,32.534,100.0,415.295,82.518,156570,98030,98030,359051,MAKO
2014-02-20,Well_#5,13.49,2628,156.716,32.644,54.69164,421.763,82.322,156721,98133,98133,360577,MAKO
2014-02-21,Well_#5,0.0,2906,155.59,19.055,1.13569,435.99,17.273,156721,98133,98133,360577,MAKO
2014-02-22,Well_#5,0.0,2933,155.135,17.026,1.00429,732.662,14.696,156721,98133,98133,360577,MAKO
2014-02-23,Well_#5,2.17,2901,155.962,19.133,1.94828,912.277,31.061,156786,98175,98175,360634,MAKO
2014-02-24,Well_#5,24.0,2661,157.005,31.444,60.0721,485.002,77.543,157247,98473,98473,363340,MAKO
2014-02-25,Well_#5,24.0,2823,157.138,32.712,99.94905,414.197,82.298,157726,98780,98780,365957,MAKO
2014-02-26,Well_#5,24.0,2786,157.241,32.596,99.94954,410.452,82.533,158215,99093,99093,368550,MAKO
2014-02-27,Well_#5,24.0,2758,157.294,32.579,99.94696,408.844,82.485,158697,99404,99404,371101,MAKO
2014-02-28,Well_#5,24.0,2736,157.386,32.577,100.0,407.183,82.074,159184,99711,99711,373625,MAKO
2014-03-01,Well_#5,24.0,2724,157.408,32.283,100.0,408.761,81.324,159709,100043,100043,376021,MAKO
2014-03-02,Well_#5,24.0,2712,157.437,32.353,100.0,408.518,82.069,160233,100373,100373,378398,MAKO
2014-03-03,Well_#5,24.0,2708,157.457,32.089,100.0,410.756,80.189,160744,100703,100703,380750,MAKO
2014-03-04,Well_#5,24.0,2702,157.497,32.047,100.0,412.647,80.068,161274,101044,101044,383110,MAKO
2014-03-05,Well_#5,24.0,2694,157.557,32.287,100.0,408.822,81.616,161803,101384,101384,385489,MAKO
2014-03-06,Well_#5,24.0,2688,157.632,32.214,100.0,410.295,81.179,162328,101718,101718,387880,MAKO
2014-03-07,Well_#5,24.0,2684,157.675,32.138,100.0,409.408,81.087,162856,102052,102052,390282,MAKO
2014-03-08,Well_#5,24.0,2684,157.698,32.277,100.0,411.099,81.16,163387,102385,102385,392668,MAKO
2014-03-09,Well_#5,24.0,2683,157.71,32.454,100.0,410.988,82.232,163915,102719,102719,395049,MAKO
2014-03-10,Well_#5,24.0,2683,157.711,32.307,100.0,413.925,82.01,164441,103051,103051,397421,MAKO
2014-03-11,Well_#5,24.0,2684,157.712,32.329,100.0,412.781,80.979,164960,103380,103380,399810,MAKO
2014-03-12,Well_#5,24.0,2686,157.717,32.433,100.0,412.044,82.8,165474,103705,103705,402976,MAKO
2014-03-13,Well_#5,24.0,2687,157.723,32.377,100.0,411.774,82.908,165985,104029,104029,405307,MAKO
2014-03-14,Well_#5,24.0,2688,157.726,32.426,100.0,411.68,82.731,166493,104352,104352,407637,MAKO
2014-03-15,Well_#5,24.0,2688,157.73,32.086,100.0,411.903,82.154,166996,104672,104672,409968,MAKO
2014-03-16,Well_#5,24.0,2689,157.733,32.038,100.0,412.004,81.669,167496,104989,104989,412286,MAKO
2014-03-17,Well_#5,24.0,2694,157.724,32.232,100.0,415.57,81.771,167960,105289,105289,414461,MAKO
2014-03-18,Well_#5,24.0,2691,157.742,32.428,100.0,412.198,82.456,168463,105521,105521,416809,MAKO
2014-03-19,Well_#5,24.0,2691,157.749,32.485,100.0,412.067,82.527,168958,105838,105838,419117,MAKO
2014-03-20,Well_#5,24.0,2692,157.752,32.494,100.0,411.88,82.262,169450,106155,106155,421416,MAKO
2014-03-21,Well_#5,24.0,2692,157.755,32.25,100.0,411.603,82.315,169938,106469,106469,423707,MAKO
2014-03-22,Well_#5,24.0,2693,157.758,32.349,100.0,411.331,81.827,170425,106779,106779,425994,MAKO
2014-03-23,Well_#5,24.0,2694,157.759,32.252,100.0,411.384,81.804,170905,107083,107083,428309,MAKO
2014-03-24,Well_#5,24.0,2694,157.759,32.508,100.0,410.492,82.187,171387,107391,107391,430666,MAKO
2014-03-25,Well_#5,24.0,2695,157.759,32.373,100.0,410.3,82.63,171872,107699,107699,433028,MAKO
2014-03-26,Well_#5,24.0,2696,157.76,32.105,100.0,410.257,82.275,172359,108010,108010,435386,MAKO
2014-03-27,Well_#5,24.0,2696,157.762,32.333,100.0,409.926,82.598,172849,108321,108321,437731,MAKO
2014-03-28,Well_#5,24.0,2696,157.765,32.656,100.0,409.45,82.703,173338,108632,108632,440079,MAKO
2014-03-29,Well_#5,24.0,2695,157.77,32.663,100.0,408.833,82.701,173823,108941,108941,442424,MAKO
2014-03-30,Well_#5,24.0,2695,157.773,32.547,100.0,408.57,82.82,174310,109251,109251,444785,MAKO
2014-03-31,Well_#5,24.0,2695,157.776,32.521,100.0,408.571,82.647,174792,109560,109560,447150,MAKO
2014-04-01,Well_#5,24.0,2696,157.776,32.439,100.0,408.489,83.013,175272,109864,109864,449500,MAKO
2014-04-02,Well_#5,24.0,2696,157.779,32.285,100.0,408.679,82.676,175762,110176,110176,451844,MAKO
2014-04-03,Well_#5,24.0,2696,157.785,32.168,100.0,408.691,82.55,176251,110483,110483,454174,MAKO
2014-04-04,Well_#5,24.0,2695,157.79,32.334,100.0,408.942,82.496,176737,110793,110793,456524,MAKO
2014-04-05,Well_#5,24.0,2695,157.794,32.449,100.0,408.348,83.069,177200,111091,111091,458838,MAKO
2014-04-06,Well_#5,24.0,2696,157.798,32.257,100.0,408.465,82.791,177689,111412,111412,461191,MAKO
2014-04-07,Well_#5,24.0,2696,157.802,32.355,100.0,408.354,82.713,178181,111733,111733,463551,MAKO
2014-04-08,Well_#5,24.0,2697,157.808,32.716,100.0,408.36,82.737,178673,112053,112053,465919,MAKO
2014-04-09,Well_#5,24.0,2697,157.815,32.569,100.0,408.487,82.74,179168,112375,112375,468300,MAKO
2014-04-10,Well_#5,22.42,2730,157.767,31.903,78.43669,432.413,80.343,179594,112654,112654,470336,MAKO
2014-04-11,Well_#5,24.0,2704,157.86,32.386,100.0,411.2,82.939,180074,112965,112965,472822,MAKO
2014-04-12,Well_#5,24.0,2703,157.875,32.537,100.0,410.353,83.084,180568,113290,113290,475268,MAKO
2014-04-13,Well_#5,24.0,2701,157.879,32.762,100.0,409.671,83.139,181063,113610,113610,477672,MAKO
2014-04-14,Well_#5,24.0,2700,157.876,32.486,100.0,409.032,82.949,181535,113915,113915,479944,MAKO
2014-04-15,Well_#5,24.0,2700,157.874,32.561,100.0,408.49,83.416,182030,114235,114235,482354,MAKO
2014-04-16,Well_#5,24.0,2699,157.874,32.427,100.0,408.186,82.779,182525,114555,114555,484763,MAKO
2014-04-17,Well_#5,24.0,2699,157.875,32.345,100.0,408.228,83.107,183018,114873,114873,487186,MAKO
2014-04-18,Well_#5,24.0,2699,157.875,32.385,100.0,408.143,83.151,183515,115192,115192,489625,MAKO
2014-04-19,Well_#5,24.0,2699,157.882,32.631,100.0,408.12,83.219,184005,115505,115505,492043,MAKO
2014-04-20,Well_#5,24.0,2699,157.886,32.204,100.0,408.4,82.627,184496,115819,115819,494456,MAKO
2014-04-21,Well_#5,24.0,2699,157.891,32.478,100.0,408.465,82.881,184988,116133,116133,496879,MAKO
2014-04-22,Well_#5,24.0,2668,155.717,32.371,100.0,408.787,81.579,185481,116447,116447,499297,MAKO
2014-04-23,Well_#5,24.0,2699,157.899,32.646,100.0,408.29,82.53,185972,116760,116760,501727,MAKO
2014-04-24,Well_#5,24.0,2700,157.903,32.453,100.0,408.61,81.886,186462,117074,117074,504157,MAKO
2014-04-25,Well_#5,24.0,2700,157.907,32.563,100.0,408.479,82.671,186952,117389,117389,506611,MAKO
2014-04-26,Well_#5,24.0,2701,157.914,32.813,100.0,408.014,83.367,187443,117702,117702,509031,MAKO
2014-04-27,Well_#5,24.0,2701,157.918,32.799,100.0,407.848,83.394,187930,118014,118014,511452,MAKO
2014-04-28,Well_#5,24.0,2701,157.922,32.535,100.0,408.003,83.25,188418,118328,118328,513874,MAKO
2014-04-29,Well_#5,24.0,2702,157.927,32.479,100.0,408.004,82.884,188900,118637,118637,516290,MAKO
2014-04-30,Well_#5,24.0,2703,157.932,32.567,100.0,408.361,81.866,189385,118949,118949,518703,MAKO
2014-05-01,Well_#5,24.0,2703,157.935,32.595,100.0,407.926,82.736,189871,119261,119261,521120,MAKO
2014-05-02,Well_#5,24.0,2704,157.938,32.524,100.0,408.213,82.084,190353,119572,119572,523543,MAKO
2014-05-03,Well_#5,24.0,2706,157.941,32.535,100.0,409.424,82.244,190841,119883,119883,525960,MAKO
2014-05-04,Well_#5,24.0,2706,157.948,32.582,100.0,407.855,82.586,191323,120194,120194,528388,MAKO
2014-05-05,Well_#5,24.0,2706,157.951,32.57,100.0,407.528,82.892,191809,120503,120503,530804,MAKO
2014-05-06,Well_#5,24.0,2707,157.954,32.66,100.0,407.353,83.285,192287,120812,120812,533230,MAKO
2014-05-07,Well_#5,24.0,2707,157.957,32.681,100.0,407.321,83.399,192771,121121,121121,535644,MAKO
2014-05-08,Well_#5,24.0,2708,157.96,32.517,100.0,407.264,83.33,193236,121428,121428,538071,MAKO
2014-05-09,Well_#5,24.0,2709,157.965,32.532,100.0,407.643,82.131,193717,121743,121743,540525,MAKO
2014-05-10,Well_#5,24.0,2709,157.97,32.565,100.0,407.727,82.086,194195,122059,122059,542978,MAKO
2014-05-11,Well_#5,23.5,2717,157.969,32.51,92.68108,413.292,82.302,194640,122350,122350,544837,MAKO
2014-05-12,Well_#5,24.0,2709,157.979,32.538,100.0,408.316,81.269,195112,122662,122662,547273,MAKO
2014-05-13,Well_#5,23.67,2715,157.974,32.548,93.08743,413.22,81.595,195566,122962,122962,549611,MAKO
2014-05-14,Well_#5,24.0,2712,157.978,32.338,100.0,409.873,83.358,196040,123271,123271,552020,MAKO
2014-05-15,Well_#5,24.0,2715,157.974,32.247,89.79074,412.49,83.151,196511,123562,123562,554426,MAKO
2014-05-16,Well_#5,24.0,2706,158.021,32.448,97.34679,395.44,83.425,196999,123875,123875,556837,MAKO
2014-05-17,Well_#5,24.0,2661,158.13,32.794,99.99998,352.397,84.152,197463,124172,124172,559540,MAKO
2014-05-18,Well_#5,24.0,2662,158.101,32.564,100.0,360.971,82.814,197965,124493,124493,561784,MAKO
2014-05-19,Well_#5,20.83,2727,158.001,32.136,63.46997,410.521,80.769,198340,124733,124733,563309,MAKO
2014-05-20,Well_#5,24.0,2681,158.083,32.86,93.60645,367.941,84.259,198786,125019,125019,565682,MAKO
2014-05-21,Well_#5,24.0,2674,158.059,32.853,100.0,365.627,83.717,199257,125320,125320,568681,MAKO
2014-05-22,Well_#5,24.0,2674,158.034,32.589,100.0,365.017,81.882,199732,125625,125625,571458,MAKO
2014-05-23,Well_#5,24.0,2675,158.021,32.705,100.0,363.599,84.068,200200,125924,125924,574095,MAKO
2014-05-24,Well_#5,24.0,2675,158.011,32.851,100.0,363.423,84.197,200645,126209,126209,576730,MAKO
2014-05-25,Well_#5,24.0,2674,157.985,32.724,100.0,360.918,83.356,201090,126493,126493,579390,MAKO
2014-05-26,Well_#5,24.0,2709,157.398,32.426,100.0,357.77,83.672,201549,126787,126787,582082,MAKO
2014-05-27,Well_#5,24.0,2705,157.404,32.339,100.0,357.643,82.285,202007,127080,127080,584565,MAKO
2014-05-28,Well_#5,24.0,2704,157.409,32.424,100.0,356.2,83.093,202461,127371,127371,586983,MAKO
2014-05-29,Well_#5,24.0,2705,157.408,32.398,100.0,356.517,83.098,202907,127656,127656,589603,MAKO
2014-05-30,Well_#5,24.0,2706,157.38,32.331,100.0,357.384,83.144,203358,127945,127945,592327,MAKO
2014-05-31,Well_#5,24.0,2706,157.362,32.472,100.0,357.093,84.135,203815,128232,128232,595084,MAKO
2014-06-01,Well_#5,24.0,2703,157.356,32.333,100.0,356.408,84.489,204281,128527,128527,597906,MAKO
2014-06-02,Well_#5,24.0,2701,157.356,32.221,100.0,356.598,84.22,204738,128810,128810,600628,MAKO
2014-06-03,Well_#5,24.0,2698,157.239,32.148,100.0,356.365,84.279,205206,129095,129095,603267,MAKO
2014-06-04,Well_#5,24.0,2697,157.349,32.3,100.0,356.913,84.143,205663,129394,129394,605848,MAKO
2014-06-05,Well_#5,24.0,2704,157.338,32.126,100.0,365.47,83.191,206105,129662,129662,609408,MAKO
2014-06-06,Well_#5,24.0,2721,157.313,32.33,100.0,382.775,83.572,206529,129962,129962,612359,MAKO
2014-06-07,Well_#5,24.0,2721,157.312,32.129,100.0,383.139,83.891,206962,130241,130241,615048,MAKO
2014-06-08,Well_#5,24.0,2720,157.312,32.281,100.0,383.6,83.634,207385,130510,130510,617573,MAKO
2014-06-09,Well_#5,24.0,2719,157.313,31.944,100.0,384.888,79.683,207813,130799,130799,620108,MAKO
2014-06-10,Well_#5,24.0,2718,157.314,31.677,100.0,384.955,81.037,208239,131073,131073,622643,MAKO
2014-06-11,Well_#5,23.67,2728,157.299,31.683,92.94252,393.979,82.639,208637,131333,131333,625068,MAKO
2014-06-12,Well_#5,24.0,2718,157.32,32.025,98.44016,386.299,83.3,209058,131607,131607,627562,MAKO
2014-06-13,Well_#5,24.0,2717,157.321,32.154,98.43097,387.626,82.225,209486,131878,131878,630066,MAKO
2014-06-14,Well_#5,24.0,2716,157.326,32.008,98.4518,388.279,81.479,209925,132157,132157,633105,MAKO
2014-06-15,Well_#5,24.0,2715,157.338,32.066,98.43952,387.26,83.122,210365,132437,132437,636268,MAKO
2014-06-16,Well_#5,24.0,2716,157.365,32.212,98.44619,389.044,83.993,210821,132721,132721,639663,MAKO
2014-06-17,Well_#5,24.0,2717,157.39,32.504,98.43304,390.773,84.096,211289,133015,133015,643022,MAKO
2014-06-18,Well_#5,24.0,2717,157.416,32.587,98.4382,392.858,84.093,211769,133318,133318,645952,MAKO
2014-06-19,Well_#5,24.0,2715,157.435,32.621,98.44814,393.063,84.136,212245,133612,133612,648756,MAKO
2014-06-20,Well_#5,24.0,2713,157.449,32.629,98.45358,393.098,84.168,212731,133914,133914,651543,MAKO
2014-06-21,Well_#5,24.0,2711,157.464,32.508,98.44823,393.047,84.242,213221,134220,134220,654308,MAKO
2014-06-22,Well_#5,24.0,2709,157.478,32.206,98.45706,393.491,83.254,213695,134520,134520,657095,MAKO
2014-06-23,Well_#5,24.0,2709,157.489,32.254,98.45523,393.665,83.687,214187,134829,134829,659897,MAKO
2014-06-24,Well_#5,24.0,2708,157.502,32.48,98.45654,394.042,84.346,214682,135137,135137,662678,MAKO
2014-06-25,Well_#5,24.0,2707,157.514,32.554,99.19283,394.597,84.118,215186,135452,135452,665445,MAKO
2014-06-26,Well_#5,24.0,2706,157.525,32.46,100.0,394.865,83.876,215689,135765,135765,668252,MAKO
2014-06-27,Well_#5,24.0,2705,157.536,32.563,100.0,394.44,84.426,216192,136081,136081,671061,MAKO
2014-06-28,Well_#5,24.0,2703,157.547,32.444,100.0,394.126,83.518,216703,136407,136407,673852,MAKO
2014-06-29,Well_#5,24.0,2704,157.572,32.645,100.0,391.696,84.348,217242,136778,136778,676644,MAKO
2014-06-30,Well_#5,24.0,2709,157.626,32.638,100.0,391.758,84.51,217772,137140,137140,679460,MAKO
2014-07-01,Well_#5,24.0,2717,157.679,32.622,100.0,390.758,84.502,218272,137497,137497,682416,MAKO
2014-07-02,Well_#5,24.0,2732,157.734,32.649,100.0,387.906,81.689,218779,137836,137836,685418,MAKO
2014-07-03,Well_#5,24.0,2732,157.76,32.6,100.0,387.514,80.798,219321,138176,138176,688390,MAKO
2014-07-04,Well_#5,24.0,2731,157.781,32.653,100.0,386.889,82.942,219847,138527,138527,691295,MAKO
2014-07-05,Well_#5,24.0,2731,157.793,32.699,100.0,385.946,82.283,220345,138873,138873,694175,MAKO
2014-07-06,Well_#5,24.0,2732,157.803,32.827,97.91667,386.467,83.167,220864,139223,139223,697017,MAKO
2014-07-07,Well_#5,24.0,2732,157.816,32.789,100.0,386.384,84.841,221387,139573,139573,699892,MAKO
2014-07-08,Well_#5,24.0,2732,157.826,32.812,97.91667,387.593,84.325,221901,139924,139924,702710,MAKO
2014-07-09,Well_#5,24.0,2732,157.836,32.698,100.0,388.569,81.789,222420,140279,140279,705518,MAKO
2014-07-10,Well_#5,24.0,2732,157.845,32.903,100.0,387.771,84.669,222944,140633,140633,708321,MAKO
2014-07-11,Well_#5,24.0,2732,157.854,32.745,100.0,388.543,83.113,223471,140990,140990,711126,MAKO
2014-07-12,Well_#5,24.0,2733,157.864,32.678,100.0,389.588,82.395,223999,141348,141348,713933,MAKO
2014-07-13,Well_#5,24.0,2732,157.874,32.768,100.0,390.044,82.605,224530,141710,141710,716666,MAKO
2014-07-14,Well_#5,24.0,2732,157.882,32.741,100.0,390.985,81.769,225063,142072,142072,719667,MAKO
2014-07-15,Well_#5,24.0,2731,157.889,32.563,100.0,391.178,83.754,225600,142436,142436,722631,MAKO
2014-07-16,Well_#5,24.0,2728,157.9,32.718,100.0,391.48,83.821,226143,142788,142788,725668,MAKO
2014-07-17,Well_#5,24.0,2726,157.907,32.944,100.0,390.841,84.78,226685,143148,143148,728631,MAKO
2014-07-18,Well_#5,24.0,2723,157.911,32.742,100.0,390.08,82.589,227220,143516,143516,731470,MAKO
2014-07-19,Well_#5,24.0,2723,157.914,32.728,100.0,389.616,83.608,227750,143882,143882,734273,MAKO
2014-07-20,Well_#5,8.28,2730,157.919,32.823,73.76372,398.24,85.029,227930,144011,144011,735169,MAKO
2012-02-12,Well_#6,11.5,3797,199.957,27.027,14.48443,106.806,38.081,285,342,342,385,KEMA
2012-02-13,Well_#6,24.0,3735,201.568,23.877,22.83299,120.889,79.524,2154,2852,2852,392,KEMA
2012-02-14,Well_#6,22.5,3643,202.178,18.356,31.24997,113.718,101.165,5278,7340,7340,393,KEMA
2012-02-15,Well_#6,23.15,3669,202.139,7.633,28.51893,116.831,98.101,7887,10714,10714,394,KEMA
2012-02-16,Well_#6,24.0,3647,202.236,17.958,30.2279,115.434,99.803,10939,14397,14397,399,KEMA
2012-02-17,Well_#6,24.0,3643,202.269,20.858,29.97405,115.206,102.176,13921,18117,18117,401,KEMA
2012-02-18,Well_#6,23.0,3626,202.327,23.172,30.3084,113.282,102.755,16902,21759,21759,407,KEMA
2012-02-19,Well_#6,24.0,3621,202.329,27.276,30.48698,113.769,103.584,19948,25536,25536,408,KEMA
2012-02-20,Well_#6,24.0,3612,202.348,28.624,29.90702,113.4,101.502,23005,29434,29434,409,KEMA
2012-02-21,Well_#6,24.0,3606,202.355,28.176,30.49301,113.106,100.047,26035,33164,33164,409,KEMA
2012-02-22,Well_#6,23.67,3603,202.353,1.506,29.63448,113.079,100.707,28943,36664,36664,410,KEMA
2012-02-23,Well_#6,15.14,3600,202.298,15.966,28.95718,112.603,97.655,30795,38883,38883,410,KEMA
2012-02-24,Well_#6,24.0,3581,202.391,12.445,30.79962,111.187,101.674,33921,42779,42779,410,KEMA
2012-02-25,Well_#6,24.0,3577,202.375,17.841,30.68344,111.45,101.579,36967,46644,46644,411,KEMA
2012-02-26,Well_#6,24.0,3569,202.384,18.134,30.92304,110.934,100.685,40013,50577,50577,411,KEMA
2012-02-27,Well_#6,24.0,3561,202.386,17.945,30.84932,110.326,103.361,43049,54498,54498,412,KEMA
2012-02-28,Well_#6,23.67,3560,202.375,14.717,29.90044,110.629,101.962,46021,58235,58235,412,KEMA
2012-02-29,Well_#6,24.0,3544,202.393,16.565,31.02388,109.447,101.901,49091,62198,62198,413,KEMA
2012-03-01,Well_#6,24.0,3536,202.397,16.176,31.06188,108.827,103.251,52160,66137,66137,413,KEMA
2012-03-02,Well_#6,24.0,3528,202.399,16.273,31.08744,108.321,103.938,55226,70063,70063,414,KEMA
2012-03-03,Well_#6,24.0,3522,202.398,15.756,30.96447,108.059,103.833,58270,73968,73968,414,KEMA
2012-03-04,Well_#6,24.0,3517,202.388,14.252,30.60221,108.075,102.89,61253,77754,77754,414,KEMA
2012-03-05,Well_#6,24.0,3511,202.385,13.518,30.57649,107.869,100.9,64220,81606,81606,415,KEMA
2012-03-06,Well_#6,24.0,3504,202.38,13.215,30.58881,107.31,103.696,67171,85414,85414,417,KEMA
2012-03-07,Well_#6,22.83,3506,202.346,9.1,28.82496,107.754,99.27,69827,88857,88857,418,KEMA
2012-03-08,Well_#6,23.0,3505,202.335,6.657,27.94825,108.031,97.27,72406,92076,92076,420,KEMA
2012-03-09,Well_#6,24.0,3480,202.389,12.444,31.15911,105.93,101.613,75403,95840,95840,421,KEMA
2012-03-10,Well_#6,24.0,3470,202.392,13.067,31.30501,105.29,101.835,78424,99718,99718,422,KEMA
2012-03-11,Well_#6,24.0,3462,202.394,12.953,31.37003,104.811,102.543,81434,103687,103687,423,KEMA
2012-03-12,Well_#6,23.78,3464,202.374,9.708,29.85867,105.053,102.453,84229,107373,107373,423,KEMA
2012-03-13,Well_#6,24.0,3445,202.408,12.529,31.64254,103.441,104.039,87288,111408,111408,424,KEMA
2012-03-14,Well_#6,23.83,3440,202.401,11.345,30.92678,103.219,103.886,90253,115175,115175,424,KEMA
2012-03-15,Well_#6,24.0,3426,202.407,12.787,32.07412,102.14,105.105,93384,119171,119171,425,KEMA
2012-03-16,Well_#6,24.0,3418,202.41,12.195,32.05167,101.739,104.816,96519,123173,123173,426,KEMA
2012-03-17,Well_#6,24.0,3409,202.416,11.609,32.07362,101.299,103.968,99663,127311,127311,426,KEMA
2012-03-18,Well_#6,24.0,3401,202.413,11.242,32.04644,100.911,104.114,102795,131054,131054,427,KEMA
2012-03-19,Well_#6,24.0,3394,202.411,10.84,32.04522,100.46,104.356,105935,135050,135050,428,KEMA
2012-03-20,Well_#6,24.0,3387,202.407,10.104,32.01249,100.124,103.334,109091,139164,139164,428,KEMA
2012-03-21,Well_#6,24.0,3378,202.408,9.709,32.08725,99.574,104.092,112284,143198,143198,429,KEMA
2012-03-22,Well_#6,24.0,3370,202.407,9.37,32.07839,99.172,104.05,115456,147229,147229,430,KEMA
2012-03-23,Well_#6,24.0,3363,202.403,9.117,32.0607,98.793,104.088,118616,151332,151332,430,KEMA
2012-03-24,Well_#6,24.0,3355,202.403,7.187,32.12839,98.402,103.484,121769,155455,155455,431,KEMA
2012-03-25,Well_#6,24.0,3349,202.398,21.614,32.0421,98.039,103.648,124900,159033,159033,431,KEMA
2012-03-26,Well_#6,7.48,3345,202.394,21.452,30.92542,97.897,103.984,125860,160030,160030,433,KEMA
2012-03-27,Well_#6,0.0,3497,199.322,0.875,0.0,1.178,27.392,125860,160030,160030,433,KEMA
2012-03-28,Well_#6,1.19,3444,200.441,0.597,21.33333,92.241,46.805,125934,160461,160461,433,KEMA
2012-03-29,Well_#6,24.0,3346,202.333,9.779,32.0,97.277,97.281,129071,164941,164941,437,KEMA
2012-03-30,Well_#6,10.98,3337,202.386,15.923,30.68261,97.369,101.577,130502,166150,166150,438,KEMA
2012-03-31,Well_#6,14.03,3347,202.319,10.361,31.0,98.122,98.61,132452,169481,169481,440,KEMA
2012-04-01,Well_#6,24.0,3332,202.364,16.631,29.81203,97.431,102.059,135513,173510,173510,443,KEMA
2012-04-02,Well_#6,24.0,3323,202.372,18.487,31.81838,96.658,104.599,138567,177574,177574,446,KEMA
2012-04-03,Well_#6,24.0,3314,202.377,19.124,32.00095,96.117,104.723,141670,180856,180856,449,KEMA
2012-04-04,Well_#6,24.0,3305,202.377,19.246,32.0812,95.691,103.937,144780,184937,184937,451,KEMA
2012-04-05,Well_#6,24.0,3296,202.373,19.236,32.20087,95.14,104.209,148084,189016,189016,454,KEMA
2012-04-06,Well_#6,24.0,3289,202.36,19.229,32.2108,94.788,104.148,151112,192896,192896,608,KEMA
2012-04-07,Well_#6,24.0,3284,202.336,19.066,32.03321,94.74,103.995,154111,196877,196877,760,KEMA
2012-04-08,Well_#6,24.0,3277,202.317,18.943,32.04783,94.544,103.28,157165,200846,200846,764,KEMA
2012-04-09,Well_#6,24.0,3271,202.305,18.829,32.00003,94.217,103.51,160191,204925,204925,769,KEMA
2012-04-10,Well_#6,24.0,3265,202.294,18.729,31.25186,93.812,104.155,163194,209050,209050,773,KEMA
2012-04-11,Well_#6,24.0,3258,202.284,18.439,31.94415,93.622,102.797,166210,213089,213089,783,KEMA
2012-04-12,Well_#6,12.98,3254,202.28,18.195,30.88504,93.149,102.459,167825,215221,215221,786,KEMA
2012-04-13,Well_#6,4.0,3304,201.695,3.066,25.82296,93.618,74.28,168255,215799,215799,788,KEMA
2012-04-14,Well_#6,21.26,3274,201.918,9.657,28.7635,83.884,91.423,170834,219435,219435,792,KEMA
2012-04-15,Well_#6,20.55,3250,202.248,15.291,32.0605,93.037,102.763,173328,222957,222957,795,KEMA
2012-04-16,Well_#6,24.0,3242,201.967,15.994,31.90408,93.0,103.094,176176,227026,227026,799,KEMA
2012-04-17,Well_#6,9.38,3241,202.233,16.738,31.65348,92.812,103.549,177296,228646,228646,800,KEMA
2012-04-18,Well_#6,21.57,3244,202.195,11.514,31.71874,92.884,100.654,179744,231924,231924,803,KEMA
2012-04-19,Well_#6,22.71,3243,202.18,14.391,30.03349,93.021,101.712,182258,235296,235296,805,KEMA
2012-04-20,Well_#6,24.0,3231,202.197,16.211,31.48322,92.639,103.745,185011,238978,238978,808,KEMA
2012-04-21,Well_#6,24.0,3224,202.19,16.322,31.51978,92.326,103.541,187763,242730,242730,811,KEMA
2012-04-22,Well_#6,24.0,3218,202.181,16.182,31.48301,92.169,102.856,190500,246447,246447,813,KEMA
2012-04-23,Well_#6,24.0,3211,202.171,15.965,31.48727,91.86,102.112,193236,250162,250162,799,KEMA
2012-04-24,Well_#6,24.0,3206,202.168,15.816,30.81425,91.578,102.236,195966,254337,254337,893,KEMA
2012-04-25,Well_#6,24.0,3211,202.187,15.859,31.49891,91.778,102.879,198694,258565,258565,897,KEMA
2012-04-26,Well_#6,24.0,3219,202.209,15.827,31.41246,92.24,101.924,201441,262805,262805,901,KEMA
2012-04-27,Well_#6,15.96,3210,202.244,16.82,31.48973,90.712,104.541,203426,265892,265892,903,KEMA
2012-04-28,Well_#6,5.25,3250,201.731,2.686,25.8431,89.005,77.445,203973,266692,266692,908,KEMA
2012-04-29,Well_#6,24.0,3220,202.185,10.369,32.54397,90.862,96.949,206985,270737,270737,922,KEMA
2012-04-30,Well_#6,24.0,3214,202.281,15.419,33.43435,90.67,102.811,210152,274884,274884,926,KEMA
2012-05-01,Well_#6,24.0,3219,202.304,16.604,33.39043,90.772,104.707,213316,279164,279164,930,KEMA
2012-05-02,Well_#6,24.0,3224,202.321,17.19,33.37373,91.06,105.18,216489,283338,283338,934,KEMA
2012-05-03,Well_#6,24.0,3230,202.337,17.434,33.37489,91.371,104.184,219678,287677,287677,939,KEMA
2012-05-04,Well_#6,24.0,3237,202.352,17.79,33.30928,91.716,105.164,222865,292001,292001,943,KEMA
2012-05-05,Well_#6,24.0,3242,202.36,18.172,33.22143,91.807,105.957,226042,296312,296312,948,KEMA
2012-05-06,Well_#6,24.0,3247,202.371,18.261,33.11139,92.103,106.204,229213,300618,300618,952,KEMA
2012-05-07,Well_#6,24.0,3253,202.385,18.438,33.05832,92.397,106.308,232384,304918,304918,957,KEMA
2012-05-08,Well_#6,24.0,3258,202.396,18.585,33.02385,92.779,105.954,235572,309225,309225,957,KEMA
2012-05-09,Well_#6,24.0,3257,202.411,19.357,34.09644,91.579,106.468,238988,313838,313838,963,KEMA
2012-05-10,Well_#6,24.0,3255,202.413,20.525,35.62917,89.612,107.888,242690,318831,318831,970,KEMA
2012-05-11,Well_#6,24.0,3255,202.413,21.211,36.16034,87.644,108.279,246692,324223,324223,978,KEMA
2012-05-12,Well_#6,24.0,3255,202.413,21.995,37.29413,85.868,108.772,250945,329929,329929,986,KEMA
2012-05-13,Well_#6,24.0,3255,202.413,22.264,38.21142,85.746,108.963,255225,335663,335663,994,KEMA
2012-05-14,Well_#6,24.0,3255,202.413,22.77,39.27145,84.427,109.47,259664,341568,341568,1003,KEMA
2012-05-15,Well_#6,24.0,3255,202.413,23.09,40.14758,83.448,109.579,264247,347696,347696,1012,KEMA
2012-05-16,Well_#6,24.0,3255,202.413,23.083,40.7275,82.829,109.46,268925,353944,353944,1021,KEMA
2012-05-17,Well_#6,24.0,3255,202.413,22.747,40.74857,82.84,109.333,273613,360207,360207,1030,KEMA
2012-05-18,Well_#6,24.0,3255,202.413,22.92,40.7554,82.928,109.504,278301,366491,366491,1039,KEMA
2012-05-19,Well_#6,24.0,3668,148.08,23.326,42.15901,81.264,109.932,283187,373020,373020,1049,KEMA
2012-05-20,Well_#6,24.0,3170,93.815,23.729,43.10056,80.171,110.154,288200,379704,379704,1058,KEMA
2012-05-21,Well_#6,24.0,3182,202.68,23.826,43.12246,80.22,110.233,293217,386397,386397,1066,KEMA
2012-05-22,Well_#6,24.0,3184,202.783,23.879,43.09233,80.202,110.453,298237,393088,393088,1086,KEMA
2012-05-23,Well_#6,24.0,3184,202.791,23.879,43.19541,80.173,110.441,303271,399796,399796,9105,KEMA
2012-05-24,Well_#6,24.0,3184,202.8,23.985,43.33968,80.017,110.617,308317,406526,406526,17125,KEMA
2012-05-25,Well_#6,24.0,3184,202.809,23.616,43.38664,79.961,110.34,313370,413273,413273,17145,KEMA
2012-05-26,Well_#6,24.0,3180,202.92,23.453,43.46183,79.97,110.248,318436,420031,420031,17175,KEMA
2012-05-27,Well_#6,24.0,3185,202.827,23.225,43.48607,80.16,108.726,323508,426784,426784,17185,KEMA
2012-05-28,Well_#6,24.0,3185,202.834,23.181,43.56119,80.2,108.151,328594,433561,433561,17195,KEMA
2012-05-29,Well_#6,20.19,3212,202.805,22.7,40.12258,83.323,108.988,332463,438746,438746,17202,KEMA
2012-05-30,Well_#6,0.0,3463,200.437,1.606,0.0,1.347,44.217,332463,438746,438746,17202,KEMA
2012-05-31,Well_#6,0.5,3444,200.62,0.496,16.82769,91.39,44.519,332486,438849,438849,17202,KEMA
2012-06-01,Well_#6,13.42,3202,202.789,14.311,42.49382,81.298,106.792,336506,444160,444160,17210,KEMA
2012-06-02,Well_#6,24.0,3193,202.812,17.739,43.22176,0.0,108.402,341506,450812,450812,17220,KEMA
2012-06-03,Well_#6,24.0,3186,202.821,19.092,43.42171,1.03,106.934,346573,457540,457540,17229,KEMA
2012-06-04,Well_#6,24.0,3185,202.832,19.846,43.41881,67.027,108.839,351613,464298,464298,17239,KEMA
2012-06-05,Well_#6,24.0,3186,202.842,20.101,43.39667,80.303,109.036,356671,471016,471016,17249,KEMA
2012-06-06,Well_#6,24.0,3188,202.85,20.363,43.33411,80.208,110.696,361729,477716,477716,17434,KEMA
2012-06-07,Well_#6,24.0,3188,202.859,20.341,43.39009,80.153,110.162,366799,484413,484413,17444,KEMA
2012-06-08,Well_#6,24.0,3189,202.867,20.249,43.40013,80.258,109.483,371880,491120,491120,17458,KEMA
2012-06-09,Well_#6,24.0,3189,202.874,20.161,43.40572,80.192,110.003,376962,497818,497818,17468,KEMA
2012-06-10,Well_#6,24.0,3184,202.865,20.005,43.44772,79.948,109.766,382049,504508,504508,17478,KEMA
2012-06-11,Well_#6,24.0,3170,202.838,19.627,43.46068,79.4,109.647,387109,511170,511170,17488,KEMA
2012-06-12,Well_#6,24.0,3162,202.833,19.395,43.45261,79.035,109.762,392141,517808,517808,17498,KEMA
2012-06-13,Well_#6,22.67,3192,202.804,16.916,38.5365,81.689,106.323,396474,523538,523538,17506,KEMA
2012-06-14,Well_#6,24.0,3163,202.859,19.544,43.71837,78.75,110.196,401561,530253,530253,17516,KEMA
2012-06-15,Well_#6,24.0,3166,202.873,19.742,43.74744,78.834,110.244,406663,536980,536980,17526,KEMA
2012-06-16,Well_#6,24.0,3169,202.886,19.679,43.83344,79.166,109.133,411766,543636,543636,17536,KEMA
2012-06-17,Well_#6,24.0,3173,202.898,19.662,43.81087,79.36,108.983,416901,550375,550375,17543,KEMA
2012-06-18,Well_#6,24.0,3177,202.91,19.727,42.87523,79.475,108.924,422042,557117,557117,17552,KEMA
2012-06-19,Well_#6,23.5,3200,202.886,18.751,40.89223,81.984,108.129,426764,563299,563299,17561,KEMA
2012-06-20,Well_#6,24.0,3189,202.903,19.871,42.8308,80.459,110.107,431801,569900,569900,17576,KEMA
2012-06-21,Well_#6,24.0,3185,202.928,19.831,42.81797,79.815,108.545,436948,576668,576668,17588,KEMA
2012-06-22,Well_#6,24.0,3190,202.938,20.013,43.44097,80.054,109.817,442063,583406,583406,17598,KEMA
2012-06-23,Well_#6,24.0,3194,202.949,20.279,42.54713,80.106,110.259,447187,590148,590148,17610,KEMA
2012-06-24,Well_#6,24.0,3196,202.958,20.332,43.48804,80.39,109.309,452322,596902,596902,17621,KEMA
2012-06-25,Well_#6,15.83,3204,202.952,19.624,42.24035,81.195,108.803,456555,602526,602526,17631,KEMA
2012-06-26,Well_#6,24.0,3200,202.959,20.189,43.45684,80.422,110.378,461681,609233,609233,17643,KEMA
2012-06-27,Well_#6,24.0,3200,202.967,20.538,43.49251,80.495,110.518,466757,615492,615492,17655,KEMA
2012-06-28,Well_#6,24.0,3201,186.553,20.247,43.49195,80.21,109.714,471878,622252,622252,17666,KEMA
2012-06-29,Well_#6,24.0,3025,160.067,19.175,39.40927,85.724,108.86,476250,628054,628054,17677,KEMA
2012-06-30,Well_#6,22.67,3258,202.853,17.019,36.96231,87.226,106.051,480231,633328,633328,17686,KEMA
2012-07-01,Well_#6,24.0,3209,202.973,19.279,43.20357,81.132,108.414,485345,640073,640073,17687,KEMA
2012-07-02,Well_#6,24.0,3211,202.986,20.322,42.98895,81.397,109.366,490429,646783,646783,17702,KEMA
2012-07-03,Well_#6,24.0,3213,202.994,20.615,42.97349,81.315,110.675,495510,653485,653485,17706,KEMA
2012-07-04,Well_#6,24.0,3214,203.002,20.712,42.97301,81.278,110.878,500596,660191,660191,17718,KEMA
2012-07-05,Well_#6,24.0,3215,203.01,20.727,42.98479,81.353,110.827,505684,666903,666903,17734,KEMA
2012-07-06,Well_#6,24.0,3216,203.012,20.701,43.00275,81.501,110.455,510779,673626,673626,17746,KEMA
2012-07-07,Well_#6,24.0,3219,203.025,20.648,42.97861,81.671,109.399,515875,680350,680350,17782,KEMA
2012-07-08,Well_#6,24.0,3221,203.032,20.956,42.94835,81.571,111.164,520969,687064,687064,17794,KEMA
2012-07-09,Well_#6,21.35,3223,203.033,21.052,42.96093,81.684,111.005,525590,693146,693146,17805,KEMA
2012-07-10,Well_#6,13.17,3243,202.975,17.297,40.25518,84.282,107.277,528446,696902,696902,17811,KEMA
2012-07-11,Well_#6,6.31,3387,202.572,4.047,32.11065,100.155,89.13,529132,698237,698237,17813,KEMA
2012-07-12,Well_#6,24.0,3258,202.87,15.112,47.85813,87.266,108.26,533302,703570,703570,17823,KEMA
2012-07-13,Well_#6,23.25,3259,202.813,16.061,44.35988,88.715,105.962,537121,708617,708617,17831,KEMA
2012-07-14,Well_#6,24.0,3207,202.855,18.385,48.69365,83.965,108.332,541425,714208,714208,17841,KEMA
2012-07-15,Well_#6,24.0,3245,202.736,16.81,44.46811,89.772,107.434,544952,718795,718795,17852,KEMA
2012-07-16,Well_#6,24.0,3261,202.694,16.111,42.87977,91.623,107.517,548294,723039,723039,17860,KEMA
2012-07-17,Well_#6,24.0,3270,202.673,15.716,42.0441,92.674,106.998,551510,727216,727216,17872,KEMA
2012-07-18,Well_#6,24.0,3274,202.662,15.335,41.69155,93.172,106.293,554686,731457,731457,17880,KEMA
2012-07-19,Well_#6,24.0,3275,202.66,15.169,41.65428,93.175,106.192,557872,735563,735563,17887,KEMA
2012-07-20,Well_#6,24.0,3275,202.66,15.133,41.6589,93.227,105.937,561055,739669,739669,17894,KEMA
2012-07-21,Well_#6,24.0,3277,202.659,15.332,41.65539,93.245,106.572,564221,743763,743763,17902,KEMA
2012-07-22,Well_#6,24.0,3277,202.66,15.274,41.66181,93.323,106.656,567370,747838,747838,17909,KEMA
2012-07-23,Well_#6,24.0,3277,202.659,15.242,41.66942,93.299,106.55,570519,751984,751984,17917,KEMA
2012-07-24,Well_#6,24.0,3277,202.66,15.145,41.69731,93.466,105.528,573682,756037,756037,17924,KEMA
2012-07-25,Well_#6,24.0,3279,202.661,15.2,41.6702,93.575,105.567,576827,760100,760100,17931,KEMA
2012-07-26,Well_#6,24.0,3279,202.638,15.262,41.64633,93.6,105.846,580005,764194,764194,17939,KEMA
2012-07-27,Well_#6,24.0,3280,202.664,15.394,41.63665,93.554,106.887,583148,768251,768251,17946,KEMA
2012-07-28,Well_#6,24.0,3268,202.688,15.658,42.95633,92.066,105.607,586494,772565,772565,17957,KEMA
2012-07-29,Well_#6,24.0,3335,202.556,12.337,33.33069,98.526,99.792,588928,775694,775694,17962,KEMA
2012-07-30,Well_#6,24.0,3343,202.444,8.876,31.97885,97.748,91.844,591245,778679,778679,17967,KEMA
2012-07-31,Well_#6,24.0,3298,202.65,14.223,40.14273,95.34,103.945,594221,782523,782523,17971,KEMA
2012-08-01,Well_#6,24.0,3297,202.657,13.873,38.32368,90.503,100.73,597253,786442,786442,17976,KEMA
2012-08-02,Well_#6,24.0,3297,202.656,14.697,40.23154,95.148,105.51,600246,790301,790301,17980,KEMA
2012-08-03,Well_#6,24.0,3295,202.53,14.716,40.14094,94.968,106.226,603340,794279,794279,17985,KEMA
2012-08-04,Well_#6,24.0,3296,202.654,14.748,40.22204,94.969,106.117,606338,798131,798131,17989,KEMA
2012-08-05,Well_#6,7.53,3302,202.647,14.552,36.88709,95.316,104.97,607258,799321,799321,17991,KEMA
2012-08-06,Well_#6,6.98,3380,202.36,3.819,28.20086,101.599,89.169,608066,800296,800296,17992,KEMA
2012-08-07,Well_#6,24.0,3222,202.725,12.861,47.51018,85.512,106.34,612126,805218,805218,17998,KEMA
2012-08-08,Well_#6,24.0,3193,202.804,17.191,49.18402,83.477,108.511,616476,810525,810525,18004,KEMA
2012-08-09,Well_#6,24.0,3181,202.815,17.765,49.69052,82.623,107.678,620888,815909,815909,18011,KEMA
2012-08-10,Well_#6,24.0,3167,202.83,18.248,49.43067,81.469,109.35,625306,821331,821331,18018,KEMA
2012-08-11,Well_#6,24.0,3161,202.826,17.946,50.24218,81.25,109.371,629755,826795,826795,18026,KEMA
2012-08-12,Well_#6,24.0,3167,202.806,17.259,49.35612,81.954,109.331,634109,832526,832526,18054,KEMA
2012-08-13,Well_#6,24.0,3141,202.844,17.932,51.23093,79.843,109.87,638608,838453,838453,18102,KEMA
2012-08-14,Well_#6,24.0,3083,202.947,18.468,57.23161,73.128,110.329,644087,845489,845489,18149,KEMA
2012-08-15,Well_#6,24.0,3069,202.963,18.179,57.28408,72.646,109.623,649531,852488,852488,18203,KEMA
2012-08-16,Well_#6,24.0,3056,202.958,17.871,56.92553,72.445,109.158,654905,859624,859624,18221,KEMA
2012-08-17,Well_#6,24.0,3046,202.958,17.639,56.70427,72.134,109.6,660220,866675,866675,18231,KEMA
2012-08-18,Well_#6,24.0,3035,202.96,17.574,56.72041,71.474,110.712,665201,873087,873087,18241,KEMA
2012-08-19,Well_#6,24.0,3066,202.893,16.696,52.22903,75.738,109.488,669651,878785,878785,18249,KEMA
2012-08-20,Well_#6,24.0,3238,202.522,10.7,34.9762,94.166,101.7,671701,881338,881338,18253,KEMA
2012-08-21,Well_#6,24.0,3254,202.5,10.361,34.90242,95.056,101.345,673760,883902,883902,18257,KEMA
2012-08-22,Well_#6,24.0,3267,202.503,10.898,34.9779,95.885,99.213,675840,886495,886495,18261,KEMA
2012-08-23,Well_#6,24.0,3279,202.516,18.077,34.97059,96.513,99.021,677930,889082,889082,18265,KEMA
2012-08-24,Well_#6,24.0,3292,202.541,18.392,34.93069,96.966,100.982,680023,891669,891669,18269,KEMA
2012-08-25,Well_#6,24.0,3297,202.534,18.303,34.77368,97.253,100.634,682108,894270,894270,18309,KEMA
2012-08-26,Well_#6,23.83,3292,202.509,18.116,34.61917,96.79,101.065,684194,896956,896956,18313,KEMA
2012-08-27,Well_#6,24.0,3283,202.517,19.244,35.87947,96.191,102.433,686384,899760,899760,18318,KEMA
2012-08-28,Well_#6,24.0,3291,202.499,18.356,34.84776,97.034,100.653,688443,902376,902376,18320,KEMA
2012-08-29,Well_#6,10.5,3305,202.478,16.14,30.02816,97.603,97.948,689067,903138,903138,18321,KEMA
2012-08-30,Well_#6,24.0,3301,202.476,16.21,34.25806,97.544,97.965,691096,905637,905637,18323,KEMA
2012-08-31,Well_#6,9.71,3305,202.496,18.147,32.68822,97.838,99.66,691934,906665,906665,18323,KEMA
2012-09-01,Well_#6,0.0,3408,200.03,2.526,0.0,106.783,40.176,691934,906665,906665,18323,KEMA
2012-09-02,Well_#6,0.0,3412,199.536,1.721,0.0,104.637,35.906,691934,906665,906665,18323,KEMA
2012-09-03,Well_#6,0.0,3415,199.232,1.375,0.0,104.488,37.202,691934,906665,906665,18323,KEMA
2012-09-04,Well_#6,8.5,3330,201.987,4.29,32.43891,95.422,77.0,692694,907590,907590,18324,KEMA
2012-09-05,Well_#6,24.0,3312,202.481,12.474,35.50777,97.438,97.279,694867,910269,910269,18325,KEMA
2012-09-06,Well_#6,5.71,3323,202.472,15.109,30.48369,98.563,98.823,695367,910877,910877,18325,KEMA
2012-09-07,Well_#6,0.0,3418,199.586,1.892,0.0,106.922,41.339,695367,910877,910877,18325,KEMA
2012-09-08,Well_#6,23.6,3371,201.82,4.038,22.26945,97.284,64.644,696549,912400,912400,18327,KEMA
2012-09-09,Well_#6,24.0,3205,202.644,18.124,44.18525,87.296,102.466,700617,917610,917610,18333,KEMA
2012-09-10,Well_#6,24.0,3195,202.646,21.419,42.83797,87.575,101.914,704353,922452,922452,18340,KEMA
2012-09-11,Well_#6,24.0,3164,202.654,22.266,45.71124,85.249,103.753,708410,927678,927678,18345,KEMA
2012-09-12,Well_#6,24.0,3144,202.655,23.016,45.8337,84.217,105.746,712447,932866,932866,18351,KEMA
2012-09-13,Well_#6,24.0,3122,202.657,23.104,46.24048,82.854,106.66,716493,938058,938058,18357,KEMA
2012-09-14,Well_#6,24.0,3100,202.646,22.961,46.28296,81.797,106.86,720498,943182,943182,18363,KEMA
2012-09-15,Well_#6,24.0,3074,202.632,22.635,46.22387,80.647,106.803,724436,948198,948198,18369,KEMA
2012-09-16,Well_#6,24.0,3120,202.459,17.422,36.73361,85.064,95.54,726939,951384,951384,18380,KEMA
2012-09-17,Well_#6,24.0,3102,202.482,16.971,37.12605,84.241,98.441,729490,954632,954632,18383,KEMA
2012-09-18,Well_#6,24.0,3030,202.57,20.304,44.88508,79.232,105.623,733096,959168,959168,18387,KEMA
2012-09-19,Well_#6,22.17,3031,202.535,18.318,41.21113,79.549,101.429,735955,962750,962750,18391,KEMA
2012-09-20,Well_#6,18.29,2989,202.61,21.007,45.30538,76.257,106.713,738801,966322,966322,18403,KEMA
2012-09-21,Well_#6,24.0,2973,202.624,20.542,46.17862,75.441,106.75,742454,970901,970901,18417,KEMA
2012-09-22,Well_#6,24.0,2957,202.625,21.148,46.37669,74.654,106.644,746083,975431,975431,18422,KEMA
2012-09-23,Well_#6,24.0,2968,202.567,20.109,44.14644,76.299,105.263,749473,979915,979915,18436,KEMA
2012-09-24,Well_#6,24.0,2929,202.624,20.779,46.80728,73.086,105.248,753049,984379,984379,18456,KEMA
2012-09-25,Well_#6,24.0,2952,202.595,19.122,43.36785,75.006,101.14,756223,988398,988398,18485,KEMA
2012-09-26,Well_#6,24.0,2936,202.598,19.716,45.0341,74.001,105.232,759594,992635,992635,18497,KEMA
2012-09-27,Well_#6,24.0,2915,202.621,20.195,46.55129,72.472,105.826,763107,997011,997011,18504,KEMA
2012-09-28,Well_#6,24.0,2910,202.632,20.35,46.62032,72.059,106.286,766734,1001574,1001574,18509,KEMA
2012-09-29,Well_#6,24.0,2898,202.65,20.538,47.28816,71.122,106.644,770341,1006078,1006078,18514,KEMA
2012-09-30,Well_#6,24.0,2893,202.649,20.332,47.31026,70.943,106.266,773661,1010222,1010222,18525,KEMA
2012-10-01,Well_#6,24.0,2886,202.647,20.049,47.34629,70.75,105.192,777255,1014706,1014706,18536,KEMA
2012-10-02,Well_#6,24.0,2977,202.472,15.973,36.54631,77.03,92.439,779719,1017876,1017876,18544,KEMA
2012-10-03,Well_#6,24.0,2883,202.618,18.582,47.0641,70.617,103.987,783096,1022082,1022082,18555,KEMA
2012-10-04,Well_#6,22.33,2986,202.417,15.698,36.34842,78.94,98.106,785223,1024684,1024684,18562,KEMA
2012-10-05,Well_#6,24.0,2952,202.466,17.149,40.82481,77.145,100.153,787949,1028090,1028090,18578,KEMA
2012-10-06,Well_#6,24.0,2952,202.466,17.435,40.82666,77.071,101.663,790668,1031493,1031493,18601,KEMA
2012-10-07,Well_#6,24.0,2952,202.466,17.527,40.82958,77.181,101.611,793382,1034885,1034885,18632,KEMA
2012-10-08,Well_#6,24.0,2951,202.466,17.336,40.84937,77.217,99.883,796103,1038292,1038292,18650,KEMA
2012-10-09,Well_#6,24.0,2948,202.467,17.132,40.91507,76.937,100.089,798842,1041729,1041729,18682,KEMA
2012-10-10,Well_#6,24.0,2938,202.5,17.842,41.85422,75.803,101.829,801667,1045253,1045253,18709,KEMA
2012-10-11,Well_#6,24.0,2937,202.494,17.779,41.78594,75.945,101.863,804495,1048771,1048771,18733,KEMA
2012-10-12,Well_#6,24.0,2938,202.498,17.807,41.78983,75.922,103.395,807324,1052288,1052288,18745,KEMA
2012-10-13,Well_#6,24.0,2937,202.503,17.791,41.8465,76.088,102.323,810150,1055812,1055812,18768,KEMA
2012-10-14,Well_#6,24.0,2938,202.504,17.62,41.82764,76.039,102.702,812975,1059334,1059334,18792,KEMA
2012-10-15,Well_#6,24.0,2937,202.504,17.593,41.82633,76.032,102.542,815807,1062855,1062855,18815,KEMA
2012-10-16,Well_#6,19.0,2902,202.526,15.763,43.57938,72.013,98.249,818327,1066017,1066017,18839,KEMA
2012-10-17,Well_#6,24.0,2956,202.505,17.3,40.26979,77.166,100.4,821041,1069384,1069384,18863,KEMA
2012-10-18,Well_#6,24.0,2967,202.464,16.609,39.72026,78.446,97.947,823706,1072709,1072709,18886,KEMA
2012-10-19,Well_#6,24.0,2971,202.466,16.674,39.54749,78.708,99.218,826359,1076014,1076014,18897,KEMA
2012-10-20,Well_#6,24.0,2894,202.621,16.394,46.54652,72.054,103.44,829780,1080318,1080318,18933,KEMA
2012-10-21,Well_#6,24.0,2900,202.645,19.238,45.94962,72.491,101.831,833143,1084542,1084542,18956,KEMA
2012-10-22,Well_#6,24.0,2893,202.667,19.447,46.54539,71.836,101.804,836569,1088861,1088861,18987,KEMA
2012-10-23,Well_#6,24.0,2885,202.699,19.607,47.30775,71.061,101.174,840094,1093297,1093297,18997,KEMA
2012-10-24,Well_#6,25.0,2880,202.729,20.027,47.94442,70.284,104.0,843931,1098115,1098115,19010,KEMA
2012-10-25,Well_#6,24.0,2882,202.739,20.031,47.80083,70.406,105.1,847553,1102746,1102746,19033,KEMA
2012-10-26,Well_#6,24.0,2886,202.743,20.046,47.51986,70.738,104.341,851281,1107445,1107445,19058,KEMA
2012-10-27,Well_#6,23.17,2945,202.653,18.071,40.55929,75.127,100.377,854104,1111013,1111013,19080,KEMA
2012-10-28,Well_#6,24.0,2905,202.69,18.748,46.26385,72.465,104.809,857576,1115367,1115367,19100,KEMA
2012-10-29,Well_#6,24.0,2890,202.704,19.721,46.82448,71.296,105.527,861091,1119765,1119765,19133,KEMA
2012-10-30,Well_#6,22.5,2937,202.632,18.001,41.04032,74.131,100.348,863850,1123186,1123186,19166,KEMA
2012-10-31,Well_#6,24.0,2842,202.765,18.579,54.13522,65.797,104.76,868293,1128751,1128751,19194,KEMA
2012-11-01,Well_#6,24.0,2767,202.966,21.424,63.6046,57.843,107.597,873232,1135091,1135091,19225,KEMA
2012-11-02,Well_#6,24.0,2755,203.021,21.629,65.91419,56.326,108.426,878356,1141586,1141586,19245,KEMA
2012-11-03,Well_#6,24.0,2748,203.05,21.479,66.81713,55.961,107.284,883544,1148049,1148049,19276,KEMA
2012-11-04,Well_#6,24.0,2744,203.065,21.174,67.27832,55.836,104.981,888748,1154615,1154615,19315,KEMA
2012-11-05,Well_#6,24.0,2732,203.106,21.145,70.74367,54.274,105.042,893885,1161027,1161027,19357,KEMA
2012-11-06,Well_#6,24.0,2732,203.123,21.225,70.75831,54.321,105.942,899026,1167455,1167455,19396,KEMA
2012-11-07,Well_#6,24.0,2736,203.136,21.309,69.84177,54.734,105.234,904140,1173842,1173842,19437,KEMA
2012-11-08,Well_#6,24.0,2743,203.14,21.341,68.19639,55.525,105.292,909200,1180170,1180170,19472,KEMA
2012-11-09,Well_#6,24.0,2745,203.153,21.392,68.21417,55.557,106.586,914276,1186513,1186513,19485,KEMA
2012-11-10,Well_#6,24.0,2747,203.165,21.614,68.20333,55.297,108.282,919341,1192868,1192868,19527,KEMA
2012-11-11,Well_#6,24.0,2748,203.176,21.627,68.23689,55.628,106.947,924425,1199230,1199230,19542,KEMA
2012-11-12,Well_#6,24.0,2750,203.188,21.57,68.26733,55.787,105.876,929532,1205621,1205621,19555,KEMA
2012-11-13,Well_#6,24.0,2754,203.197,21.59,67.78168,55.968,107.014,934629,1212004,1212004,19567,KEMA
2012-11-14,Well_#6,24.0,2754,203.202,21.598,67.73251,55.866,107.772,939711,1218375,1218375,19580,KEMA
2012-11-15,Well_#6,24.0,2755,203.21,21.594,66.33882,56.11,106.18,944788,1224739,1224739,19592,KEMA
2012-11-16,Well_#6,24.0,2754,203.212,21.482,67.76173,55.956,107.592,949862,1231114,1231114,19601,KEMA
2012-11-17,Well_#6,24.0,2733,203.223,21.351,72.56489,53.859,108.117,955086,1237668,1237668,19621,KEMA
2012-11-18,Well_#6,23.88,2739,203.23,21.353,70.34545,54.581,107.613,960202,1244091,1244091,19634,KEMA
2012-11-19,Well_#6,18.29,2811,203.099,17.621,60.75193,60.374,101.329,963756,1248538,1248538,20367,KEMA
2012-11-20,Well_#6,24.0,2756,203.237,21.551,67.74944,56.05,107.119,968790,1254887,1254887,21051,KEMA
2012-11-21,Well_#6,24.0,2786,203.192,21.577,62.84763,59.56,106.113,973621,1260940,1260940,21145,KEMA
2012-11-22,Well_#6,24.0,2762,203.216,21.532,65.97474,56.952,107.515,978592,1267237,1267237,21210,KEMA
2012-11-23,Well_#6,24.0,2757,203.253,21.741,67.96528,56.023,107.803,983655,1273635,1273635,21382,KEMA
2012-11-24,Well_#6,24.0,2752,203.287,21.891,70.48449,55.114,107.742,988801,1280143,1280143,21403,KEMA
2012-11-25,Well_#6,24.0,2749,203.317,21.844,72.35622,54.584,105.631,994001,1286750,1286750,21454,KEMA
2012-11-26,Well_#6,24.0,3003,202.965,18.935,42.02247,78.579,100.733,996898,1290253,1290253,21461,KEMA
2012-11-27,Well_#6,24.0,2843,203.181,20.143,62.31119,62.644,105.965,1001751,1296472,1296472,21508,KEMA
2012-11-28,Well_#6,24.0,2784,203.358,22.572,70.24967,56.092,108.92,1007007,1303132,1303132,21524,KEMA
2012-11-29,Well_#6,24.0,2819,203.341,22.314,66.29217,59.341,107.957,1012102,1309630,1309630,21543,KEMA
2012-11-30,Well_#6,24.0,2814,203.372,22.178,70.49833,57.775,108.213,1017379,1316351,1316351,21582,KEMA
2012-12-01,Well_#6,24.0,2802,203.423,23.0,70.10871,56.789,109.104,1022712,1323138,1323138,21621,KEMA
2012-12-02,Well_#6,24.0,2809,203.437,22.802,69.73646,57.687,105.984,1028146,1330035,1330035,21655,KEMA
2012-12-03,Well_#6,24.0,2836,203.422,22.669,65.06153,60.38,105.676,1033355,1336628,1336628,21694,KEMA
2012-12-04,Well_#6,24.0,2838,203.438,23.218,66.46088,59.516,109.136,1038648,1343352,1343352,21732,KEMA
2012-12-05,Well_#6,24.0,2856,203.431,23.479,66.66875,60.422,107.821,1043970,1350130,1350130,21765,KEMA
2012-12-06,Well_#6,24.0,2873,203.418,23.567,64.09198,62.012,107.899,1049212,1356424,1356424,21802,KEMA
2012-12-07,Well_#6,24.0,2872,203.412,23.597,64.53006,61.685,108.959,1054490,1362850,1362850,21817,KEMA
2012-12-08,Well_#6,24.0,2876,203.423,23.648,64.69298,61.87,108.526,1059776,1369595,1369595,21830,KEMA
2012-12-09,Well_#6,24.0,2906,203.391,23.454,61.63559,64.97,106.285,1064902,1376109,1376109,21846,KEMA
2012-12-10,Well_#6,24.0,2896,203.412,23.559,62.64984,63.772,106.413,1070142,1382777,1382777,21869,KEMA
2012-12-11,Well_#6,24.0,2901,203.424,23.4,62.66924,64.005,104.682,1075424,1389472,1389472,21885,KEMA
2012-12-12,Well_#6,24.0,2909,203.438,23.626,62.66249,64.249,105.25,1080726,1396216,1396216,21934,KEMA
2012-12-13,Well_#6,24.0,2915,203.446,23.931,62.79158,64.487,106.868,1085997,1402992,1402992,21948,KEMA
2012-12-14,Well_#6,24.0,2921,203.462,24.063,63.25265,64.511,106.459,1091298,1409832,1409832,21997,KEMA
2012-12-15,Well_#6,24.0,2928,203.473,24.378,63.25514,64.516,107.36,1096637,1416716,1416716,22060,KEMA
2012-12-16,Well_#6,24.0,2938,203.485,24.519,63.24998,64.937,106.605,1102014,1423632,1423632,22115,KEMA
2012-12-17,Well_#6,24.0,2945,203.495,24.788,63.32331,65.162,107.38,1107401,1430565,1430565,22182,KEMA
2012-12-18,Well_#6,24.0,2954,203.505,24.793,63.34706,65.283,108.393,1112818,1437550,1437550,22249,KEMA
2012-12-19,Well_#6,24.0,2963,203.514,25.045,63.3727,65.769,107.37,1118290,1444564,1444564,22314,KEMA
2012-12-20,Well_#6,24.0,2972,203.523,25.4,63.35065,65.781,109.609,1123788,1451605,1451605,22381,KEMA
2012-12-21,Well_#6,24.0,2982,203.531,25.708,63.08526,66.415,109.533,1129301,1458660,1458660,22395,KEMA
2012-12-22,Well_#6,24.0,2995,203.532,25.979,62.44119,67.024,110.307,0,0,0,0,KEMA
2012-12-23,Well_#6,24.0,3006,203.535,26.0,62.03865,68.083,109.498,0,0,0,0,KEMA
2012-12-24,Well_#6,24.0,3017,203.538,26.127,61.7554,68.637,109.59,0,0,0,0,KEMA
2012-12-25,Well_#6,24.0,3027,203.541,26.312,60.50302,68.649,110.323,0,0,0,0,KEMA
2012-12-26,Well_#6,24.0,3039,203.543,26.365,61.28419,69.547,109.531,0,0,0,0,KEMA
2012-12-27,Well_#6,24.0,3048,203.546,26.336,61.2049,70.026,108.902,0,0,0,0,KEMA
2012-12-28,Well_#6,24.0,3058,203.551,26.687,61.21606,70.38,109.522,0,0,0,0,KEMA
2012-12-29,Well_#6,24.0,3067,203.557,27.04,61.21766,70.438,110.39,0,0,0,0,KEMA
2012-12-30,Well_#6,24.0,3078,203.554,27.006,60.62755,71.018,110.468,0,0,0,0,KEMA
2012-12-31,Well_#6,24.0,3090,203.555,27.064,60.21567,71.709,110.341,0,0,0,0,KEMA
2013-01-01,Well_#6,24.0,3093,203.55,27.016,60.29822,71.769,110.366,0,0,0,0,KEMA
2013-01-02,Well_#6,24.0,3088,203.54,26.968,60.69575,71.302,110.285,0,0,0,0,KEMA
2013-01-03,Well_#6,24.0,3091,203.561,27.198,61.31431,71.045,110.099,0,0,0,0,KEMA
2013-01-04,Well_#6,22.0,3092,203.105,23.642,51.6073,77.935,103.438,0,0,0,0,KEMA
2013-01-05,Well_#6,24.0,0,29.091,26.549,61.22542,72.045,109.646,0,0,0,0,KEMA
2013-01-06,Well_#6,24.0,0,29.091,27.386,65.33767,68.489,109.533,0,0,0,0,KEMA
2013-01-07,Well_#6,24.0,0,29.091,27.314,62.67664,71.645,108.901,0,0,0,0,KEMA
2013-01-08,Well_#6,24.0,0,29.091,27.438,64.08093,70.184,106.923,0,0,0,0,KEMA
2013-01-09,Well_#6,24.0,0,29.091,27.352,60.46817,73.3,106.52,0,0,0,0,KEMA
2013-01-10,Well_#6,24.0,0,29.091,27.403,56.38311,77.676,106.715,0,0,0,0,KEMA
2013-01-11,Well_#6,24.0,3174,201.281,27.065,51.45374,82.739,108.939,0,0,0,0,KEMA
2013-01-12,Well_#6,24.0,3213,203.487,27.692,52.76798,81.36,110.507,0,0,0,0,KEMA
2013-01-13,Well_#6,24.0,3225,203.485,27.313,52.00658,82.843,108.131,0,0,0,0,KEMA
2013-01-14,Well_#6,24.0,3234,203.488,26.926,51.76695,83.512,106.817,0,0,0,0,KEMA
2013-01-15,Well_#6,24.0,3256,203.47,26.788,50.13891,85.473,106.778,0,0,0,0,KEMA
2013-01-16,Well_#6,24.0,3253,203.495,27.152,51.30181,84.638,107.455,0,0,0,0,KEMA
2013-01-17,Well_#6,24.0,3254,203.518,27.598,51.79296,84.264,107.001,0,0,0,0,KEMA
2013-01-18,Well_#6,24.0,3268,203.511,27.597,50.83468,85.551,107.695,0,0,0,0,KEMA
2013-01-19,Well_#6,23.15,3287,203.496,27.02,47.84756,87.067,106.311,0,0,0,0,KEMA
2013-01-20,Well_#6,23.68,3284,203.491,24.959,49.86984,86.169,105.074,0,0,0,0,KEMA
2013-01-21,Well_#6,24.0,3272,203.526,27.375,51.99413,84.726,108.965,0,0,0,0,KEMA
2013-01-22,Well_#6,24.0,3279,203.535,27.699,51.80502,85.185,109.258,0,0,0,0,KEMA
2013-01-23,Well_#6,24.0,3286,203.554,27.608,51.79489,85.484,108.545,0,0,0,0,KEMA
2013-01-24,Well_#6,24.0,3295,203.557,27.466,51.38528,86.237,108.581,0,0,0,0,KEMA
2013-01-25,Well_#6,24.0,3302,203.558,27.603,51.34268,86.636,108.424,0,0,0,0,KEMA
2013-01-26,Well_#6,24.0,3294,203.585,28.112,53.13363,84.72,110.088,0,0,0,0,KEMA
2013-01-27,Well_#6,24.0,3261,203.634,28.345,56.4563,80.624,109.749,0,0,0,0,KEMA
2013-01-28,Well_#6,24.0,3303,203.542,27.214,51.02972,86.747,107.888,0,0,0,0,KEMA
2013-01-29,Well_#6,24.0,3308,203.545,27.23,51.03915,86.935,107.513,0,0,0,0,KEMA
2013-01-30,Well_#6,24.0,3295,203.591,27.776,53.20937,84.561,108.392,0,0,0,0,KEMA
2013-01-31,Well_#6,24.0,3312,203.556,27.495,51.12604,86.836,107.768,0,0,0,0,KEMA
2013-02-01,Well_#6,24.0,3318,203.56,27.465,51.14965,87.166,107.138,0,0,0,0,KEMA
2013-02-02,Well_#6,24.0,3288,203.654,28.301,55.02495,82.56,110.274,0,0,0,0,KEMA
2013-02-03,Well_#6,24.0,3319,203.56,28.039,51.27967,86.76,110.854,0,0,0,0,KEMA
2013-02-04,Well_#6,24.0,3322,203.565,28.093,51.32802,86.935,110.634,0,0,0,0,KEMA
2013-02-05,Well_#6,15.84,3352,203.533,27.69,47.92887,90.072,109.52,0,0,0,0,KEMA
2013-02-06,Well_#6,21.83,3339,203.573,27.099,51.28212,87.452,110.421,0,0,0,0,KEMA
2013-02-07,Well_#6,24.0,3383,203.494,27.918,47.63367,92.343,109.915,0,0,0,0,KEMA
2013-02-08,Well_#6,24.0,3351,203.563,28.904,50.5802,88.586,111.026,0,0,0,0,KEMA
2013-02-09,Well_#6,24.0,3353,203.579,28.957,50.85285,88.442,110.903,0,0,0,0,KEMA
2013-02-10,Well_#6,24.0,3358,203.586,28.863,50.8748,88.641,110.926,0,0,0,0,KEMA
2013-02-11,Well_#6,22.0,3398,203.513,25.576,45.4927,92.252,107.237,0,0,0,0,KEMA
2013-02-12,Well_#6,24.0,3376,203.569,28.736,49.79176,90.475,110.094,0,0,0,0,KEMA
2013-02-13,Well_#6,24.0,3392,203.54,28.8,48.75859,91.951,110.521,0,0,0,0,KEMA
2013-02-14,Well_#6,22.64,3403,203.546,26.775,47.31098,92.092,108.814,0,0,0,0,KEMA
2013-02-15,Well_#6,24.0,3380,203.61,29.308,50.82152,89.683,111.104,0,0,0,0,KEMA
2013-02-16,Well_#6,24.0,3391,203.601,29.655,50.25471,90.524,111.631,0,0,0,0,KEMA
2013-02-17,Well_#6,24.0,3397,203.602,29.554,50.1816,90.831,111.776,0,0,0,0,KEMA
2013-02-18,Well_#6,24.0,3402,203.61,29.472,50.22592,91.104,111.083,0,0,0,0,KEMA
2013-02-19,Well_#6,24.0,3494,203.401,24.814,41.98632,100.954,105.053,0,0,0,0,KEMA
2013-02-20,Well_#6,24.0,3418,203.628,29.429,50.3375,91.666,111.259,0,0,0,0,KEMA
2013-02-21,Well_#6,24.0,3423,203.635,29.748,50.28252,91.856,111.636,0,0,0,0,KEMA
2013-02-22,Well_#6,24.0,3426,203.642,29.496,50.32883,92.077,111.42,0,0,0,0,KEMA
2013-02-23,Well_#6,22.0,3471,203.558,26.194,45.39998,96.789,105.979,0,0,0,0,KEMA
2013-02-24,Well_#6,24.0,3449,203.642,26.437,49.45753,93.753,110.693,0,0,0,0,KEMA
2013-02-25,Well_#6,24.0,3457,203.64,27.526,49.20211,94.316,111.571,0,0,0,0,KEMA
2013-02-26,Well_#6,24.0,3459,203.654,27.592,49.40652,94.526,110.611,0,0,0,0,KEMA
2013-02-27,Well_#6,24.0,3460,203.674,27.659,49.85503,94.264,109.624,0,0,0,0,KEMA
2013-02-28,Well_#6,24.0,3456,203.706,28.131,50.75903,93.044,110.479,0,0,0,0,KEMA
2013-03-01,Well_#6,24.0,3462,203.712,28.054,49.46572,93.664,109.71,0,0,0,0,KEMA
2013-03-02,Well_#6,24.0,3470,203.698,27.451,49.90172,94.56,108.479,0,0,0,0,KEMA
2013-03-03,Well_#6,11.17,3492,203.671,23.298,47.95769,96.219,108.884,0,0,0,0,KEMA
2013-03-04,Well_#6,24.0,3530,203.58,23.424,45.16791,100.455,109.055,0,0,0,0,KEMA
2013-03-05,Well_#6,24.0,3614,203.345,22.534,39.79281,111.001,105.707,0,0,0,0,KEMA
2013-03-06,Well_#6,24.0,3536,203.495,23.305,45.9951,101.414,106.035,0,0,0,0,KEMA
2013-03-07,Well_#6,18.53,3413,203.852,20.017,55.0593,86.19,110.887,0,0,0,0,KEMA
2013-03-08,Well_#6,21.23,3422,203.811,19.778,55.1475,87.055,111.657,0,0,0,0,KEMA
2013-03-09,Well_#6,23.5,3497,203.566,20.885,43.69805,97.919,105.656,0,0,0,0,KEMA
2013-03-10,Well_#6,24.0,3405,203.68,22.848,52.27697,89.313,110.199,0,0,0,0,KEMA
2013-03-11,Well_#6,19.94,3411,203.629,22.42,45.52175,89.126,109.371,0,0,0,0,KEMA
2013-03-12,Well_#6,0.0,3691,201.21,2.592,0.0,38.148,34.557,0,0,0,0,KEMA
2013-03-13,Well_#6,6.5,3629,200.768,2.1,32.5,78.127,42.313,0,0,0,0,KEMA
2013-03-14,Well_#6,13.0,3579,202.366,7.078,36.1,85.282,75.044,0,0,0,0,KEMA
2013-03-15,Well_#6,0.0,3635,200.545,1.508,0.0,35.354,38.972,0,0,0,0,KEMA
2013-03-16,Well_#6,22.14,3329,203.333,11.917,47.3409,89.028,103.004,0,0,0,0,KEMA
2013-03-17,Well_#6,24.0,3275,203.487,18.207,50.70707,85.149,109.765,0,0,0,0,KEMA
2013-03-18,Well_#6,24.0,3224,202.329,18.824,51.37017,82.59,108.313,0,0,0,0,KEMA
2013-03-19,Well_#6,24.0,3203,203.439,19.231,53.82318,79.404,110.848,0,0,0,0,KEMA
2013-03-20,Well_#6,24.0,3182,203.398,18.824,53.94449,78.506,110.553,0,0,0,0,KEMA
2013-03-21,Well_#6,24.0,3159,203.354,18.332,53.95206,77.545,110.097,0,0,0,0,KEMA
2013-03-22,Well_#6,24.0,3136,203.314,17.849,53.98404,76.654,109.738,0,0,0,0,KEMA
2013-03-23,Well_#6,4.19,3169,203.26,17.253,45.01147,81.691,105.842,0,0,0,0,KEMA
2013-03-24,Well_#6,0.0,3442,200.555,1.507,0.0,12.393,26.475,0,0,0,0,KEMA
2013-03-25,Well_#6,0.0,3446,200.084,0.982,0.0,18.431,26.255,0,0,0,0,KEMA
2013-03-26,Well_#6,0.0,3450,199.805,0.753,0.0,71.026,26.019,0,0,0,0,KEMA
2013-03-27,Well_#6,0.0,2327,143.556,0.458,0.0,79.224,23.978,0,0,0,0,KEMA
2013-03-28,Well_#6,6.14,3390,202.508,1.977,25.9445,98.734,73.081,0,0,0,0,KEMA
2013-03-29,Well_#6,24.0,3129,203.327,11.587,56.99216,74.28,106.536,0,0,0,0,KEMA
2013-03-30,Well_#6,24.0,3087,203.422,16.032,60.94874,69.997,110.476,0,0,0,0,KEMA
2013-03-31,Well_#6,24.0,3076,203.439,16.966,60.98591,69.836,109.874,0,0,0,0,KEMA
2013-04-01,Well_#6,24.0,3092,203.384,17.155,57.46294,72.732,109.297,0,0,0,0,KEMA
2013-04-02,Well_#6,24.0,3099,203.338,17.178,55.71183,74.174,109.135,0,0,0,0,KEMA
2013-04-03,Well_#6,24.0,3092,203.327,17.066,55.80897,73.665,108.106,0,0,0,0,KEMA
2013-04-04,Well_#6,24.0,3023,203.443,17.264,65.20476,65.44,109.351,0,0,0,0,KEMA
2013-04-05,Well_#6,24.0,2990,203.477,16.96,68.01265,62.908,108.525,0,0,0,0,KEMA
2013-04-06,Well_#6,24.0,3002,203.414,16.651,62.47673,66.241,108.564,0,0,0,0,KEMA
2013-04-07,Well_#6,24.0,2998,203.383,16.523,61.47575,66.566,109.408,0,0,0,0,KEMA
2013-04-08,Well_#6,24.0,2948,203.453,16.344,68.52675,61.219,108.739,0,0,0,0,KEMA
2013-04-09,Well_#6,24.0,2922,203.464,16.183,70.54196,59.619,109.481,0,0,0,0,KEMA
2013-04-10,Well_#6,24.0,2905,203.455,16.067,69.86612,59.205,109.988,0,0,0,0,KEMA
2013-04-11,Well_#6,24.0,2905,203.416,15.862,65.97469,60.805,110.042,0,0,0,0,KEMA
2013-04-12,Well_#6,24.0,2893,203.419,15.643,66.21553,60.392,109.738,0,0,0,0,KEMA
2013-04-13,Well_#6,24.0,2871,203.44,15.46,69.27777,58.529,109.762,0,0,0,0,KEMA
2013-04-14,Well_#6,24.0,2875,203.402,15.312,65.13956,60.283,109.614,0,0,0,0,KEMA
2013-04-15,Well_#6,24.0,2874,203.373,15.081,63.18433,60.92,109.73,0,0,0,0,KEMA
2013-04-16,Well_#6,24.0,2841,203.409,14.93,68.56318,57.575,109.922,0,0,0,0,KEMA
2013-04-17,Well_#6,24.0,2793,203.471,14.876,80.99091,52.528,109.643,0,0,0,0,KEMA
2013-04-18,Well_#6,24.0,2822,203.406,14.946,67.52922,57.52,109.61,0,0,0,0,KEMA
2013-04-19,Well_#6,24.0,2819,203.377,20.509,65.61035,58.431,108.03,0,0,0,0,KEMA
2013-04-20,Well_#6,23.17,2899,203.239,23.985,54.94723,65.78,106.264,0,0,0,0,KEMA
2013-04-21,Well_#6,24.0,2811,203.346,25.189,64.50499,58.525,107.814,0,0,0,0,KEMA
2013-04-22,Well_#6,24.0,2798,203.349,25.028,65.471,57.693,107.766,0,0,0,0,KEMA
2013-04-23,Well_#6,24.0,2784,203.354,24.994,66.64976,56.618,107.981,0,0,0,0,KEMA
2013-04-24,Well_#6,24.0,2769,203.358,24.869,68.00776,55.713,108.107,0,0,0,0,KEMA
2013-04-25,Well_#6,24.0,2758,203.361,24.689,69.10177,54.918,108.108,0,0,0,0,KEMA
2013-04-26,Well_#6,24.0,2754,203.365,24.787,67.67507,54.652,108.994,0,0,0,0,KEMA
2013-04-27,Well_#6,24.0,2752,203.372,24.665,69.12411,54.625,108.591,0,0,0,0,KEMA
2013-04-28,Well_#6,24.0,2752,203.383,24.598,67.71543,54.663,108.527,0,0,0,0,KEMA
2013-04-29,Well_#6,24.0,2753,203.395,24.494,69.16734,54.802,107.929,0,0,0,0,KEMA
2013-04-30,Well_#6,24.0,2757,203.401,24.618,68.26886,55.063,107.969,0,0,0,0,KEMA
2013-05-01,Well_#6,24.0,2759,203.41,24.675,68.19274,55.043,108.831,0,0,0,0,KEMA
2013-05-02,Well_#6,2.48,2838,203.406,24.699,46.84542,61.977,108.456,0,0,0,0,KEMA
2013-05-03,Well_#6,20.86,2868,203.16,17.003,55.12613,63.201,98.364,0,0,0,0,KEMA
2013-05-04,Well_#6,23.83,2828,203.377,23.312,61.36592,60.72,104.028,0,0,0,0,KEMA
2013-05-05,Well_#6,24.0,2795,203.431,24.57,65.69139,57.523,105.793,0,0,0,0,KEMA
2013-05-06,Well_#6,24.0,2789,203.455,25.034,67.30705,56.584,106.68,0,0,0,0,KEMA
2013-05-07,Well_#6,24.0,2791,203.478,25.397,67.723,56.061,109.471,0,0,0,0,KEMA
2013-05-08,Well_#6,24.0,2810,203.467,25.584,64.74121,57.919,109.58,0,0,0,0,KEMA
2013-05-09,Well_#6,24.0,2819,203.466,25.772,63.69264,58.682,109.81,0,0,0,0,KEMA
2013-05-10,Well_#6,24.0,2838,203.457,26.129,62.41749,59.596,109.926,0,0,0,0,KEMA
2013-05-11,Well_#6,24.0,2843,203.461,26.219,62.83735,59.768,109.541,0,0,0,0,KEMA
2013-05-12,Well_#6,24.0,2849,203.476,25.925,62.83598,60.188,107.591,0,0,0,0,KEMA
2013-05-13,Well_#6,24.0,2855,203.488,25.835,62.84241,60.513,106.394,0,0,0,0,KEMA
2013-05-14,Well_#6,24.0,2861,203.498,25.786,62.86171,60.739,107.164,0,0,0,0,KEMA
2013-05-15,Well_#6,24.0,2867,203.507,25.929,62.89483,60.903,108.945,0,0,0,0,KEMA
2013-05-16,Well_#6,24.0,2872,203.516,26.054,62.9077,61.177,108.982,0,0,0,0,KEMA
2013-05-17,Well_#6,24.0,2878,203.522,26.229,62.72837,61.428,109.573,0,0,0,0,KEMA
2013-05-18,Well_#6,24.0,2885,203.53,26.384,62.64841,61.596,109.982,0,0,0,0,KEMA
2013-05-19,Well_#6,24.0,2892,203.537,26.522,62.39298,61.67,110.693,0,0,0,0,KEMA
2013-05-20,Well_#6,24.0,2921,203.508,26.582,58.77508,64.652,110.196,0,0,0,0,KEMA
2013-05-21,Well_#6,24.0,2932,203.501,26.504,58.23547,65.476,109.525,0,0,0,0,KEMA
2013-05-22,Well_#6,24.0,2930,203.521,26.554,59.55904,64.886,109.483,0,0,0,0,KEMA
2013-05-23,Well_#6,24.0,2931,203.41,26.712,60.24002,64.443,110.327,0,0,0,0,KEMA
2013-05-24,Well_#6,24.0,2939,203.546,26.566,60.35382,64.654,108.976,0,0,0,0,KEMA
2013-05-25,Well_#6,24.0,2945,203.552,26.714,60.59892,64.568,110.695,0,0,0,0,KEMA
2013-05-26,Well_#6,24.0,2934,203.586,26.884,63.94534,62.769,110.62,0,0,0,0,KEMA
2013-05-27,Well_#6,24.0,2911,203.624,26.901,67.88406,59.931,110.909,0,0,0,0,KEMA
2013-05-28,Well_#6,24.0,2908,203.615,26.948,67.89739,59.716,111.319,0,0,0,0,KEMA
2013-05-29,Well_#6,24.0,2898,203.615,26.851,69.23057,58.606,111.603,0,0,0,0,KEMA
2013-05-30,Well_#6,24.0,2893,203.624,26.642,69.9521,58.167,111.224,0,0,0,0,KEMA
2013-05-31,Well_#6,24.0,2886,203.617,26.335,70.39383,57.824,110.747,0,0,0,0,KEMA
2013-06-01,Well_#6,24.0,2874,203.609,26.069,71.28654,57.064,110.575,0,0,0,0,KEMA
2013-06-02,Well_#6,24.0,2860,203.598,25.924,72.12178,56.365,110.711,0,0,0,0,KEMA
2013-06-03,Well_#6,21.98,2953,203.437,23.205,57.45767,65.253,104.768,0,0,0,0,KEMA
2013-06-04,Well_#6,24.0,2869,203.523,24.758,68.92041,58.04,109.843,0,0,0,0,KEMA
2013-06-05,Well_#6,24.0,2836,203.563,25.893,71.39343,55.834,110.626,0,0,0,0,KEMA
2013-06-06,Well_#6,24.0,2826,203.55,25.729,71.12014,55.573,110.66,0,0,0,0,KEMA
2013-06-07,Well_#6,24.0,2815,203.541,25.438,71.38611,54.998,110.702,0,0,0,0,KEMA
2013-06-08,Well_#6,22.83,2865,203.454,23.895,62.36388,60.068,106.659,0,0,0,0,KEMA
2013-06-09,Well_#6,24.0,2805,203.506,24.379,70.81818,54.918,109.996,0,0,0,0,KEMA
2013-06-10,Well_#6,22.5,2848,203.426,23.481,61.9154,59.558,107.894,0,0,0,0,KEMA
2013-06-11,Well_#6,24.0,2815,203.459,24.859,65.35384,57.55,110.311,0,0,0,0,KEMA
2013-06-12,Well_#6,24.0,2774,203.481,24.529,73.61629,53.478,110.298,0,0,0,0,KEMA
2013-06-13,Well_#6,24.0,2733,203.533,24.385,85.3303,49.249,110.254,0,0,0,0,KEMA
2013-06-14,Well_#6,24.0,2723,203.53,24.059,85.97281,49.277,108.633,0,0,0,0,KEMA
2013-06-15,Well_#6,24.0,2717,203.522,24.113,86.01115,48.875,108.65,0,0,0,0,KEMA
2013-06-16,Well_#6,24.0,2710,203.517,23.99,85.99326,48.592,109.578,0,0,0,0,KEMA
2013-06-17,Well_#6,24.0,2704,203.512,23.891,85.997,48.357,110.181,0,0,0,0,KEMA
2013-06-18,Well_#6,24.0,2882,203.248,23.526,49.61657,67.242,108.369,0,0,0,0,KEMA
2013-06-19,Well_#6,24.0,2899,203.179,23.061,47.67041,69.4,107.522,0,0,0,0,KEMA
2013-06-20,Well_#6,24.0,2893,203.184,23.264,48.19588,68.611,108.323,0,0,0,0,KEMA
2013-06-21,Well_#6,24.0,2893,203.18,23.148,48.19972,68.679,108.268,0,0,0,0,KEMA
2013-06-22,Well_#6,24.0,2893,203.179,23.017,48.23377,68.901,107.563,0,0,0,0,KEMA
2013-06-23,Well_#6,24.0,2893,203.179,22.95,48.31041,68.97,106.916,0,0,0,0,KEMA
2013-06-24,Well_#6,24.0,2893,203.18,22.924,48.3867,68.913,106.869,0,0,0,0,KEMA
2013-06-25,Well_#6,24.0,2872,203.211,23.208,50.37753,66.92,108.107,0,0,0,0,KEMA
2013-06-26,Well_#6,24.0,2863,203.234,23.581,51.21728,65.785,109.585,0,0,0,0,KEMA
2013-06-27,Well_#6,24.0,2863,203.237,23.654,51.18874,65.71,109.778,0,0,0,0,KEMA
2013-06-28,Well_#6,24.0,2863,203.238,23.645,51.18913,65.864,109.46,0,0,0,0,KEMA
2013-06-29,Well_#6,24.0,2862,203.241,23.633,51.23108,65.869,109.492,0,0,0,0,KEMA
2013-06-30,Well_#6,24.0,2862,203.242,23.674,51.24005,65.804,109.84,0,0,0,0,KEMA
2013-07-01,Well_#6,24.0,2863,203.245,23.628,51.21405,65.82,109.634,0,0,0,0,KEMA
2013-07-02,Well_#6,24.0,2863,203.245,23.515,51.19871,65.903,108.942,0,0,0,0,KEMA
2013-07-03,Well_#6,24.0,2863,203.248,23.582,51.18423,65.696,109.715,0,0,0,0,KEMA
2013-07-04,Well_#6,24.0,2863,203.249,23.439,51.17188,65.699,109.464,0,0,0,0,KEMA
2013-07-05,Well_#6,24.0,2862,203.253,23.067,51.19549,65.742,108.433,0,0,0,0,KEMA
2013-07-06,Well_#6,24.0,2862,203.255,22.945,51.21957,65.75,108.229,0,0,0,0,KEMA
2013-07-07,Well_#6,24.0,2862,203.257,22.916,51.24335,65.709,108.276,0,0,0,0,KEMA
2013-07-08,Well_#6,24.0,2857,203.265,23.077,51.78291,65.258,108.539,0,0,0,0,KEMA
2013-07-09,Well_#6,24.0,2856,203.271,23.291,51.93804,65.225,108.306,0,0,0,0,KEMA
2013-07-10,Well_#6,24.0,2856,203.275,23.321,51.98825,65.243,108.477,0,0,0,0,KEMA
2013-07-11,Well_#6,24.0,2860,203.269,23.241,51.45849,65.741,107.881,0,0,0,0,KEMA
2013-07-12,Well_#6,24.0,2867,203.258,23.213,50.76792,66.409,108.435,0,0,0,0,KEMA
2013-07-13,Well_#6,24.0,2867,203.259,23.408,50.73841,66.271,108.954,0,0,0,0,KEMA
2013-07-14,Well_#6,24.0,2868,203.259,23.28,50.70486,66.354,108.437,0,0,0,0,KEMA
2013-07-15,Well_#6,24.0,2873,203.289,23.296,51.28044,66.344,108.227,0,0,0,0,KEMA
2013-07-16,Well_#6,22.17,2967,203.195,20.872,42.46798,73.222,102.588,0,0,0,0,KEMA
2013-07-17,Well_#6,24.0,2930,203.254,22.625,48.35743,70.349,106.905,0,0,0,0,KEMA
2013-07-18,Well_#6,24.0,2908,203.349,24.221,50.79347,67.854,109.205,0,0,0,0,KEMA
2013-07-19,Well_#6,24.0,2920,203.375,24.221,50.82119,68.674,107.923,0,0,0,0,KEMA
2013-07-20,Well_#6,24.0,2938,203.389,24.423,50.32011,69.713,108.076,0,0,0,0,KEMA
2013-07-21,Well_#6,24.0,2951,203.407,24.699,50.37799,70.213,108.328,0,0,0,0,KEMA
2013-07-22,Well_#6,24.0,2965,203.423,24.929,49.25679,70.53,109.357,0,0,0,0,KEMA
2013-07-23,Well_#6,24.0,2979,203.44,25.293,50.29896,71.263,109.544,0,0,0,0,KEMA
2013-07-24,Well_#6,24.0,2995,203.45,25.39,50.1141,72.333,108.692,0,0,0,0,KEMA
2013-07-25,Well_#6,24.0,3011,203.461,25.586,49.9053,73.105,108.842,0,0,0,0,KEMA
2013-07-26,Well_#6,24.0,3025,203.473,25.689,49.93687,73.859,108.341,0,0,0,0,KEMA
2013-07-27,Well_#6,24.0,3040,203.483,25.981,49.84456,74.276,109.511,0,0,0,0,KEMA
2013-07-28,Well_#6,24.0,3065,203.469,26.159,48.86554,75.972,109.639,0,0,0,0,KEMA
2013-07-29,Well_#6,24.0,3078,203.457,26.145,48.76376,76.898,108.495,0,0,0,0,KEMA
2013-07-30,Well_#6,10.66,3094,203.451,26.09,46.0867,77.955,108.313,0,0,0,0,KEMA
2013-07-31,Well_#6,0.25,3452,200.369,3.537,1.2,108.341,37.815,0,0,0,0,KEMA
2013-08-01,Well_#6,23.84,3109,203.485,19.447,53.59996,74.195,101.646,0,0,0,0,KEMA
2013-08-02,Well_#6,24.0,3034,203.69,27.461,61.00185,67.183,110.015,0,0,0,0,KEMA
2013-08-03,Well_#6,22.91,3017,203.697,28.527,62.59172,65.517,110.429,0,0,0,0,KEMA
2013-08-04,Well_#6,13.93,3197,203.327,22.684,40.59908,84.073,104.244,0,0,0,0,KEMA
2013-08-05,Well_#6,24.0,3033,203.571,27.7,58.51604,68.389,111.028,0,0,0,0,KEMA
2013-08-06,Well_#6,24.0,3006,203.597,28.331,60.535,66.126,110.036,0,0,0,0,KEMA
2013-08-07,Well_#6,24.0,2986,203.604,28.172,62.17824,64.363,111.106,0,0,0,0,KEMA
2013-08-08,Well_#6,24.0,2961,203.634,28.082,64.98692,61.91,110.45,0,0,0,0,KEMA
2013-08-09,Well_#6,24.0,2950,203.631,27.841,65.27461,61.317,111.539,0,0,0,0,KEMA
2013-08-10,Well_#6,24.0,2929,203.646,27.786,67.52505,59.517,110.438,0,0,0,0,KEMA
2013-08-11,Well_#6,24.0,2906,203.662,27.447,70.02429,57.901,107.472,0,0,0,0,KEMA
2013-08-12,Well_#6,24.0,2897,203.682,27.147,71.52084,57.106,109.033,0,0,0,0,KEMA
2013-08-13,Well_#6,24.0,2899,203.713,27.518,71.69118,56.692,111.76,0,0,0,0,KEMA
2013-08-14,Well_#6,24.0,2903,203.731,27.565,71.74537,56.937,111.399,0,0,0,0,KEMA
2013-08-15,Well_#6,24.0,2907,203.745,27.441,71.98183,57.218,110.583,0,0,0,0,KEMA
2013-08-16,Well_#6,24.0,2912,203.757,27.461,71.9877,57.338,110.139,0,0,0,0,KEMA
2013-08-17,Well_#6,24.0,2916,203.765,27.666,71.8217,57.489,109.867,0,0,0,0,KEMA
2013-08-18,Well_#6,24.0,2920,203.771,27.704,71.83196,57.482,108.574,0,0,0,0,KEMA
2013-08-19,Well_#6,24.0,2922,203.774,27.715,71.87884,57.56,110.889,0,0,0,0,KEMA
2013-08-20,Well_#6,24.0,2925,203.784,27.769,72.3648,57.442,109.156,0,0,0,0,KEMA
2013-08-21,Well_#6,24.0,2920,203.81,27.897,74.91145,56.308,110.012,0,0,0,0,KEMA
2013-08-22,Well_#6,13.99,3022,203.73,25.898,55.68201,58.484,106.945,0,0,0,0,KEMA
2013-08-23,Well_#6,21.34,3061,203.564,24.463,55.11982,71.062,107.903,0,0,0,0,KEMA
2013-08-24,Well_#6,24.0,2954,203.762,28.38,69.23941,59.351,110.326,0,0,0,0,KEMA
2013-08-25,Well_#6,2.16,2999,203.763,28.514,54.45072,64.079,110.934,0,0,0,0,KEMA
2013-08-26,Well_#6,0.0,3416,200.792,4.253,0.0,87.985,35.844,0,0,0,0,KEMA
2013-08-27,Well_#6,0.0,3434,200.333,3.279,0.0,5.057,36.251,0,0,0,0,KEMA
2013-08-28,Well_#6,0.0,1729,114.773,2.491,0.0,2.469,34.802,0,0,0,0,KEMA
2013-08-29,Well_#6,0.0,3441,199.667,2.346,0.0,4.56,35.313,0,0,0,0,KEMA
2013-08-30,Well_#6,0.0,3433,199.953,2.355,0.0,45.595,38.606,0,0,0,0,KEMA
2013-08-31,Well_#6,11.58,3332,202.951,8.553,28.53417,94.16,85.416,0,0,0,0,KEMA
2013-09-01,Well_#6,14.34,3213,203.372,18.895,44.43053,83.294,103.067,0,0,0,0,KEMA
2013-09-02,Well_#6,24.0,3058,201.866,26.089,55.28379,69.356,108.892,0,0,0,0,KEMA
2013-09-03,Well_#6,24.0,3099,203.727,28.655,58.10174,70.254,110.177,0,0,0,0,KEMA
2013-09-04,Well_#6,24.0,3102,203.739,29.54,58.10112,69.994,111.325,0,0,0,0,KEMA
2013-09-05,Well_#6,24.0,3104,203.745,30.264,58.09612,69.95,112.377,0,0,0,0,KEMA
2013-09-06,Well_#6,24.0,3097,203.763,30.471,59.31041,69.0,112.556,0,0,0,0,KEMA
2013-09-07,Well_#6,24.0,3081,203.787,30.453,61.33134,67.3,112.234,0,0,0,0,KEMA
2013-09-08,Well_#6,24.0,3080,203.806,30.545,61.83863,66.909,112.423,0,0,0,0,KEMA
2013-09-09,Well_#6,24.0,3083,203.822,30.909,61.99439,66.925,112.807,0,0,0,0,KEMA
2013-09-10,Well_#6,24.0,3079,203.849,30.963,64.33748,65.814,112.862,0,0,0,0,KEMA
2013-09-11,Well_#6,24.0,3083,203.863,30.913,63.02513,66.256,112.737,0,0,0,0,KEMA
2013-09-12,Well_#6,24.0,3090,203.855,31.049,62.37056,66.883,112.772,0,0,0,0,KEMA
2013-09-13,Well_#6,24.0,3086,203.866,30.97,63.07652,66.546,111.875,0,0,0,0,KEMA
2013-09-14,Well_#6,24.0,3121,203.825,30.768,59.24781,70.577,111.393,0,0,0,0,KEMA
2013-09-15,Well_#6,24.0,3205,203.646,30.038,49.25344,80.124,110.995,0,0,0,0,KEMA
2013-09-16,Well_#6,24.0,3196,203.662,29.961,50.39086,79.161,108.913,0,0,0,0,KEMA
2013-09-17,Well_#6,24.0,3198,203.66,29.83,50.40794,79.208,108.744,0,0,0,0,KEMA
2013-09-18,Well_#6,24.0,3200,203.662,29.958,50.39779,79.128,110.309,0,0,0,0,KEMA
2013-09-19,Well_#6,24.0,3151,203.762,30.36,57.02165,72.772,111.356,0,0,0,0,KEMA
2013-09-20,Well_#6,24.0,3102,203.895,31.03,63.73268,66.634,110.406,0,0,0,0,KEMA
2013-09-21,Well_#6,10.83,3105,203.924,31.254,62.92036,66.459,112.622,0,0,0,0,KEMA
2013-09-22,Well_#6,0.5,3529,201.108,5.171,0.6,112.133,39.206,0,0,0,0,KEMA
2013-09-23,Well_#6,0.0,3530,200.501,3.605,0.0,111.525,34.764,0,0,0,0,KEMA
2013-09-24,Well_#6,0.0,3530,200.154,2.988,0.0,110.944,32.564,0,0,0,0,KEMA
2013-09-25,Well_#6,0.0,3529,199.965,2.653,0.0,109.249,32.124,0,0,0,0,KEMA
2013-09-26,Well_#6,22.01,3229,203.581,17.996,48.72685,79.622,101.08,0,0,0,0,KEMA
2013-09-27,Well_#6,24.0,3121,203.859,28.703,61.7281,68.169,111.493,0,0,0,0,KEMA
2013-09-28,Well_#6,24.0,3116,203.891,30.353,62.4508,67.754,109.241,0,0,0,0,KEMA
2013-09-29,Well_#6,24.0,3116,203.912,31.105,62.73293,67.222,111.373,0,0,0,0,KEMA
2013-09-30,Well_#6,24.0,3115,203.929,31.848,62.99446,66.958,112.487,0,0,0,0,KEMA
2013-10-01,Well_#6,24.0,3207,203.772,31.15,52.21294,78.11,109.731,0,0,0,0,KEMA
2013-10-02,Well_#6,24.0,3173,203.832,31.782,55.73965,73.675,111.865,0,0,0,0,KEMA
2013-10-03,Well_#6,24.0,3179,203.835,31.786,55.21491,74.309,111.316,0,0,0,0,KEMA
2013-10-04,Well_#6,24.0,3184,203.829,31.916,54.67597,74.84,111.669,0,0,0,0,KEMA
2013-10-05,Well_#6,24.0,3134,201.627,31.297,53.65323,74.04,109.472,0,0,0,0,KEMA
2013-10-06,Well_#6,24.0,3183,203.825,31.912,54.73307,74.761,111.791,0,0,0,0,KEMA
2013-10-07,Well_#6,24.0,3177,203.836,31.911,55.37482,73.958,112.169,0,0,0,0,KEMA
2013-10-08,Well_#6,21.75,3182,203.826,31.645,52.8236,74.783,111.966,0,0,0,0,KEMA
2013-10-09,Well_#6,24.0,3185,203.783,31.065,53.55954,76.004,110.273,0,0,0,0,KEMA
2013-10-10,Well_#6,23.17,3238,203.668,27.995,45.56181,80.854,105.371,0,0,0,0,KEMA
2013-10-11,Well_#6,24.0,3136,203.857,30.62,59.20931,70.013,111.924,0,0,0,0,KEMA
2013-10-12,Well_#6,6.49,3121,203.902,31.5,58.0862,68.112,112.534,0,0,0,0,KEMA
2013-10-13,Well_#6,23.5,3183,203.763,5.092,52.39205,75.752,107.382,0,0,0,0,KEMA
2013-10-14,Well_#6,24.0,3167,203.769,7.699,53.76611,74.75,111.435,0,0,0,0,KEMA
2013-10-15,Well_#6,24.0,3163,203.766,16.725,54.01077,74.612,110.474,0,0,0,0,KEMA
2013-10-16,Well_#6,24.0,3161,203.768,20.514,54.00859,74.64,108.22,0,0,0,0,KEMA
2013-10-17,Well_#6,24.0,3161,203.772,20.474,54.01376,74.605,108.16,0,0,0,0,KEMA
2013-10-18,Well_#6,7.99,3138,203.836,20.678,53.89996,71.569,109.333,0,0,0,0,KEMA
2013-10-19,Well_#6,2.68,3463,202.998,3.33,24.84367,98.919,71.723,0,0,0,0,KEMA
2013-10-20,Well_#6,24.83,3227,203.826,15.18,51.15358,77.558,104.639,0,0,0,0,KEMA
2013-10-21,Well_#6,24.0,3213,203.831,20.832,52.15134,77.127,111.886,0,0,0,0,KEMA
2013-10-22,Well_#6,24.0,3210,203.831,21.774,52.2164,76.806,112.14,0,0,0,0,KEMA
2013-10-23,Well_#6,24.0,3205,203.844,21.794,52.58804,76.344,110.947,0,0,0,0,KEMA
2013-10-24,Well_#6,23.33,3199,203.894,20.017,57.14225,73.894,107.886,0,0,0,0,KEMA
2013-10-25,Well_#6,24.0,3123,204.032,22.301,65.98804,66.114,111.753,0,0,0,0,KEMA
2013-10-26,Well_#6,24.0,3133,204.027,22.463,64.18691,67.413,111.487,0,0,0,0,KEMA
2013-10-27,Well_#6,24.0,3131,204.041,22.46,64.25908,67.046,110.902,0,0,0,0,KEMA
2013-10-28,Well_#6,24.0,3134,204.045,22.375,63.9103,67.387,110.213,0,0,0,0,KEMA
2013-10-29,Well_#6,24.0,3135,204.054,22.425,63.82282,67.276,110.545,0,0,0,0,KEMA
2013-10-30,Well_#6,15.5,3179,203.977,20.758,56.6043,72.21,108.375,0,0,0,0,KEMA
2013-10-31,Well_#6,24.0,3184,203.959,21.671,56.64219,73.38,109.059,0,0,0,0,KEMA
2013-11-01,Well_#6,24.0,3185,203.947,21.992,56.44965,73.582,110.405,0,0,0,0,KEMA
2013-11-02,Well_#6,24.0,3180,203.96,22.262,57.26311,72.679,111.849,0,0,0,0,KEMA
2013-11-03,Well_#6,24.0,3178,203.967,22.446,57.66962,72.129,112.763,0,0,0,0,KEMA
2013-11-04,Well_#6,23.33,3207,203.933,21.325,52.67255,75.365,109.146,0,0,0,0,KEMA
2013-11-05,Well_#6,24.0,3199,203.931,20.553,56.10077,73.947,110.403,0,0,0,0,KEMA
2013-11-06,Well_#6,24.0,3183,203.976,22.113,56.532,72.901,111.232,0,0,0,0,KEMA
2013-11-07,Well_#6,24.0,3182,203.979,21.891,56.93514,72.764,109.238,0,0,0,0,KEMA
2013-11-08,Well_#6,24.0,3184,203.978,21.858,56.80531,72.906,110.134,0,0,0,0,KEMA
2013-11-09,Well_#6,24.0,3181,203.991,0.0,57.36473,72.345,110.68,0,0,0,0,KEMA
2013-11-10,Well_#6,24.0,3172,204.01,0.0,58.30999,71.254,110.996,0,0,0,0,KEMA
2013-11-11,Well_#6,24.0,3158,204.043,0.0,60.35525,69.457,111.087,0,0,0,0,KEMA
2013-11-12,Well_#6,24.0,3131,204.104,0.0,64.94339,65.785,110.798,0,0,0,0,KEMA
2013-11-13,Well_#6,24.0,3118,204.145,0.0,67.05462,63.945,112.053,0,0,0,0,KEMA
2013-11-14,Well_#6,24.0,3121,204.147,0.0,66.7075,64.523,110.604,0,0,0,0,KEMA
2013-11-15,Well_#6,23.0,3185,204.052,0.0,58.02438,70.956,107.536,0,0,0,0,KEMA
2013-11-16,Well_#6,24.0,3123,204.151,0.0,66.73044,64.416,111.731,0,0,0,0,KEMA
2013-11-17,Well_#6,24.0,3119,204.157,0.0,67.05327,64.217,111.1,0,0,0,0,KEMA
2013-11-18,Well_#6,21.5,3163,204.079,0.0,60.94299,68.732,109.904,0,0,0,0,KEMA
2013-11-19,Well_#6,22.42,3160,204.106,0.0,61.22139,68.81,109.576,0,0,0,0,KEMA
2013-11-20,Well_#6,24.0,3115,204.173,0.0,67.11438,64.566,109.689,0,0,0,0,KEMA
2013-11-21,Well_#6,24.0,3115,204.171,0.0,67.09705,64.531,109.128,0,0,0,0,KEMA
2013-11-22,Well_#6,24.0,3116,204.186,23.023,66.04835,63.96,112.197,0,0,0,0,KEMA
2013-11-23,Well_#6,24.0,3117,204.204,23.304,67.84285,63.386,113.464,0,0,0,0,KEMA
2013-11-24,Well_#6,24.0,3109,204.234,23.239,70.09954,61.923,113.102,0,0,0,0,KEMA
2013-11-25,Well_#6,24.0,3106,204.243,23.209,69.29445,61.4,113.141,0,0,0,0,KEMA
2013-11-26,Well_#6,24.0,3108,204.25,23.311,70.52171,61.69,112.585,0,0,0,0,KEMA
2013-11-27,Well_#6,24.0,3109,204.252,22.946,70.5235,61.835,110.759,0,0,0,0,KEMA
2013-11-28,Well_#6,24.0,3107,204.255,22.852,70.71423,61.708,109.856,0,0,0,0,KEMA
2013-11-29,Well_#6,24.0,3100,204.271,22.941,72.76745,60.581,111.092,0,0,0,0,KEMA
2013-11-30,Well_#6,24.0,3123,204.237,22.924,69.45896,63.514,111.054,0,0,0,0,KEMA
2013-12-01,Well_#6,24.0,3118,204.235,22.907,69.43213,62.785,110.76,0,0,0,0,KEMA
2013-12-02,Well_#6,24.0,3100,204.28,23.086,72.92619,60.473,111.337,0,0,0,0,KEMA
2013-12-03,Well_#6,24.0,3099,204.285,23.183,73.07949,60.145,112.484,0,0,0,0,KEMA
2013-12-04,Well_#6,24.0,3099,204.288,23.2,72.90647,60.325,111.89,0,0,0,0,KEMA
2011-12-10,Well_#7,24.0,3081,202.238,938.901,71.95349,362.611,91.461,2775,2007,3036,423,KEMA
2011-12-11,Well_#7,24.0,3084,202.23,943.639,70.91464,364.606,91.788,5515,3996,5991,773,KEMA
2011-12-12,Well_#7,24.0,3083,202.227,943.897,70.74211,364.732,91.743,8247,5976,9033,1336,KEMA
2011-12-13,Well_#7,23.0,3100,202.205,910.834,68.15052,372.298,90.712,10772,7807,11727,1935,KEMA
2011-12-14,Well_#7,24.0,3087,202.217,959.864,69.88956,367.012,91.55,13462,9764,14659,2527,KEMA
2011-12-15,Well_#7,24.0,3088,202.209,949.728,70.57019,366.94,91.451,16146,11777,17703,3109,KEMA
2011-12-16,Well_#7,24.0,3084,202.214,947.033,69.9416,366.13,91.063,18825,13721,20580,3468,KEMA
2011-12-17,Well_#7,22.86,3087,202.21,932.439,68.83235,368.193,89.305,21334,15550,23349,4020,KEMA
2011-12-18,Well_#7,23.48,3320,201.738,712.989,40.8418,361.725,82.424,22592,16454,24688,4330,KEMA
2011-12-19,Well_#7,15.03,3061,202.216,934.796,73.50332,352.039,89.527,24281,17671,26555,4777,KEMA
2011-12-20,Well_#7,20.14,3091,202.119,788.767,69.73197,376.099,88.25,26395,19185,28884,5365,KEMA
2011-12-21,Well_#7,24.0,3034,202.183,936.004,76.15446,345.908,89.572,29069,21101,31777,6066,KEMA
2011-12-22,Well_#7,24.0,3025,202.191,937.672,77.30219,341.746,89.372,31747,23029,34586,6593,KEMA
2011-12-23,Well_#7,24.0,3037,202.181,946.266,73.54937,349.865,90.307,34324,24885,37346,7198,KEMA
2011-12-24,Well_#7,24.0,3043,202.175,951.305,72.07573,353.441,90.803,36856,26708,40059,7859,KEMA
2011-12-25,Well_#7,24.0,3043,202.184,944.125,72.52885,353.067,90.198,39438,28583,42870,8482,KEMA
2011-12-26,Well_#7,24.0,3045,202.195,955.375,72.72959,351.473,91.411,42012,30447,45720,9162,KEMA
2011-12-27,Well_#7,24.0,3044,202.198,950.732,72.93774,350.688,91.349,44562,32292,48417,9629,KEMA
2011-12-28,Well_#7,24.0,3042,202.201,945.459,73.33445,349.276,91.164,47211,34206,51245,10397,KEMA
2011-12-29,Well_#7,24.0,3041,202.209,942.625,73.61723,348.792,90.902,49852,36124,54140,11131,KEMA
2011-12-30,Well_#7,24.0,3041,202.215,940.237,73.73479,348.692,90.489,52492,38040,57080,11915,KEMA
2011-12-31,Well_#7,24.0,3041,202.219,943.458,73.4234,348.649,91.117,55113,40019,60027,12668,KEMA
2012-01-01,Well_#7,24.0,3040,202.228,937.774,73.83465,348.171,90.136,57744,41929,62827,13459,KEMA
2012-01-02,Well_#7,24.0,3038,202.234,933.682,74.12605,347.274,89.794,60373,43836,65710,14307,KEMA
2012-01-03,Well_#7,24.0,3037,202.24,943.776,74.23099,345.454,91.124,62986,45736,68578,15101,KEMA
2012-01-04,Well_#7,24.0,3038,202.248,942.334,74.06503,345.488,90.965,65586,47630,71449,15851,KEMA
2012-01-05,Well_#7,24.0,3037,202.256,942.586,74.13604,345.372,90.628,68189,49525,74337,16393,KEMA
2012-01-06,Well_#7,24.0,3037,202.264,943.616,74.09392,345.627,90.524,70789,51416,77228,16944,KEMA
2012-01-07,Well_#7,24.0,3036,202.272,949.813,72.82486,344.541,90.738,73384,53305,80121,17654,KEMA
2012-01-08,Well_#7,24.0,3036,202.281,953.678,72.94007,343.845,90.699,75977,55192,82998,18234,KEMA
2012-01-09,Well_#7,22.83,3127,202.157,873.842,60.41023,404.238,87.364,77994,56727,85338,18749,KEMA
2012-01-10,Well_#7,24.0,3042,202.255,938.323,71.87259,348.81,89.363,80565,58596,88122,19355,KEMA
2012-01-11,Well_#7,24.0,3035,202.28,959.273,74.67883,342.863,90.054,83144,60470,90944,20048,KEMA
2012-01-12,Well_#7,24.0,3033,202.294,956.091,75.14006,342.58,88.81,85724,62342,93675,20674,KEMA
2012-01-13,Well_#7,24.0,3031,202.31,953.278,75.04702,341.543,88.357,88292,64204,96502,21369,KEMA
2012-01-14,Well_#7,24.0,3027,202.334,960.48,75.24943,338.875,88.655,90838,66051,99326,22259,KEMA
2012-01-15,Well_#7,24.0,3023,202.357,977.232,75.23974,336.091,89.582,93355,67877,101987,23123,KEMA
2012-01-16,Well_#7,24.0,3018,202.386,987.624,75.16455,333.663,88.397,95845,69679,104733,24050,KEMA
2012-01-17,Well_#7,24.0,3014,202.409,908.19,75.23368,330.513,89.467,98298,71456,107401,24978,KEMA
2012-01-18,Well_#7,24.0,3013,202.432,928.691,75.15432,328.458,90.487,100642,73152,110013,26100,KEMA
2012-01-19,Well_#7,24.0,3011,202.451,946.933,75.17542,327.169,90.815,102966,74834,112548,27198,KEMA
2012-01-20,Well_#7,24.0,3009,202.472,945.437,75.19635,326.119,89.069,105280,76508,115082,28514,KEMA
2012-01-21,Well_#7,24.0,3009,202.49,953.857,75.25085,324.642,89.458,107574,78176,117544,29834,KEMA
2012-01-22,Well_#7,24.0,3010,202.503,960.311,75.24938,323.971,89.234,109855,79839,119999,31152,KEMA
2012-01-23,Well_#7,24.0,3021,202.505,974.678,74.02601,328.974,89.121,111861,81357,122209,32283,KEMA
2012-01-24,Well_#7,24.0,3026,202.532,992.99,75.26627,325.44,89.632,114081,83011,124684,33536,KEMA
2012-01-25,Well_#7,24.0,3046,202.507,1008.61,75.26082,327.411,91.188,116379,84677,127150,34879,KEMA
2012-01-26,Well_#7,23.33,3109,202.427,970.59,64.59806,367.97,88.923,118356,86147,129408,36015,KEMA
2012-01-27,Well_#7,24.0,3067,202.478,1021.07,72.12867,338.19,90.857,120566,87755,131854,37295,KEMA
2012-01-28,Well_#7,24.0,3046,202.541,1030.52,81.16175,316.078,91.587,122879,89437,134406,38684,KEMA
2012-01-29,Well_#7,24.0,3044,202.568,1046.04,83.68664,310.605,92.087,125232,91148,136967,40036,KEMA
2012-01-30,Well_#7,24.0,3045,202.587,1053.19,85.11596,308.021,91.8,127592,92866,139545,41436,KEMA
2012-01-31,Well_#7,24.0,3049,202.6,1062.8,85.23858,307.477,92.136,129943,94579,142148,42899,KEMA
2012-02-01,Well_#7,24.0,3056,202.608,1080.17,84.21978,308.368,92.35,132279,96278,144681,44355,KEMA
2012-02-02,Well_#7,24.0,3071,202.607,1088.31,81.74401,315.79,92.204,134552,97936,147095,45822,KEMA
2012-02-03,Well_#7,24.0,3084,202.588,1102.09,77.16578,323.094,92.666,136694,99557,149596,47312,KEMA
2012-02-04,Well_#7,24.0,3111,202.56,1101.44,72.82127,342.383,91.392,138750,101070,151801,49068,KEMA
2012-02-05,Well_#7,24.0,3096,202.599,1110.72,74.07477,331.251,90.752,140879,102620,154150,50515,KEMA
2012-02-06,Well_#7,24.0,3100,202.609,1123.52,74.03822,330.521,91.204,142996,104164,156480,51586,KEMA
2012-02-07,Well_#7,24.0,3115,202.598,1143.08,73.20918,336.329,92.859,145066,105686,158698,53094,KEMA
2012-02-08,Well_#7,24.0,3097,202.642,1152.26,76.25191,323.901,92.97,147229,107264,161056,54742,KEMA
2012-02-09,Well_#7,24.0,3099,202.65,1159.28,76.21528,323.24,93.065,149380,108833,163399,56382,KEMA
2012-02-10,Well_#7,24.0,3103,202.653,957.654,75.99397,324.173,92.73,151504,110385,165743,57974,KEMA
2012-02-11,Well_#7,24.0,3113,202.649,963.287,74.47339,327.084,93.208,153557,111879,168009,59712,KEMA
2012-02-12,Well_#7,24.0,3146,202.611,969.855,69.93827,347.098,93.188,155465,113261,170028,61393,KEMA
2012-02-13,Well_#7,24.0,3160,202.556,961.09,66.40357,356.764,93.253,157334,114594,172080,63081,KEMA
2012-02-14,Well_#7,13.59,3157,202.605,944.693,64.48433,332.652,92.28,158390,115361,173242,63960,KEMA
2012-02-15,Well_#7,13.8,3113,202.581,813.666,70.47561,344.15,90.697,159419,116091,174358,64599,KEMA
2012-02-16,Well_#7,24.0,3104,202.607,926.053,70.73496,344.01,90.122,161473,117586,176581,66302,KEMA
2012-02-17,Well_#7,24.0,3109,202.623,966.334,70.76733,341.375,89.831,163493,119057,178806,67954,KEMA
2012-02-18,Well_#7,22.04,3182,202.534,880.199,63.0327,379.576,87.544,165099,120226,180559,69332,KEMA
2012-02-19,Well_#7,24.0,3112,202.683,995.342,71.58594,338.756,92.015,167113,121693,182810,71118,KEMA
2012-02-20,Well_#7,24.0,3116,202.686,1011.44,70.8372,335.517,93.02,169086,123130,185022,72913,KEMA
2012-02-21,Well_#7,24.0,3121,202.694,1020.28,72.83685,332.81,93.112,171104,124600,187284,74769,KEMA
2012-02-22,Well_#7,24.0,3127,202.703,1029.24,72.93807,331.31,93.202,173102,126059,189455,76619,KEMA
2012-02-23,Well_#7,23.5,3178,202.675,1014.92,65.90551,357.62,92.432,174832,127347,191440,78211,KEMA
2012-02-24,Well_#7,24.0,3139,202.717,1042.22,72.29625,333.492,92.812,176828,128821,193640,80151,KEMA
2012-02-25,Well_#7,18.5,3118,200.728,1024.29,69.43099,333.92,89.755,178471,130033,195412,81541,KEMA
2012-02-26,Well_#7,19.69,3237,202.571,951.672,59.27711,388.348,87.49,179902,131101,197006,83674,KEMA
2012-02-27,Well_#7,17.6,3148,202.75,989.649,67.01692,332.549,92.65,181456,132225,198732,86114,KEMA
2012-02-28,Well_#7,23.5,3249,202.414,996.632,54.65945,416.165,85.964,183189,133465,200600,87904,KEMA
2012-02-29,Well_#7,24.0,3141,202.601,1094.81,62.79044,373.1,92.539,185261,134952,202871,89712,KEMA
2012-03-01,Well_#7,24.0,3142,202.558,1126.17,60.89497,377.573,92.101,187274,136394,205074,91514,KEMA
2012-03-02,Well_#7,20.83,3141,202.529,1140.56,59.83447,378.777,91.668,188996,137626,206876,93092,KEMA
2012-03-03,Well_#7,13.34,3137,202.481,844.994,63.66892,367.697,90.094,190199,138492,208160,93899,KEMA
2012-03-04,Well_#7,24.0,3081,202.569,1082.68,67.704,347.312,92.56,192372,140045,210499,96304,KEMA
2012-03-05,Well_#7,24.0,3068,202.554,1122.53,67.80204,341.27,92.738,194501,141569,212752,98203,KEMA
2012-03-06,Well_#7,23.67,3110,202.472,1096.84,61.12472,364.594,91.452,196251,142829,214677,99643,KEMA
2012-03-07,Well_#7,15.33,3084,202.459,1110.02,60.39289,354.537,92.212,197522,143762,216079,100612,KEMA
2012-03-08,Well_#7,24.0,3056,202.506,1130.04,64.27129,337.488,92.725,199380,145153,218150,102176,KEMA
2012-03-09,Well_#7,24.0,3043,202.569,1145.78,70.19005,323.78,92.459,201281,146563,220277,103832,KEMA
2012-03-10,Well_#7,24.0,3041,202.616,1042.4,73.66667,313.832,93.111,203211,147977,222364,105890,KEMA
2012-03-11,Well_#7,24.0,3061,202.612,987.459,70.74774,319.834,92.999,205070,149343,224442,107666,KEMA
2012-03-12,Well_#7,24.0,3053,202.648,991.7,76.12645,310.351,92.131,206986,150732,226497,109704,KEMA
2012-03-13,Well_#7,24.0,3041,202.651,988.308,79.85003,303.014,91.383,208949,152219,228661,111569,KEMA
2012-03-14,Well_#7,24.0,3033,202.632,980.423,79.99953,300.814,90.648,210893,153628,230819,113693,KEMA
2012-03-15,Well_#7,24.0,3026,202.615,983.044,80.07827,296.778,92.91,212817,155020,232879,115813,KEMA
2012-03-16,Well_#7,24.0,3019,202.601,981.106,80.64186,293.656,93.442,214731,156404,235003,117947,KEMA
2012-03-17,Well_#7,24.0,3012,202.587,976.633,80.91718,293.024,92.823,216458,157655,236837,119825,KEMA
2012-03-18,Well_#7,24.0,3005,202.576,971.236,81.15679,290.567,92.65,218165,158908,238692,121891,KEMA
2012-03-19,Well_#7,24.0,3010,202.594,975.614,81.33351,290.804,92.5,219868,160156,240539,123845,KEMA
2012-03-20,Well_#7,24.0,3017,202.617,984.952,82.18329,290.362,92.44,221581,161411,242411,125873,KEMA
2012-03-21,Well_#7,24.0,3020,202.642,984.54,86.566,287.175,91.886,223343,162702,244306,128053,KEMA
2012-03-22,Well_#7,24.0,3024,202.663,995.546,89.86449,284.412,92.074,225137,164018,246229,130246,KEMA
2012-03-23,Well_#7,23.0,3027,202.684,1004.48,92.68756,281.463,92.799,226892,165303,248136,132461,KEMA
2012-03-24,Well_#7,24.0,3032,202.7,1014.02,99.94708,279.374,93.721,228762,166674,250204,134851,KEMA
2012-03-25,Well_#7,24.0,3041,202.711,1010.76,99.99982,282.121,91.46,230499,167957,252136,137361,KEMA
2012-03-26,Well_#7,24.0,3048,202.723,1020.24,97.91667,281.491,92.136,232242,169243,254009,140113,KEMA
2012-03-27,Well_#7,11.17,3355,202.178,675.506,38.45268,439.015,81.15,232635,169552,254485,140731,KEMA
2012-03-28,Well_#7,24.0,3072,202.773,984.14,89.77865,289.834,92.291,234339,170835,256395,143230,KEMA
2012-03-29,Well_#7,23.5,3124,202.719,1034.34,81.0083,316.963,91.154,235932,171998,258142,145659,KEMA
2012-03-30,Well_#7,24.0,3079,202.794,1091.04,93.8512,285.314,93.481,237680,173273,260076,148338,KEMA
2012-03-31,Well_#7,24.0,3093,202.786,1101.87,84.92011,290.757,93.235,239394,174529,261947,150912,KEMA
2012-04-01,Well_#7,24.0,3110,202.773,1099.65,80.19967,296.749,92.736,241066,175757,263819,153378,KEMA
2012-04-02,Well_#7,24.0,3119,202.775,1115.51,79.23775,296.19,93.904,242731,176982,265702,156031,KEMA
2012-04-03,Well_#7,24.0,3126,202.782,1119.45,79.25137,295.675,94.341,244330,178162,267495,158887,KEMA
2012-04-04,Well_#7,24.0,3132,202.784,1123.51,78.54738,296.084,94.696,245915,179318,269278,161551,KEMA
2012-04-05,Well_#7,24.0,3127,202.756,1116.76,78.11397,295.892,94.647,247489,180458,271028,164236,KEMA
2012-04-06,Well_#7,24.0,3118,202.729,1105.42,78.24117,295.235,94.423,249051,181591,272731,166845,KEMA
2012-04-07,Well_#7,24.0,3111,202.708,1093.26,78.33394,293.626,94.428,250605,182719,274456,169449,KEMA
2012-04-08,Well_#7,24.0,3103,202.694,1079.99,78.93999,290.922,94.421,252155,183847,276182,172085,KEMA
2012-04-09,Well_#7,24.0,3094,202.682,1074.79,79.73459,288.398,94.437,253763,185008,277962,173875,KEMA
2012-04-10,Well_#7,24.0,3085,202.672,1063.89,80.91441,285.537,94.438,255373,186174,279688,176160,KEMA
2012-04-11,Well_#7,24.0,3073,202.666,1054.76,84.00856,281.789,94.128,257002,187354,281406,178456,KEMA
2012-04-12,Well_#7,23.33,3113,202.6,1010.88,71.78365,306.963,92.135,258435,188392,282955,180621,KEMA
2012-04-13,Well_#7,24.0,3066,202.631,1038.83,78.62221,284.696,93.861,260010,189529,284666,182766,KEMA
2012-04-14,Well_#7,24.0,3051,202.614,1029.61,81.94453,280.743,93.452,261605,190705,286438,185080,KEMA
2012-04-15,Well_#7,24.0,3028,202.609,1015.27,97.48131,272.774,93.076,263307,191932,288300,187160,KEMA
2012-04-16,Well_#7,24.0,3017,202.595,1006.34,99.89162,269.254,93.677,264792,193001,289867,189507,KEMA
2012-04-17,Well_#7,24.0,3005,202.575,998.859,99.92831,268.247,93.379,266267,194067,291452,192024,KEMA
2012-04-18,Well_#7,24.0,2990,202.554,985.67,99.96237,266.408,93.701,267718,195145,293094,194508,KEMA
2012-04-19,Well_#7,24.0,3096,202.42,963.58,70.81062,320.102,92.507,268976,196076,294460,196743,KEMA
2012-04-20,Well_#7,24.0,3162,202.322,926.645,51.24173,352.611,90.406,270053,196847,295595,198758,KEMA
2012-04-21,Well_#7,24.0,3303,202.13,683.101,38.1281,399.661,81.347,270871,197452,296519,200282,KEMA
2012-04-22,Well_#7,24.0,3121,202.499,995.63,58.72166,323.712,93.46,272125,198375,297921,202533,KEMA
2012-04-23,Well_#7,24.0,3286,202.244,803.258,42.22744,399.971,82.914,273022,199040,298896,204028,KEMA
2012-04-24,Well_#7,24.0,3249,202.376,799.469,48.90363,367.345,86.663,274081,199824,300047,205885,KEMA
2012-04-25,Well_#7,24.0,3148,202.599,1021.49,59.81013,324.111,93.349,275368,200772,301486,208109,KEMA
2012-04-26,Well_#7,24.0,3156,202.605,1031.18,60.17982,323.205,94.116,276662,201726,302955,210338,KEMA
2012-04-27,Well_#7,24.0,3156,202.625,1045.58,62.11121,318.427,94.358,277983,202697,304445,212583,KEMA
2012-04-28,Well_#7,24.0,3154,202.627,1047.97,63.22424,315.331,94.349,279312,203671,305942,214838,KEMA
2012-04-29,Well_#7,15.5,3222,202.486,852.005,53.51503,347.262,88.831,280074,204231,306773,216073,KEMA
2012-04-30,Well_#7,24.0,3173,202.658,1049.61,59.62318,324.964,94.069,281361,205172,308186,218406,KEMA
2012-05-01,Well_#7,24.0,3180,202.649,1069.46,59.21863,327.719,93.289,282626,206101,309593,220517,KEMA
2012-05-02,Well_#7,24.0,3187,202.65,1077.66,59.25461,327.635,93.789,283873,207019,311000,222779,KEMA
2012-05-03,Well_#7,24.0,3194,202.651,1082.78,59.21212,326.324,94.367,285114,207933,312382,225084,KEMA
2012-05-04,Well_#7,24.0,3201,202.657,1088.53,59.17946,326.51,94.308,286351,208843,313743,227382,KEMA
2012-05-05,Well_#7,24.0,3208,202.664,1087.97,59.16183,326.998,93.958,287734,209862,315315,229887,KEMA
2012-05-06,Well_#7,24.0,3216,202.667,1097.71,58.81886,327.806,94.441,289109,210874,316862,232373,KEMA
2012-05-07,Well_#7,24.0,3226,202.664,1100.87,58.45828,329.852,94.579,290465,211844,318275,234846,KEMA
2012-05-08,Well_#7,24.0,3231,202.675,1107.76,58.81314,330.043,94.177,291798,212837,319744,237181,KEMA
2012-05-09,Well_#7,24.0,3238,202.682,1109.91,58.87366,331.139,93.941,293149,213842,321256,239536,KEMA
2012-05-10,Well_#7,24.0,3245,202.687,1121.27,57.67352,330.818,94.623,294497,214842,322772,241985,KEMA
2012-05-11,Well_#7,24.0,3253,202.691,1127.7,58.87777,329.886,95.125,295840,215837,324268,244303,KEMA
2012-05-12,Well_#7,24.0,3260,202.697,1132.63,58.88293,330.387,95.177,297175,216826,325788,246866,KEMA
2012-05-13,Well_#7,24.0,3272,202.692,1141.66,57.92429,335.016,95.327,298495,217804,327255,249620,KEMA
2012-05-14,Well_#7,24.0,3285,202.682,1146.72,57.139,340.004,95.272,299782,218758,328682,252162,KEMA
2012-05-15,Well_#7,24.0,3299,202.676,1148.34,56.29031,343.487,95.411,301056,219703,330066,254958,KEMA
2012-05-16,Well_#7,24.0,3312,202.667,1132.93,55.33312,347.49,95.318,302317,220639,331473,257624,KEMA
2012-05-17,Well_#7,24.0,3322,202.665,1041.4,54.84136,350.569,95.48,303568,221577,332845,260282,KEMA
2012-05-18,Well_#7,24.0,3329,202.672,1047.23,54.86861,351.048,95.509,304819,222504,334197,262876,KEMA
2012-05-19,Well_#7,24.0,3336,202.68,1044.04,54.90034,352.51,95.058,306067,223431,335546,265466,KEMA
2012-05-20,Well_#7,24.0,3344,202.684,1047.94,54.70406,353.67,94.832,307308,224353,336928,268153,KEMA
2012-05-21,Well_#7,24.0,3351,202.689,1057.43,54.61929,354.809,95.271,308546,225270,338281,271000,KEMA
2012-05-22,Well_#7,24.0,3355,202.69,1063.72,54.65395,356.17,95.172,309756,226169,339660,273473,KEMA
2012-05-23,Well_#7,21.67,3391,202.658,995.022,50.13662,368.645,93.093,310763,226914,340749,275261,KEMA
2012-05-24,Well_#7,24.0,3357,202.718,1087.9,54.79016,353.163,95.467,311991,227818,342118,278137,KEMA
2012-05-25,Well_#7,24.0,3379,202.675,1067.79,52.54288,367.081,94.13,313164,228671,343408,280897,KEMA
2012-05-26,Well_#7,24.0,3622,202.205,762.915,31.88837,488.442,87.728,313925,229214,344213,282547,KEMA
2012-05-27,Well_#7,24.0,3580,202.292,853.266,36.96891,469.354,90.31,314831,229871,345218,283865,KEMA
2012-05-28,Well_#7,24.0,3427,202.62,1057.95,50.25268,390.02,94.365,316042,230758,346540,286662,KEMA
2012-05-29,Well_#7,24.0,3420,202.622,1071.23,50.47827,385.951,95.579,317244,231645,347868,289381,KEMA
2012-05-30,Well_#7,24.0,3423,202.634,1081.07,50.90541,384.336,95.649,318437,232525,349176,292021,KEMA
2012-05-31,Well_#7,24.0,3427,202.642,1087.56,51.06277,383.454,95.535,319611,233394,350507,295038,KEMA
2012-06-01,Well_#7,24.0,3430,202.651,1090.77,51.24939,382.458,95.221,320783,234262,351821,297958,KEMA
2012-06-02,Well_#7,24.0,3431,202.658,1099.45,51.58466,379.688,95.835,321974,235145,353157,300865,KEMA
2012-06-03,Well_#7,24.0,3432,202.663,1107.45,51.74882,379.235,95.655,323166,236028,354450,303779,KEMA
2012-06-04,Well_#7,24.0,3430,202.665,1103.34,52.01283,376.411,95.857,324357,236910,355789,306522,KEMA
2012-06-05,Well_#7,24.0,3430,202.662,1103.77,52.05561,375.686,95.908,325546,237772,357050,309369,KEMA
2012-06-06,Well_#7,24.0,3431,202.663,1106.65,52.13987,374.611,95.828,326756,238668,358426,311975,KEMA
2012-06-07,Well_#7,24.0,3430,202.662,1097.36,52.20359,374.386,95.084,327960,239561,359736,314676,KEMA
2012-06-08,Well_#7,24.0,3418,202.686,1110.77,53.34549,367.034,95.896,329177,240462,361053,317100,KEMA
2012-06-09,Well_#7,22.83,3419,202.687,1108.67,52.76585,368.978,95.9,330373,241350,362369,319909,KEMA
2012-06-10,Well_#7,24.0,3428,202.668,1102.96,51.82793,373.52,95.839,331565,242234,363658,322841,KEMA
2012-06-11,Well_#7,24.0,3437,202.648,1100.59,50.93919,378.64,95.57,332742,243108,365001,325677,KEMA
2012-06-12,Well_#7,24.0,3430,202.665,1106.77,51.94649,373.008,95.903,333931,243991,366313,328568,KEMA
2012-06-13,Well_#7,24.0,3431,202.665,1096.49,51.98529,373.219,95.396,335116,244873,367616,331404,KEMA
2012-06-14,Well_#7,22.33,3499,202.554,964.39,44.69499,404.517,91.28,336088,245604,368698,333789,KEMA
2012-06-15,Well_#7,24.0,3418,202.724,1111.93,52.79158,360.765,95.733,337260,246471,369970,336794,KEMA
2012-06-16,Well_#7,24.0,3418,202.717,1132.57,52.84019,361.104,96.194,338433,247340,371305,339791,KEMA
2012-06-17,Well_#7,24.0,3424,202.7,1130.75,52.34248,364.67,96.078,339598,248205,372594,342754,KEMA
2012-06-18,Well_#7,24.0,3430,202.687,1126.75,51.92502,368.267,95.672,340755,249067,373890,345711,KEMA
2012-06-19,Well_#7,24.0,3436,202.67,1126.83,51.38472,370.526,95.795,341911,249916,375136,348663,KEMA
2012-06-20,Well_#7,24.0,3436,202.654,1121.29,51.19494,370.693,96.087,343054,250768,376377,351520,KEMA
2012-06-21,Well_#7,24.0,3437,202.65,1121.65,51.25849,370.254,96.243,344194,251614,377637,354383,KEMA
2012-06-22,Well_#7,24.0,3436,202.646,1113.55,51.31335,371.399,95.577,345333,252462,378941,357246,KEMA
2012-06-23,Well_#7,24.0,3439,202.647,1115.07,51.31863,371.58,95.266,346469,253309,380249,360114,KEMA
2012-06-24,Well_#7,24.0,3441,202.646,1117.51,51.32499,370.971,95.115,347603,254154,381553,362953,KEMA
2012-06-25,Well_#7,24.0,3444,202.646,1122.57,51.28368,369.505,96.342,348734,254996,382809,365816,KEMA
2012-06-26,Well_#7,24.0,3445,202.642,1116.33,51.29269,371.254,95.438,349861,255836,384085,368690,KEMA
2012-06-27,Well_#7,24.0,3442,202.645,1115.89,51.6851,369.143,95.363,350990,256680,385368,371589,KEMA
2012-06-28,Well_#7,24.0,3344,202.84,1042.88,67.6773,307.31,96.217,352277,257657,386862,375072,KEMA
2012-06-29,Well_#7,24.0,3328,202.869,989.687,71.93079,296.995,96.1,353581,258640,388311,378515,KEMA
2012-06-30,Well_#7,24.0,3325,202.883,996.909,73.82106,291.731,96.259,354890,259625,389817,381957,KEMA
2012-07-01,Well_#7,24.0,3325,202.89,1009.4,75.34669,287.392,97.456,356203,260624,391322,385465,KEMA
2012-07-02,Well_#7,24.0,3326,202.896,1012.4,76.92699,286.569,96.24,357475,261588,392735,388903,KEMA
2012-07-03,Well_#7,24.0,3328,202.899,1017.57,77.92248,284.047,95.991,358752,262553,394217,392396,KEMA
2012-07-04,Well_#7,24.0,3329,202.899,1026.63,78.83273,282.376,96.748,360029,263520,395710,395941,KEMA
2012-07-05,Well_#7,22.33,3405,202.792,923.845,67.48127,314.911,94.624,360999,264263,396834,398692,KEMA
2012-07-06,Well_#7,24.0,3342,202.93,1039.4,78.43737,281.201,96.314,362211,265182,398177,402250,KEMA
2012-07-07,Well_#7,24.0,3380,202.855,1047.72,71.05453,303.525,97.395,363346,266037,399474,405503,KEMA
2012-07-08,Well_#7,24.0,3461,202.667,993.89,51.12476,351.987,96.67,364259,266720,400493,408041,KEMA
2012-07-09,Well_#7,24.0,3460,202.654,988.133,51.22171,353.521,96.278,365173,267401,401491,410606,KEMA
2012-07-10,Well_#7,24.0,3459,202.647,980.003,51.3302,355.058,94.418,366086,268084,402522,412939,KEMA
2012-07-11,Well_#7,24.0,3460,202.639,970.32,51.23524,355.959,94.981,366997,268766,403548,415385,KEMA
2012-07-12,Well_#7,24.0,3460,202.632,972.24,51.22063,356.128,95.27,367905,269446,404583,417831,KEMA
2012-07-13,Well_#7,24.0,3461,202.625,973.574,51.18386,356.206,95.489,368808,270122,405572,419732,KEMA
2012-07-14,Well_#7,24.0,3461,202.618,980.879,51.19876,355.666,96.099,369709,270794,406594,422520,KEMA
2012-07-15,Well_#7,24.0,3459,202.614,981.142,51.30265,355.933,95.704,370610,271468,407581,425543,KEMA
2012-07-16,Well_#7,24.0,3460,202.606,983.919,51.15669,355.953,95.312,371507,272138,408565,428576,KEMA
2012-07-17,Well_#7,24.0,3460,202.598,975.176,51.13662,355.357,96.672,372399,272806,409569,431636,KEMA
2012-07-18,Well_#7,24.0,3461,202.595,976.546,51.13623,355.24,96.773,373330,273503,410613,434860,KEMA
2012-07-19,Well_#7,24.0,3461,202.593,985.242,51.21449,355.431,96.809,374262,274202,411672,438098,KEMA
2012-07-20,Well_#7,24.0,3461,202.592,982.523,51.26635,356.195,96.617,375195,274900,412729,441346,KEMA
2012-07-21,Well_#7,24.0,3463,202.586,925.676,51.26407,355.272,97.003,376123,275595,413763,444598,KEMA
2012-07-22,Well_#7,24.0,3462,202.584,971.825,51.2658,356.068,96.355,377053,276292,414797,447855,KEMA
2012-07-23,Well_#7,24.0,3463,202.58,978.651,51.26175,354.99,97.051,377982,276987,415820,451113,KEMA
2012-07-24,Well_#7,24.0,3463,202.579,971.341,51.31552,355.081,96.918,378909,277683,416860,454375,KEMA
2012-07-25,Well_#7,24.0,3466,202.571,963.582,51.02336,356.702,96.555,379832,278374,417897,457621,KEMA
2012-07-26,Well_#7,24.0,3467,202.566,969.3,50.9811,357.439,95.942,380754,279064,418958,460870,KEMA
2012-07-27,Well_#7,24.0,3468,202.562,973.404,50.9903,357.249,96.765,381674,279753,419984,464127,KEMA
2012-07-28,Well_#7,24.0,3466,202.562,969.885,51.03961,358.374,97.218,382597,280444,421051,467387,KEMA
2012-07-29,Well_#7,24.0,3465,202.562,971.148,51.06005,359.309,96.827,383518,281134,422076,470664,KEMA
2012-07-30,Well_#7,24.0,3466,202.56,975.946,51.09224,358.676,97.37,384439,281824,423117,473938,KEMA
2012-07-31,Well_#7,22.17,3486,202.545,910.224,47.34201,360.919,94.921,385225,282418,423982,476952,KEMA
2012-08-01,Well_#7,24.0,3461,202.606,1002.66,50.95744,350.965,96.963,386122,283092,424980,480391,KEMA
2012-08-02,Well_#7,22.5,3512,202.525,869.808,44.77168,370.059,93.457,386871,283659,425826,483272,KEMA
2012-08-03,Well_#7,24.0,3463,202.604,992.118,50.91261,349.91,97.093,387771,284336,426827,486725,KEMA
2012-08-04,Well_#7,24.0,3463,202.598,1000.29,51.02319,351.371,97.198,388678,285017,427854,490182,KEMA
2012-08-05,Well_#7,24.0,3464,202.593,995.134,51.05299,352.618,96.98,389588,285699,428850,493545,KEMA
2012-08-06,Well_#7,24.0,3465,202.589,994.239,51.07409,352.019,97.077,390499,286380,429875,496920,KEMA
2012-08-07,Well_#7,24.0,3465,202.584,986.282,51.18385,352.961,96.878,391408,287062,430897,500302,KEMA
2012-08-08,Well_#7,24.0,3464,202.581,976.182,51.26246,351.381,97.172,392318,287746,431952,503696,KEMA
2012-08-09,Well_#7,24.0,3464,202.576,983.309,51.30891,351.045,97.46,393229,288428,433004,507087,KEMA
2012-08-10,Well_#7,23.09,3470,202.57,976.723,49.59304,354.527,97.285,394093,289071,433955,510280,KEMA
2012-08-11,Well_#7,23.5,3692,201.878,144.645,30.08677,506.327,77.847,394628,289476,434555,512358,KEMA
2012-08-12,Well_#7,24.0,3672,202.044,656.8,32.73609,509.248,88.566,395249,289927,435216,514048,KEMA
2012-08-13,Well_#7,24.0,3696,201.984,729.713,29.39564,522.999,86.704,395812,290331,435840,515657,KEMA
2012-08-14,Well_#7,20.42,3705,201.914,621.54,26.87418,522.077,81.774,396304,290693,436394,517770,KEMA
2012-08-15,Well_#7,24.0,3511,202.389,1265.93,45.57076,420.772,94.318,397274,291623,437762,520430,KEMA
2012-08-16,Well_#7,24.0,3479,202.478,970.251,47.71704,398.162,95.435,398278,292392,438906,523250,KEMA
2012-08-17,Well_#7,24.0,3454,202.543,1034.21,49.73757,377.968,95.985,399318,293191,440100,526259,KEMA
2012-08-18,Well_#7,24.0,3449,202.56,1062.92,50.54958,370.809,95.734,400354,293990,441321,529520,KEMA
2012-08-19,Well_#7,24.0,3450,202.562,1073.87,50.79977,368.333,95.088,401374,294749,442455,532708,KEMA
2012-08-20,Well_#7,24.0,3451,202.56,1075.94,50.80463,367.351,93.385,402393,295537,443665,536179,KEMA
2012-08-21,Well_#7,24.0,3453,202.556,1081.97,50.78386,365.557,93.89,403401,296319,444872,539504,KEMA
2012-08-22,Well_#7,24.0,3457,202.551,1089.64,50.80705,364.351,94.313,404401,297094,446065,543007,KEMA
2012-08-23,Well_#7,24.0,3459,202.549,1098.25,50.84661,361.962,95.161,405348,297828,447189,546092,KEMA
2012-08-24,Well_#7,24.0,3456,202.552,1113.39,51.32348,357.03,96.239,406302,298554,448272,549253,KEMA
2012-08-25,Well_#7,24.0,3388,202.707,1160.77,62.176,310.359,97.466,407314,299376,449470,552709,KEMA
2012-08-26,Well_#7,24.0,3383,202.736,1086.16,64.1697,305.315,95.865,408298,300149,450656,556323,KEMA
2012-08-27,Well_#7,24.0,3368,202.766,1083.55,69.08174,291.728,96.799,409317,300974,451902,559844,KEMA
2012-08-28,Well_#7,24.0,3363,202.792,1100.04,72.18922,283.64,97.315,410345,301816,453160,563974,KEMA
2012-08-29,Well_#7,24.0,3368,202.789,1101.87,70.7713,281.825,97.714,411369,302630,454374,568041,KEMA
2012-08-30,Well_#7,24.0,3374,202.762,1112.93,70.77175,277.031,97.756,412393,303423,455566,572041,KEMA
2012-08-31,Well_#7,22.5,3461,202.605,970.657,59.78046,312.118,94.508,413119,303984,456410,575193,KEMA
2012-09-01,Well_#7,24.0,3377,202.751,1098.26,74.09559,270.05,98.864,414054,304746,457531,579199,KEMA
2012-09-02,Well_#7,21.49,3421,202.691,1037.42,64.4609,295.34,97.205,414782,305321,458391,582571,KEMA
2012-09-03,Well_#7,4.18,3608,202.106,158.36,39.1369,337.424,78.877,414868,305385,458485,582957,KEMA
2012-09-04,Well_#7,15.66,3605,202.342,982.948,37.78182,383.099,92.535,415166,305612,458830,584399,KEMA
2012-09-05,Well_#7,0.0,3821,199.762,0.0,0.0,200.661,37.502,415166,305612,458830,584399,KEMA
2012-09-06,Well_#7,23.34,3361,202.697,643.177,48.95261,354.423,89.769,416080,306298,459869,587278,KEMA
2012-09-07,Well_#7,24.0,3270,202.962,1159.91,54.7847,330.546,95.416,417139,307101,461039,590581,KEMA
2012-09-08,Well_#7,23.17,3287,202.904,1162.72,51.51316,334.162,95.211,418119,307846,462150,593620,KEMA
2012-09-09,Well_#7,24.0,3261,202.95,978.382,55.77891,320.81,96.36,419161,308650,463349,596680,KEMA
2012-09-10,Well_#7,24.0,3266,202.954,994.259,55.87806,319.363,95.792,420185,309440,464553,599421,KEMA
2012-09-11,Well_#7,24.0,3269,202.96,1002.77,56.38509,316.634,95.27,421197,310222,465746,602523,KEMA
2012-09-12,Well_#7,10.0,3398,202.662,1053.24,42.76418,346.474,83.609,421469,310424,466058,605086,KEMA
2012-09-13,Well_#7,24.0,3389,202.685,859.047,47.3724,345.245,88.571,422243,311027,466956,607703,KEMA
2012-09-14,Well_#7,24.0,3280,202.941,982.365,56.73823,315.889,94.051,423231,311797,468105,610662,KEMA
2012-09-15,Well_#7,24.0,3323,202.892,1010.34,53.26824,330.864,95.494,424179,312537,469233,613501,KEMA
2012-09-16,Well_#7,24.0,3427,202.728,935.572,44.6906,368.937,92.68,424879,313079,470055,615720,KEMA
2012-09-17,Well_#7,24.0,3482,202.56,991.915,42.17164,380.323,90.426,425452,313528,470722,617793,KEMA
2012-09-18,Well_#7,24.0,3343,202.852,1022.41,52.53855,334.552,95.039,426370,314244,471806,620791,KEMA
2012-09-19,Well_#7,24.0,3337,202.857,1037.08,53.11533,330.758,95.294,427293,314963,472866,624245,KEMA
2012-09-20,Well_#7,22.0,3448,202.647,992.833,39.64561,371.385,88.305,427731,315304,473371,626010,KEMA
2012-09-21,Well_#7,24.0,3342,202.83,1021.37,52.63943,327.887,95.09,428627,315998,474410,629499,KEMA
2012-09-22,Well_#7,24.0,3339,202.794,1038.93,52.70134,327.063,95.938,429516,316691,475418,632794,KEMA
2012-09-23,Well_#7,24.0,3108,191.43,1043.06,51.59724,325.615,96.598,430398,317379,476467,636281,KEMA
2012-09-24,Well_#7,24.0,3427,202.175,1043.41,52.87949,324.648,96.521,431278,318067,477521,639658,KEMA
2012-09-25,Well_#7,24.0,3430,202.184,1046.25,53.02033,323.835,96.574,432158,318755,478525,642930,KEMA
2012-09-26,Well_#7,24.0,3431,202.195,1045.78,53.13346,323.07,96.514,433028,319435,479559,646165,KEMA
2012-09-27,Well_#7,24.0,3432,202.198,1047.56,53.18229,322.17,96.539,433894,320114,480561,649441,KEMA
2012-09-28,Well_#7,24.0,3430,202.201,1057.91,53.28909,320.84,96.814,434758,320789,481584,652701,KEMA
2012-09-29,Well_#7,24.0,3430,202.209,1051.28,53.33351,321.837,94.941,435616,321461,482595,655999,KEMA
2012-09-30,Well_#7,24.0,3431,202.215,1043.77,53.42378,320.252,95.291,436469,322122,483570,659314,KEMA
2012-10-01,Well_#7,24.0,3430,202.219,1032.34,53.55826,317.429,96.156,437317,322783,484535,662714,KEMA
2012-10-02,Well_#7,24.0,3418,202.228,1030.75,53.77784,315.726,96.028,438160,323439,485505,666126,KEMA
2012-10-03,Well_#7,24.0,3419,202.234,1033.08,53.84304,314.894,95.814,439000,324101,486507,669574,KEMA
2012-10-04,Well_#7,24.0,3428,202.24,1038.59,53.91463,314.124,96.259,439831,324744,487462,672990,KEMA
2012-10-05,Well_#7,24.0,3437,202.248,1046.3,53.91596,314.186,96.605,440663,325399,488461,676465,KEMA
2012-10-06,Well_#7,24.0,3430,202.256,1041.83,53.95526,314.444,96.252,441495,326049,489458,679934,KEMA
2012-10-07,Well_#7,24.0,3431,202.264,1041.62,53.5223,316.607,95.797,442319,326695,490456,683466,KEMA
2012-10-08,Well_#7,24.0,3499,202.272,1036.45,52.48133,322.175,95.386,443129,327332,491420,686959,KEMA
2012-10-09,Well_#7,24.0,3418,202.281,1030.07,52.32407,323.04,94.211,443934,327965,492349,690449,KEMA
2012-10-10,Well_#7,24.0,3418,202.157,1036.29,52.27818,321.48,95.073,444740,328595,493285,693944,KEMA
2012-10-11,Well_#7,24.0,3424,202.255,1030.75,52.19111,322.938,94.789,445542,329224,494240,697435,KEMA
2012-10-12,Well_#7,24.0,3430,202.28,1031.41,52.50018,321.327,93.985,446345,329850,495174,700953,KEMA
2012-10-13,Well_#7,25.0,3436,202.294,1033.22,53.11876,315.849,95.675,447184,330495,496147,704629,KEMA
2012-10-14,Well_#7,24.0,3436,202.31,1018.09,53.18981,312.69,96.294,447983,331109,497048,708121,KEMA
2012-10-15,Well_#7,24.0,3437,202.334,998.481,53.30525,312.693,93.705,448774,331732,497995,711552,KEMA
2012-10-16,Well_#7,24.0,3436,202.357,1010.55,53.30298,310.405,95.651,449562,332353,498900,715007,KEMA
2012-10-17,Well_#7,24.0,3439,202.386,1021.32,53.34418,309.904,96.352,450347,332957,499815,718506,KEMA
2012-10-18,Well_#7,24.0,3441,202.409,999.053,53.21675,309.078,96.368,451120,333560,500694,721940,KEMA
2012-10-19,Well_#7,24.0,3444,202.432,1004.46,53.17567,308.155,96.361,451890,334166,501577,725375,KEMA
2012-10-20,Well_#7,24.0,3445,202.451,1013.73,53.43306,308.038,96.251,452657,334771,502469,728847,KEMA
2012-10-21,Well_#7,20.75,3442,202.472,930.591,50.10099,314.036,92.21,453299,335281,503245,731840,KEMA
2012-10-22,Well_#7,24.0,3344,202.49,1029.05,55.84636,289.347,95.321,454095,335907,504163,735624,KEMA
2012-10-23,Well_#7,24.0,3328,202.503,1073.94,54.01701,299.577,96.743,454842,336508,505080,739224,KEMA
2012-10-24,Well_#7,24.0,3325,202.505,1063.88,53.2252,307.558,95.242,455614,337119,506014,742891,KEMA
2012-10-25,Well_#7,24.0,3325,202.532,1063.18,53.23306,307.276,96.483,456380,337721,506897,746683,KEMA
2012-10-26,Well_#7,24.0,3326,202.507,1044.53,53.24797,306.278,96.685,457145,338319,507776,750420,KEMA
2012-10-27,Well_#7,24.0,3328,202.427,1036.56,53.22245,305.924,96.506,457899,338890,508656,754278,KEMA
2012-10-28,Well_#7,3.16,3329,202.478,1016.09,44.68114,323.527,96.004,457977,338951,508748,754717,KEMA
2012-10-29,Well_#7,20.34,3405,202.541,872.429,48.93088,299.295,89.152,458514,339374,509390,757553,KEMA
2012-10-30,Well_#7,22.08,3342,202.568,891.684,48.81379,313.894,92.192,459133,339859,510130,760025,KEMA
2012-10-31,Well_#7,24.0,3380,202.587,1012.95,51.17313,307.049,92.663,459871,340433,510970,763490,KEMA
2012-11-01,Well_#7,24.0,3461,202.6,1015.7,51.23891,306.38,93.432,460640,341034,511855,766916,KEMA
2012-11-02,Well_#7,24.0,3460,202.608,1020.24,52.28503,304.434,95.422,461405,341634,512730,770412,KEMA
2012-11-03,Well_#7,24.0,3459,202.607,1015.75,52.10602,298.745,95.377,462177,342237,513637,773856,KEMA
2012-11-04,Well_#7,24.0,3460,202.588,1014.64,53.03917,293.0,96.092,462975,342863,514552,777579,KEMA
2012-11-05,Well_#7,24.0,3460,202.56,1004.27,54.26448,291.641,96.102,463781,343503,515526,781105,KEMA
2012-11-06,Well_#7,24.0,3461,202.599,1017.23,54.34793,292.994,95.806,464587,344145,516486,784683,KEMA
2012-11-07,Well_#7,24.0,3461,202.609,1035.61,54.34033,294.996,95.6,465392,344787,517431,788318,KEMA
2012-11-08,Well_#7,24.0,3459,202.598,1043.38,54.33144,297.073,95.089,466199,345430,518421,791999,KEMA
2012-11-09,Well_#7,24.0,3460,202.642,1049.54,54.24016,299.72,94.827,467005,346073,519365,795720,KEMA
2012-11-10,Well_#7,24.0,3460,202.65,1053.99,54.15442,301.142,94.272,467812,346715,520317,799474,KEMA
2012-11-11,Well_#7,24.0,3461,202.653,1055.22,53.03458,307.04,94.316,468605,347346,521249,803201,KEMA
2012-11-12,Well_#7,24.0,3461,202.649,1065.66,52.98703,308.058,95.146,469418,347987,522208,806865,KEMA
2012-11-13,Well_#7,24.0,3461,202.611,1058.49,52.49132,310.352,94.953,470223,348623,523149,810486,KEMA
2012-11-14,Well_#7,24.0,3463,202.556,1055.78,52.08495,311.906,95.642,471018,349253,524082,814090,KEMA
2012-11-15,Well_#7,24.0,3462,202.605,1049.35,52.04647,313.395,95.167,471811,349879,525024,817708,KEMA
2012-11-16,Well_#7,24.0,3463,202.581,1049.41,52.12508,312.815,95.707,472600,350509,525981,821332,KEMA
2012-11-17,Well_#7,24.0,3463,202.607,1034.45,51.26091,315.729,95.711,473376,351127,526898,824900,KEMA
2012-11-18,Well_#7,24.0,3466,202.623,1031.23,50.91861,316.909,95.99,474121,351721,527778,828610,KEMA
2012-11-19,Well_#7,24.0,3467,202.534,1028.51,50.9449,316.922,96.103,474859,352309,528634,832157,KEMA
2012-11-20,Well_#7,24.0,3468,202.683,1021.08,50.92559,317.127,95.522,475595,352895,529534,835710,KEMA
2012-11-21,Well_#7,22.33,3466,202.686,938.907,48.28611,313.486,93.843,476195,353370,530265,838908,KEMA
2012-11-22,Well_#7,24.0,3465,202.694,1018.1,52.08388,307.892,94.935,476931,353956,531153,842549,KEMA
2012-11-23,Well_#7,24.0,3466,202.703,1005.49,52.0692,308.096,95.749,477666,354544,532034,846113,KEMA
2012-11-24,Well_#7,24.0,3486,202.675,1016.27,52.09,307.779,96.262,478405,355116,532903,849688,KEMA
2012-11-25,Well_#7,24.0,3461,202.717,1025.76,50.9833,308.234,96.295,479138,355695,533760,853332,KEMA
2012-11-26,Well_#7,24.0,3512,200.728,1022.79,52.21078,309.392,95.818,479880,356283,534626,857016,KEMA
2012-11-27,Well_#7,24.0,3463,202.571,1019.01,51.13153,313.857,96.054,480607,356864,535481,860645,KEMA
2012-11-28,Well_#7,24.0,3463,202.75,999.778,50.42834,317.228,94.784,481329,357440,536370,864236,KEMA
2012-11-29,Well_#7,24.0,3464,202.414,1005.78,50.39614,317.276,95.147,482050,358012,537223,867834,KEMA
2012-11-30,Well_#7,24.0,3465,202.601,996.142,50.45304,318.583,93.69,482771,358582,538082,871491,KEMA
2012-12-01,Well_#7,24.0,3465,202.558,998.144,50.46053,318.061,93.802,483488,359150,538952,875065,KEMA
2012-12-02,Well_#7,24.0,3464,202.529,1009.37,50.48195,317.5,95.248,484208,359721,539793,878652,KEMA
2012-12-03,Well_#7,24.0,3464,202.481,1011.62,50.63498,316.766,95.8,484934,360297,540636,882281,KEMA
2012-12-04,Well_#7,24.0,3470,202.569,1009.63,50.67304,316.78,96.049,485662,360873,541505,885921,KEMA
2012-12-05,Well_#7,24.0,3692,202.554,1011.66,51.47146,313.258,96.192,486409,361460,542369,889626,KEMA
2012-12-06,Well_#7,24.0,3672,202.472,1008.07,50.98222,315.61,95.583,487149,362043,543231,893319,KEMA
2012-12-07,Well_#7,24.0,3696,202.459,1003.37,50.68312,316.807,96.021,487882,362622,544106,897012,KEMA
2012-12-08,Well_#7,24.0,3705,202.506,1003.13,50.44452,317.892,95.95,488609,363199,544989,900680,KEMA
2012-12-09,Well_#7,24.0,3511,202.569,994.474,50.3898,319.046,94.808,489333,363774,545833,904346,KEMA
2012-12-10,Well_#7,23.0,3479,202.616,922.789,45.53653,329.366,91.573,489920,364234,546529,907439,KEMA
2012-12-11,Well_#7,24.0,3454,202.612,962.452,48.68852,314.486,94.622,490603,364774,547352,911056,KEMA
2012-12-12,Well_#7,24.0,3449,202.648,997.112,50.17907,311.1,95.337,491319,365341,548220,914567,KEMA
2012-12-13,Well_#7,24.0,3450,202.651,994.705,49.68595,313.635,95.927,492027,365903,549040,918201,KEMA
2012-12-14,Well_#7,24.0,3451,202.632,981.41,49.19399,316.795,95.469,492728,366458,549859,921681,KEMA
2012-12-15,Well_#7,24.0,3453,202.615,981.343,49.19051,316.926,95.58,493450,367029,550733,925399,KEMA
2012-12-16,Well_#7,23.5,3457,202.601,983.522,49.23932,318.192,94.787,494184,367611,551612,929166,KEMA
2012-12-17,Well_#7,24.0,3459,202.587,982.724,49.67936,322.032,94.655,494932,368204,552512,932995,KEMA
2012-12-18,Well_#7,24.0,3456,202.576,975.745,49.38859,323.372,94.446,495677,368794,553380,936791,KEMA
2012-12-19,Well_#7,24.0,3388,202.594,976.64,49.41672,321.648,95.366,496421,369384,554288,940594,KEMA
2012-12-20,Well_#7,24.0,3383,202.617,974.661,49.39142,322.233,94.701,497168,369972,555188,944401,KEMA
2012-12-21,Well_#7,24.0,3368,202.642,974.87,49.41527,322.715,94.467,497915,370562,556063,948208,KEMA
2012-12-22,Well_#7,24.0,3363,202.663,974.673,49.47381,321.448,94.885,498662,371152,556925,951842,KEMA
2012-12-23,Well_#7,24.0,3368,202.684,972.784,49.1848,325.198,93.681,499398,371731,557770,955482,KEMA
2012-12-24,Well_#7,24.0,3374,202.7,974.797,49.01127,324.169,93.776,500127,372307,558616,959134,KEMA
2012-12-25,Well_#7,24.0,3461,202.711,972.721,49.0013,323.903,93.149,500870,372885,559492,962954,KEMA
2012-12-26,Well_#7,24.0,3377,202.723,988.36,51.49983,313.878,95.607,501637,373491,560396,966943,KEMA
2012-12-27,Well_#7,24.0,3421,202.178,987.736,51.46388,314.254,95.601,502392,374089,561267,970860,KEMA
2012-12-28,Well_#7,24.0,3608,202.773,982.211,51.51943,315.412,94.364,503147,374685,562172,974805,KEMA
2012-12-29,Well_#7,24.0,3605,202.719,977.953,51.59978,316.073,93.121,503900,375279,563082,978734,KEMA
2012-12-30,Well_#7,24.0,3821,202.794,985.649,51.60089,314.86,94.733,504621,375849,563924,982540,KEMA
2012-12-31,Well_#7,24.0,3361,202.786,993.02,51.58359,313.319,96.35,505338,376417,564777,986348,KEMA
2013-01-01,Well_#7,24.0,3270,202.773,994.436,51.61103,312.95,96.336,506053,376982,565641,990156,KEMA
2013-01-02,Well_#7,24.0,3287,202.775,994.626,51.1411,314.667,96.46,506755,377536,566465,993911,KEMA
2013-01-03,Well_#7,24.0,3261,202.782,986.251,50.85808,315.534,96.201,507463,378096,567291,997696,KEMA
2013-01-04,Well_#7,24.0,3266,202.784,985.173,49.77899,315.511,96.261,508163,378651,568123,1001391,KEMA
2013-01-05,Well_#7,24.0,3269,202.756,982.727,50.84473,315.426,96.13,508859,379201,568968,1005127,KEMA
2013-01-06,Well_#7,24.0,3398,202.729,980.307,50.86172,314.869,96.016,509555,379753,569807,1008868,KEMA
2013-01-07,Well_#7,24.0,3389,202.708,984.961,50.81063,314.676,96.027,510244,380299,570645,1012597,KEMA
2013-01-08,Well_#7,24.0,3280,202.694,994.75,50.7695,314.099,96.187,510933,380845,571459,1016320,KEMA
2013-01-09,Well_#7,24.0,3323,202.682,994.961,50.85785,313.811,96.404,511621,381391,572279,1020046,KEMA
2013-01-10,Well_#7,24.0,3427,202.672,992.896,50.81413,314.408,95.936,512311,381937,573075,1023782,KEMA
2013-01-11,Well_#7,24.0,3482,202.666,987.012,50.82642,313.64,96.08,513011,382492,573909,1027569,KEMA
2013-01-12,Well_#7,24.0,3343,202.6,982.303,50.88162,315.094,94.542,513711,383046,574741,1031351,KEMA
2013-01-13,Well_#7,24.0,3337,202.631,973.279,50.8821,314.824,94.048,514401,383595,575550,1035086,KEMA
2013-01-14,Well_#7,14.78,3448,202.614,961.746,48.95885,319.178,93.564,514804,383926,576047,1037441,KEMA
2013-01-15,Well_#7,14.06,3342,202.609,421.335,49.06867,271.601,84.964,515068,384144,576380,1039181,KEMA
2013-01-16,Well_#7,22.67,3339,202.595,823.758,54.63644,282.003,94.739,515686,384622,577102,1043040,KEMA
2013-01-17,Well_#7,24.0,3108,202.575,1019.54,55.65661,281.753,95.829,516391,385179,577919,1046952,KEMA
2013-01-18,Well_#7,24.0,3427,202.554,1042.62,54.45897,285.716,96.998,517082,385728,578744,1050707,KEMA
2013-01-19,Well_#7,24.0,3430,202.42,995.815,54.57079,286.853,95.794,517776,386284,579574,1054599,KEMA
2013-01-20,Well_#7,24.0,3431,202.322,966.312,53.96256,286.323,95.678,518480,386842,580410,1058392,KEMA
2013-01-21,Well_#7,24.0,3432,202.13,973.017,54.89679,278.922,95.559,519188,387404,581229,1062388,KEMA
2013-01-22,Well_#7,24.0,3430,202.499,1010.62,55.72854,275.295,94.957,519894,387964,582045,1066164,KEMA
2013-01-23,Well_#7,20.5,3430,202.244,1014.51,55.05146,272.26,95.185,520410,388386,582680,1069006,KEMA
2013-01-24,Well_#7,24.0,3431,202.376,912.372,56.2044,274.693,93.377,521123,388950,583523,1073035,KEMA
2013-01-25,Well_#7,24.0,3430,202.599,950.725,55.87012,275.682,94.786,521768,389470,584304,1076566,KEMA
2013-01-26,Well_#7,24.0,3418,202.605,998.931,55.29905,279.159,95.501,522408,389988,585062,1080307,KEMA
2013-01-27,Well_#7,24.0,3419,202.625,1002.5,53.99706,284.184,95.2,523039,390498,585844,1084042,KEMA
2013-01-28,Well_#7,24.0,3428,202.627,1013.39,53.99626,285.237,95.768,523670,391007,586593,1087998,KEMA
2013-01-29,Well_#7,24.0,3437,202.486,1022.47,53.99647,286.032,95.863,524302,391516,587364,1091807,KEMA
2013-01-30,Well_#7,24.0,3430,202.658,1027.98,53.32096,289.242,95.375,524897,391997,588102,1095490,KEMA
2013-01-31,Well_#7,24.0,3431,202.649,1027.35,52.39727,293.802,94.869,525486,392474,588796,1099185,KEMA
2013-02-01,Well_#7,24.0,3499,202.65,1040.77,52.15061,295.833,96.083,526069,392945,589509,1102900,KEMA
2013-02-02,Well_#7,24.0,3418,202.651,1039.09,51.21407,300.457,95.468,526644,393404,590209,1106583,KEMA
2013-02-03,Well_#7,24.0,3418,202.657,1045.9,50.84546,300.432,96.669,527213,393855,590873,1110218,KEMA
2013-02-04,Well_#7,24.0,3424,202.664,1046.34,50.81435,299.309,97.002,527778,394303,591532,1113860,KEMA
2013-02-05,Well_#7,24.0,3430,202.667,1047.91,50.53195,300.339,97.28,528339,394748,592188,1117503,KEMA
2013-02-06,Well_#7,24.0,3436,202.664,1053.14,50.57687,298.838,96.798,528903,395195,592843,1121182,KEMA
2013-02-07,Well_#7,24.0,3436,202.675,1040.29,49.7682,305.04,95.471,529457,395635,593504,1124816,KEMA
2013-02-08,Well_#7,24.0,3437,202.682,1040.93,49.43355,306.617,97.093,530005,396071,594154,1128421,KEMA
2013-02-09,Well_#7,24.0,3436,202.687,1045.83,50.07241,300.844,97.075,530560,396512,594834,1132094,KEMA
2013-02-10,Well_#7,24.0,3439,202.691,1037.32,49.90547,304.5,96.948,531110,396949,595500,1135746,KEMA
2013-02-11,Well_#7,24.0,3441,202.697,1037.13,49.84647,305.085,96.185,531660,397382,596148,1139412,KEMA
2013-02-12,Well_#7,24.0,3444,202.692,1027.36,49.8736,306.233,94.694,532207,397817,596806,1143036,KEMA
2013-02-13,Well_#7,24.0,3445,202.682,1025.24,49.82022,306.023,94.59,532750,398257,597477,1146702,KEMA
2013-02-14,Well_#7,24.0,3442,202.676,1025.6,49.79153,304.51,95.571,533292,398691,598115,1150344,KEMA
2013-02-15,Well_#7,24.0,3344,202.667,1036.97,49.9,300.662,95.914,533839,399129,598761,1153995,KEMA
2013-02-16,Well_#7,24.0,3328,202.665,1040.01,49.1369,297.883,96.195,534417,399589,599432,1157335,KEMA
2013-02-17,Well_#7,24.0,3325,202.672,1074.26,57.75394,275.567,97.127,535053,400094,600170,1160990,KEMA
2013-02-18,Well_#7,24.0,3325,202.68,1089.34,59.57717,268.92,96.848,535712,400621,600978,1164784,KEMA
2013-02-19,Well_#7,24.0,3326,202.684,1094.51,59.57874,267.848,97.504,536372,401147,601781,1168411,KEMA
2013-02-20,Well_#7,24.0,3328,202.689,1088.81,60.79844,268.934,96.569,537042,401682,602571,1172095,KEMA
2013-02-21,Well_#7,24.0,3329,202.69,1085.47,60.78648,269.086,95.934,537710,402219,603390,1175783,KEMA
2013-02-22,Well_#7,24.0,3405,202.658,1080.95,62.36426,257.098,97.157,538363,402739,604155,1179607,KEMA
2013-02-23,Well_#7,24.0,3342,202.718,1145.23,66.7081,253.071,97.282,539047,403284,604958,1183539,KEMA
2013-02-24,Well_#7,24.0,3380,202.675,1140.65,66.98701,256.227,95.94,539736,403834,605797,1187530,KEMA
2013-02-25,Well_#7,24.0,3461,202.205,1136.03,67.75997,256.467,96.241,540437,404396,606652,1191509,KEMA
2013-02-26,Well_#7,24.0,3460,202.292,1138.81,67.91572,255.029,97.694,541092,404919,607413,1195381,KEMA
2013-02-27,Well_#7,24.0,3459,202.62,1137.33,65.74616,256.256,97.471,541728,405428,608172,1199069,KEMA
2013-02-28,Well_#7,24.0,3460,202.622,1141.34,65.23793,254.505,98.221,542363,405937,608955,1202865,KEMA
2013-03-01,Well_#7,24.0,3460,202.634,1137.72,65.48341,253.562,98.106,542998,406447,609722,1206635,KEMA
2013-03-02,Well_#7,24.0,3461,202.642,1143.55,65.43785,253.847,98.044,543634,406957,610502,1210361,KEMA
2013-03-03,Well_#7,23.0,3461,202.651,1136.15,65.42712,254.412,97.076,544245,407445,611238,1214034,KEMA
2013-03-04,Well_#7,24.0,3459,202.658,1138.71,67.94794,253.342,97.581,544882,407955,611989,1217840,KEMA
2013-03-05,Well_#7,24.0,3460,202.663,1137.26,67.98762,255.343,98.093,545516,408461,612737,1221629,KEMA
2013-03-06,Well_#7,24.0,3460,202.665,1128.04,67.85715,256.655,97.294,546145,408966,613473,1225416,KEMA
2013-03-07,Well_#7,24.0,3461,202.662,1072.27,64.95936,245.846,93.568,546781,409475,614233,1229138,KEMA
2013-03-08,Well_#7,24.0,3461,202.663,1115.89,67.92703,256.603,97.218,547410,409979,614992,1232931,KEMA
2013-03-09,Well_#7,24.0,3461,202.662,1114.78,67.91789,257.191,96.768,548036,410482,615759,1236717,KEMA
2013-03-10,Well_#7,24.0,3463,202.686,1116.5,67.93069,256.975,97.177,548660,410984,616513,1240509,KEMA
2013-03-11,Well_#7,24.0,3462,202.687,1109.59,67.99881,257.353,96.251,549283,411485,617287,1244305,KEMA
2013-03-12,Well_#7,23.0,3463,202.668,1050.18,60.78244,265.054,95.075,549855,411949,617989,1248425,KEMA
2013-03-13,Well_#7,24.0,3463,202.648,1117.66,68.57195,250.874,97.532,550476,412446,618739,1252359,KEMA
2013-03-14,Well_#7,24.0,3466,202.665,1110.06,69.69905,248.612,98.163,551106,412953,619477,1256136,KEMA
2013-03-15,Well_#7,24.0,3467,202.665,1109.97,69.93202,248.003,98.186,551736,413467,620246,1260037,KEMA
2013-03-16,Well_#7,24.0,3468,202.554,1125.31,69.92284,248.235,98.47,552363,413972,621013,1263901,KEMA
2013-03-17,Well_#7,24.0,3466,202.724,1113.88,69.88659,250.417,97.931,552988,414478,621780,1267687,KEMA
2013-03-18,Well_#7,24.0,3465,202.717,1108.98,69.99482,249.798,98.052,553616,414987,622531,1271503,KEMA
2013-03-19,Well_#7,24.0,3466,202.7,1098.51,70.03201,248.462,98.362,554245,415494,623272,1275227,KEMA
2013-03-20,Well_#7,22.92,3486,202.687,1034.07,63.69109,257.382,96.457,554798,415943,623966,1278988,KEMA
2013-03-21,Well_#7,24.0,3461,202.67,1111.74,77.21604,243.531,97.922,555433,416448,624720,1282804,KEMA
2013-03-22,Well_#7,24.0,3512,202.654,1112.85,83.02098,240.122,98.311,556080,416965,625476,1286689,KEMA
2013-03-23,Well_#7,24.0,3463,202.65,1111.9,84.85143,239.196,98.441,556731,417486,626259,1290594,KEMA
2013-03-24,Well_#7,24.0,3463,202.646,1109.55,84.92979,239.376,98.279,557382,418008,627054,1294508,KEMA
2013-03-25,Well_#7,24.0,3464,202.647,1110.92,84.93,239.4,98.26,558030,418530,627854,1298487,KEMA
2013-03-26,Well_#7,24.0,3465,202.646,1110.92,84.93,239.4,98.26,558676,419052,628639,1302359,KEMA
2013-03-27,Well_#7,24.0,3465,202.646,1110.92,84.9,238.2,98.8,559323,419572,629428,1306224,KEMA
2013-03-28,Well_#7,24.0,3464,202.642,1110.92,84.9,238.2,98.8,559968,420088,630193,1310162,KEMA
2013-03-29,Well_#7,24.0,3464,202.645,1110.92,84.9,238.2,98.8,560612,420609,630994,1314075,KEMA
2013-03-30,Well_#7,24.0,3470,202.84,1110.92,84.9,238.2,98.8,561255,421130,631780,1317990,KEMA
2013-03-31,Well_#7,24.0,3692,202.869,1110.92,84.9,238.2,98.8,561898,421650,632579,1321912,KEMA
2013-04-01,Well_#7,24.0,3672,202.883,1110.92,84.9,238.2,98.8,562540,422168,633350,1325841,KEMA
2013-04-02,Well_#7,24.0,3696,202.89,1080.98,85.10058,238.197,98.8,563180,422685,634126,1329780,KEMA
2013-04-03,Well_#7,24.0,3705,202.896,1080.91,85.15509,238.293,98.748,563820,423203,634885,1333724,KEMA
2013-04-04,Well_#7,24.0,3511,202.899,1082.72,85.12773,239.2,98.592,564444,423707,635632,1337596,KEMA
2013-04-05,Well_#7,24.0,3479,202.899,1078.81,85.12106,240.526,98.136,565068,424210,636385,1341463,KEMA
2013-04-06,Well_#7,24.0,3454,202.792,1082.21,85.18885,238.328,98.892,565690,424713,637144,1345335,KEMA
2013-04-07,Well_#7,24.0,3449,202.93,1078.81,85.15643,238.261,98.844,566312,425216,637906,1349204,KEMA
2013-04-08,Well_#7,24.0,3450,202.855,1070.94,85.08415,239.133,98.5,566933,425717,638666,1353070,KEMA
2013-04-09,Well_#7,24.0,3451,202.667,1067.97,85.15417,238.153,98.708,567552,426218,639396,1356866,KEMA
2013-04-10,Well_#7,24.0,3453,202.654,1069.67,85.192,237.986,98.79,568172,426718,640126,1360732,KEMA
2013-04-11,Well_#7,24.0,3457,202.647,1071.48,85.09803,238.231,98.758,568790,427216,640868,1364603,KEMA
2013-04-12,Well_#7,24.0,3459,202.639,1058.27,85.07655,239.589,98.17,569406,427718,641611,1368473,KEMA
2013-04-13,Well_#7,24.0,3456,202.632,1052.7,85.09205,240.526,97.524,570022,428217,642357,1372340,KEMA
2013-04-14,Well_#7,24.0,3388,202.625,1041.53,85.09777,241.13,96.31,570638,428714,643102,1376202,KEMA
2013-04-15,Well_#7,24.0,3383,202.618,1045.72,85.03229,240.168,97.405,571251,429211,643832,1380067,KEMA
2013-04-16,Well_#7,24.0,3368,202.614,1048.95,85.04774,239.741,98.111,571864,429708,644580,1383931,KEMA
2013-04-17,Well_#7,24.0,3363,202.606,1048.89,85.43563,236.938,98.201,572425,430162,645246,1387594,KEMA
2013-04-18,Well_#7,24.0,3368,202.598,1050.95,86.32394,236.545,98.369,573028,430650,645971,1391517,KEMA
2013-04-19,Well_#7,24.0,3374,202.595,1054.48,86.31287,237.024,98.728,573633,431139,646691,1395453,KEMA
2013-04-20,Well_#7,24.0,3461,202.593,1050.04,86.30069,236.997,98.743,574240,431629,647422,1399391,KEMA
2013-04-21,Well_#7,24.0,3377,202.592,1052.41,86.26375,237.671,98.604,574847,432123,648176,1403323,KEMA
2013-04-22,Well_#7,24.0,3421,202.586,1047.59,86.31611,237.597,98.653,575454,432616,648907,1407260,KEMA
2013-04-23,Well_#7,24.0,3608,202.584,1044.93,86.29319,239.997,97.18,576055,433105,649660,1411086,KEMA
2013-04-24,Well_#7,22.0,3605,202.58,930.246,70.69235,257.581,94.653,576515,433484,650240,1414821,KEMA
2013-04-25,Well_#7,24.0,3821,202.579,1020.73,92.54015,232.445,97.316,577093,433961,650942,1418668,KEMA
2013-04-26,Well_#7,24.0,3361,202.571,1052.09,95.76452,232.35,96.978,577697,434444,651653,1422519,KEMA
2013-04-27,Well_#7,24.0,3270,202.566,1041.42,95.73104,232.555,97.05,578299,434930,652375,1426363,KEMA
2013-04-28,Well_#7,24.0,3287,202.562,1031.04,95.80195,232.984,96.544,578912,435429,653108,1430285,KEMA
2013-04-29,Well_#7,24.0,3261,202.562,1026.79,95.81845,232.093,96.226,579531,435923,653854,1434223,KEMA
2013-04-30,Well_#7,24.0,3266,202.562,1035.61,95.91587,231.481,98.293,580150,436418,654594,1438174,KEMA
2013-05-01,Well_#7,24.0,3269,202.56,1029.09,95.92046,232.767,97.407,580766,436915,655361,1442126,KEMA
2013-05-02,Well_#7,24.0,3398,202.545,1028.1,96.03925,231.034,98.524,581381,437412,656118,1446077,KEMA
2013-05-03,Well_#7,24.0,3389,202.606,1026.44,96.10632,232.954,96.904,581995,437909,656851,1450032,KEMA
2013-05-04,Well_#7,24.0,3280,202.525,1022.24,91.69211,236.688,97.083,582603,438396,657579,1453938,KEMA
2013-05-05,Well_#7,24.0,3323,202.604,1023.05,90.00148,237.221,98.148,583208,438880,658324,1457827,KEMA
2013-05-06,Well_#7,24.0,3427,202.598,1022.71,90.1251,236.031,98.825,583812,439363,659033,1461722,KEMA
2013-05-07,Well_#7,24.0,3482,202.593,1010.53,88.21506,238.549,97.144,584416,439846,659754,1465609,KEMA
2013-05-08,Well_#7,19.59,3343,202.589,880.314,77.82299,243.621,95.621,584854,440196,660288,1467872,KEMA
2013-05-09,Well_#7,24.0,3337,202.584,1027.04,85.00999,226.159,98.471,585403,440643,660966,1471717,KEMA
2013-05-10,Well_#7,24.0,3448,202.581,1049.63,89.90855,222.176,98.833,585975,441108,661653,1475651,KEMA
2013-05-11,Well_#7,24.0,3342,202.576,1050.82,89.92147,222.818,98.925,586551,441576,662336,1479594,KEMA
2013-05-12,Well_#7,24.0,3339,202.57,1052.95,88.07468,223.273,99.041,587118,442036,663014,1483540,KEMA
2013-05-13,Well_#7,24.0,3108,201.878,1053.54,89.9259,225.014,99.137,587685,442495,663708,1487484,KEMA
2013-05-14,Well_#7,24.0,3448,202.044,1040.39,89.94678,229.766,98.247,588250,442954,664377,1491406,KEMA
2013-05-15,Well_#7,24.0,3342,201.984,1039.84,89.95908,229.751,98.242,588817,443414,665078,1495329,KEMA
2013-05-16,Well_#7,24.0,3339,201.914,1041.99,89.93659,228.81,98.958,589385,443873,665777,1499262,KEMA
2011-07-10,Well_#8,23.0,2560,150.214,759.149,88.20428,63.061,97.282,787,822,1280,587,ACHI
2011-07-11,Well_#8,18.01,2544,149.338,1159.41,88.14141,64.461,98.582,1867,1867,2938,1278,ACHI
2011-07-13,Well_#8,0.0,2581,146.548,0.0,0.0,159.213,30.356,1867,1867,2938,1278,ACHI
2011-07-14,Well_#8,0.0,2600,136.942,0.0,0.0,159.036,28.904,1867,1867,2938,1278,ACHI
2011-07-15,Well_#8,3.08,2590,143.321,0.17,23.62468,104.501,48.236,1976,1936,3049,1321,ACHI
2011-07-16,Well_#8,11.18,2543,137.355,366.312,75.81036,66.635,94.349,2523,2516,3955,1699,ACHI
2011-07-17,Well_#8,0.0,2681,137.451,0.0,0.0,153.947,31.738,2523,2516,3955,1699,ACHI
2011-07-18,Well_#8,0.0,2664,146.045,0.0,0.0,158.763,29.554,2523,2516,3955,1699,ACHI
2011-07-20,Well_#8,21.0,2537,136.683,586.539,78.06863,66.163,96.928,3730,3748,5971,2414,ACHI
2011-07-21,Well_#8,24.0,2479,141.574,1017.61,66.65214,70.062,98.067,5077,5125,8136,3214,ACHI
2011-07-22,Well_#8,6.84,2510,145.466,1112.19,61.27352,73.843,97.782,5479,5495,8743,3421,ACHI
2011-07-23,Well_#8,0.0,2639,148.636,0.0,0.0,161.989,32.324,5479,5495,8743,3421,ACHI
2011-07-24,Well_#8,0.0,2668,150.227,0.0,0.0,161.49,27.883,5479,5495,8743,3421,ACHI
2011-07-25,Well_#8,17.4,2596,144.422,688.683,72.96478,67.035,97.303,6403,6440,10238,3992,ACHI
2011-07-26,Well_#8,20.68,2550,136.992,1054.11,64.64253,70.898,98.159,7600,7606,12071,4651,ACHI
2011-07-27,Well_#8,0.0,2636,136.29,6.038,0.0,160.963,45.709,7600,7606,12071,4651,ACHI
2011-07-28,Well_#8,4.33,2631,138.54,260.596,64.35932,67.982,93.591,7831,7842,12458,4801,ACHI
2011-07-29,Well_#8,24.0,2616,145.067,960.248,65.8401,70.107,97.695,9195,9232,14645,5579,ACHI
2011-07-30,Well_#8,2.01,2573,148.175,1135.1,45.73178,80.284,97.505,9309,9321,14788,5629,ACHI
2011-07-31,Well_#8,0.0,2656,149.277,0.0,0.0,161.076,32.333,9309,9321,14788,5629,ACHI
2011-08-01,Well_#8,0.0,2661,140.508,0.0,0.0,161.44,28.496,9309,9321,14788,5629,ACHI
2011-08-02,Well_#8,0.0,2620,139.528,0.0,0.0,163.284,28.786,9309,9321,14788,5629,ACHI
2011-08-03,Well_#8,0.0,2640,146.574,0.0,0.0,168.261,29.308,9309,9321,14788,5629,ACHI
2011-08-04,Well_#8,6.99,2549,147.463,139.72,62.8796,68.966,90.114,9692,9705,15401,5839,ACHI
2011-08-05,Well_#8,24.0,2562,144.071,791.52,66.53868,70.314,97.342,11148,11174,17770,6612,ACHI
2011-08-06,Well_#8,22.33,2629,147.636,1000.04,65.89458,71.362,97.035,12438,12488,19891,7534,ACHI
2011-08-07,Well_#8,24.0,2607,144.99,1177.75,74.62771,68.83,97.801,13935,14025,22302,8357,ACHI
2011-08-08,Well_#8,24.0,2623,136.733,1247.81,75.96469,68.091,97.966,15407,15536,24777,9191,ACHI
2011-08-09,Well_#8,24.0,2542,146.653,1272.56,76.32283,67.629,98.049,16857,17023,27164,10035,ACHI
2011-08-10,Well_#8,24.0,2586,144.689,1310.48,87.5507,65.468,98.597,18347,18552,29632,10921,ACHI
2011-08-11,Well_#8,24.0,2587,148.929,1327.54,94.82651,64.531,98.696,19832,20082,32090,11827,ACHI
2011-08-12,Well_#8,24.0,2576,139.467,1338.01,94.81149,64.327,98.78,21296,21587,34462,12740,ACHI
2011-08-13,Well_#8,24.0,2619,142.07,1330.86,94.85547,64.506,98.129,22735,23073,36871,13656,ACHI
2011-08-14,Well_#8,24.0,2627,150.082,1346.3,94.88362,64.296,98.569,24154,24537,39272,14577,ACHI
2011-08-15,Well_#8,24.0,2527,145.645,1352.79,98.08697,63.453,99.024,25561,26001,41618,15505,ACHI
2011-08-16,Well_#8,24.0,2610,137.133,1350.33,99.82332,63.519,98.831,26944,27432,43948,16435,ACHI
2011-08-17,Well_#8,24.0,2602,137.168,1353.31,99.85022,62.992,98.972,28308,28848,46207,17366,ACHI
2011-08-18,Well_#8,24.0,2555,138.387,1355.05,99.84315,62.656,99.179,29662,30257,48484,18302,ACHI
2011-08-19,Well_#8,24.0,2544,142.842,1352.07,99.87968,62.613,99.119,31008,31646,50700,19243,ACHI
2011-08-20,Well_#8,24.0,2555,139.119,1345.06,99.91859,63.12,98.087,32341,33025,52905,20186,ACHI
2011-08-21,Well_#8,24.0,2528,149.71,1345.78,99.91125,62.955,98.4,33662,34393,55154,21132,ACHI
2011-08-22,Well_#8,24.0,2603,150.16,1348.79,99.92399,62.5,99.012,34973,35750,57342,22081,ACHI
2011-08-23,Well_#8,24.0,2575,136.536,1354.49,99.92227,62.439,99.114,36277,37103,59495,23034,ACHI
2011-08-24,Well_#8,24.0,2610,147.517,1334.38,99.89973,62.855,98.014,37564,38440,61593,23988,ACHI
2011-08-25,Well_#8,23.16,2548,139.737,1331.03,95.29138,63.502,98.406,38780,39704,63582,24927,ACHI
2011-08-26,Well_#8,23.01,2608,148.757,1109.76,71.7809,68.147,93.559,39721,40689,65174,25706,ACHI
2011-08-27,Well_#8,24.0,2599,145.127,1329.01,85.80747,62.611,98.697,40920,41933,67110,26649,ACHI
2011-08-28,Well_#8,24.0,2558,138.365,1325.2,85.88355,63.338,97.375,42125,43188,69095,27595,ACHI
2011-08-29,Well_#8,24.0,2570,139.062,1316.56,83.02473,63.328,98.413,43322,44433,71061,28533,ACHI
2011-08-30,Well_#8,24.0,2597,142.294,1317.19,79.68205,63.61,98.777,44508,45660,72987,29458,ACHI
2011-08-31,Well_#8,24.0,2538,138.933,1316.07,79.70419,63.612,98.816,45690,46883,74985,30380,ACHI
2011-09-01,Well_#8,24.0,2538,139.143,1319.27,79.05914,63.72,98.915,46862,48101,76919,31300,ACHI
2011-09-02,Well_#8,24.0,2573,144.09,1301.28,76.30572,64.843,97.849,48016,49304,78860,32209,ACHI
2011-09-03,Well_#8,24.0,2594,142.036,1304.96,76.18076,64.681,98.299,49168,50504,80725,33117,ACHI
2011-09-04,Well_#8,24.0,2496,150.288,1312.88,76.15487,64.326,98.848,50318,51699,82687,34024,ACHI
2011-09-05,Well_#8,24.0,2574,140.296,1303.33,76.16271,64.587,98.285,51465,52897,84574,34932,ACHI
2011-09-06,Well_#8,24.0,2537,145.792,1288.36,76.19121,64.838,97.393,52608,54107,86468,35839,ACHI
2011-09-07,Well_#8,24.0,2578,144.465,1283.92,73.73378,64.666,98.374,53750,55316,88350,36776,ACHI
2011-09-08,Well_#8,24.0,2533,148.041,1285.19,71.54419,64.974,98.703,54877,56510,90230,37706,ACHI
2011-09-09,Well_#8,24.0,2498,138.509,1282.76,70.20736,65.37,98.814,55992,57687,92136,38626,ACHI
2011-09-10,Well_#8,24.0,2573,140.674,1276.06,70.24544,65.607,98.428,57100,58853,93945,39548,ACHI
2011-09-11,Well_#8,24.0,2518,150.313,1267.19,70.2616,66.115,97.86,58204,60010,95791,40472,ACHI
2011-09-12,Well_#8,24.0,2488,147.152,1261.05,70.2637,66.143,97.128,59309,61166,97665,41395,ACHI
2011-09-13,Well_#8,11.0,2499,136.809,1097.73,66.39201,64.429,97.534,59646,61513,98219,42062,ACHI
2011-09-14,Well_#8,24.0,2475,143.115,1262.02,80.86117,61.541,98.397,60711,62633,100043,43235,ACHI
2011-09-15,Well_#8,24.0,2527,144.507,1275.31,82.02015,61.805,98.444,61797,63774,101817,44280,ACHI
2011-09-16,Well_#8,24.0,2494,136.858,1275.97,82.05558,61.935,98.618,62763,64788,103429,45247,ACHI
2011-09-17,Well_#8,24.0,2498,137.427,1246.56,80.77623,62.79,96.846,63719,65792,105020,46183,ACHI
2011-09-18,Well_#8,24.0,2475,142.01,1240.69,80.30645,62.851,96.525,64675,66807,106615,47157,ACHI
2011-09-19,Well_#8,24.0,2525,143.026,1240.69,80.30645,62.851,96.525,65638,67822,108261,48074,ACHI
2011-09-20,Well_#8,24.0,2510,150.196,1246.58,79.68463,63.181,96.842,66592,68828,109877,48994,ACHI
2011-09-21,Well_#8,24.0,2518,140.559,1247.06,79.08963,63.387,97.055,67526,69814,111428,49906,ACHI
2011-09-22,Well_#8,24.0,2548,148.851,1242.79,76.50591,63.446,97.862,68431,70765,112989,50798,ACHI
2011-09-23,Well_#8,24.0,2537,139.033,1243.13,72.44141,64.316,98.082,69316,71691,114427,51673,ACHI
2011-09-24,Well_#8,24.0,2480,150.228,1231.14,69.06533,65.591,97.836,70190,72607,115921,52536,ACHI
2011-09-25,Well_#8,24.0,2544,143.051,1224.78,68.30723,65.881,97.996,71059,73519,117381,53398,ACHI
2011-09-26,Well_#8,24.0,2454,147.242,1216.65,68.15848,65.772,97.54,71927,74428,118824,54260,ACHI
2011-09-27,Well_#8,24.0,2525,145.102,1215.46,68.12665,65.911,97.536,72793,75335,120249,55124,ACHI
2011-09-28,Well_#8,24.0,2450,148.721,1212.37,68.10801,65.956,97.327,73765,76356,121925,56079,ACHI
2011-09-29,Well_#8,24.0,2509,141.619,1182.88,65.18425,64.482,95.933,74720,77358,123524,57030,ACHI
2011-09-30,Well_#8,24.0,2510,148.724,1208.26,68.13614,65.895,98.19,75689,78376,125193,57998,ACHI
2011-10-01,Well_#8,24.0,2508,149.043,1207.96,68.12498,65.531,98.63,76654,79390,126857,58960,ACHI
2011-10-02,Well_#8,24.0,2500,149.943,1210.87,69.29806,65.017,98.866,77624,80413,128498,59930,ACHI
2011-10-03,Well_#8,24.0,2511,138.346,1201.25,70.03838,65.237,97.683,78599,81440,130101,60910,ACHI
2011-10-04,Well_#8,24.0,2480,142.812,1185.31,70.04253,65.376,96.76,79570,82464,131749,61890,ACHI
2011-10-05,Well_#8,24.0,2452,145.626,1188.26,70.04737,65.429,96.941,80539,83486,133359,62873,ACHI
2011-10-06,Well_#8,24.0,2473,148.533,1188.07,70.06884,64.946,98.177,81506,84506,134989,63855,ACHI
2011-10-07,Well_#8,12.99,2474,136.98,1168.88,35.88393,68.441,97.723,81947,84904,135641,64236,ACHI
2011-10-08,Well_#8,13.0,2479,137.549,650.057,47.88823,57.419,89.842,82299,85291,136259,64713,ACHI
2011-10-09,Well_#8,24.0,2432,137.437,1180.71,99.82668,57.27,97.762,83237,86287,137865,65738,ACHI
2011-10-10,Well_#8,24.0,2436,143.7,1241.22,95.92952,58.031,98.625,84204,87315,139549,66806,ACHI
2011-10-11,Well_#8,24.0,2478,144.49,1222.95,74.72228,62.487,98.421,85148,88314,141187,67834,ACHI
2011-10-12,Well_#8,24.0,2499,138.31,1228.76,77.74131,62.147,98.549,86106,89324,142826,68870,ACHI
2011-10-13,Well_#8,24.0,2455,139.852,1233.08,77.76815,62.462,98.598,87074,90335,144486,69907,ACHI
2011-10-14,Well_#8,20.0,2455,141.822,1219.28,57.59778,63.106,97.701,87728,91033,145597,70633,ACHI
2011-10-15,Well_#8,15.67,2447,149.628,1154.14,50.52238,63.717,97.031,88336,91615,146541,71217,ACHI
2011-10-19,Well_#8,0.0,2427,143.685,0.0,1.26208,144.635,23.209,88336,91615,146541,71217,ACHI
2011-10-20,Well_#8,0.0,2493,148.495,0.0,1.31622,144.181,22.553,88336,91615,146541,71217,ACHI
2011-10-21,Well_#8,0.0,2498,145.211,69.96,1.15711,146.749,24.977,88336,91615,146541,71217,ACHI
2011-10-22,Well_#8,0.0,2487,138.461,0.0,1.14383,145.173,26.33,88336,91615,146541,71217,ACHI
2011-10-23,Well_#8,0.0,2501,138.545,0.0,1.15283,153.578,26.132,88336,91615,146541,71217,ACHI
2011-10-24,Well_#8,0.0,2523,139.688,0.0,1.12524,163.996,25.738,88336,91615,146541,71217,ACHI
2011-10-26,Well_#8,0.0,2548,148.589,0.0,1.18688,206.427,25.288,88336,91615,146541,71217,ACHI
2011-10-27,Well_#8,0.0,2543,137.551,0.0,1.19326,209.768,25.136,88336,91615,146541,71217,ACHI
2011-10-28,Well_#8,0.0,2491,150.042,0.0,1.19326,209.768,25.136,88336,91615,146541,71217,ACHI
2011-10-29,Well_#8,0.0,2513,146.73,0.0,1.19326,209.768,25.136,88336,91615,146541,71217,ACHI
2011-10-30,Well_#8,0.0,2561,139.697,0.0,1.1743,205.038,25.431,88336,91615,146541,71217,ACHI
2011-10-31,Well_#8,0.0,2557,148.399,0.0,1.13963,186.925,26.308,88336,91615,146541,71217,ACHI
2011-11-01,Well_#8,0.0,2546,138.992,0.0,1.68076,121.837,25.684,88336,91615,146541,71217,ACHI
2011-11-02,Well_#8,0.0,2492,140.576,0.0,1.26956,192.41,25.908,88336,91615,146541,71217,ACHI
2011-11-03,Well_#8,0.0,2531,145.223,0.0,1.32735,198.826,26.381,88336,91615,146541,71217,ACHI
2011-11-04,Well_#8,0.0,2594,142.963,0.0,1.32425,196.389,25.914,88336,91615,146541,71217,ACHI
2011-11-05,Well_#8,6.5,2537,137.878,27.256,16.50907,107.727,65.569,88559,91835,146886,71393,ACHI
2011-11-06,Well_#8,24.0,2534,144.291,534.818,99.57185,59.08,96.817,89707,92996,148784,72391,ACHI
2011-11-07,Well_#8,24.0,2590,138.124,894.808,85.26438,62.18,97.366,90881,94203,150699,73395,ACHI
2011-11-08,Well_#8,24.0,2588,141.499,1008.62,75.75713,64.04,97.144,92057,95412,152671,74386,ACHI
2011-11-09,Well_#8,24.0,2562,147.969,1070.91,72.90573,64.928,96.917,93244,96634,154659,75378,ACHI
2011-11-10,Well_#8,24.0,2577,149.963,1122.95,72.16137,65.213,97.419,94453,97877,156648,76365,ACHI
2011-11-11,Well_#8,11.64,2571,141.12,1144.41,34.91368,66.664,96.682,95047,98426,157532,76775,ACHI
2011-11-12,Well_#8,14.03,2557,144.609,579.177,41.30791,64.973,88.792,95582,98996,158454,77279,ACHI
2011-11-13,Well_#8,24.0,2526,136.891,1121.31,83.80292,62.975,97.884,96803,100235,160468,78282,ACHI
2011-11-14,Well_#8,24.0,2583,144.724,1190.38,83.7991,63.145,98.24,98022,101479,162505,79290,ACHI
2011-11-15,Well_#8,24.0,2521,148.065,1192.74,80.40493,63.735,97.928,99226,102715,164431,80299,ACHI
2011-11-16,Well_#8,24.0,2492,147.393,1193.73,79.13834,64.234,97.733,100409,103932,166424,81304,ACHI
2011-11-17,Well_#8,24.0,2539,139.295,1188.8,79.14069,64.388,97.486,101585,105143,168419,82312,ACHI
2011-11-18,Well_#8,24.0,2529,147.732,1176.81,78.5745,64.475,96.606,102749,106346,170336,83324,ACHI
2011-11-19,Well_#8,24.0,2549,147.372,1172.26,78.32404,64.294,97.233,103900,107536,172217,84338,ACHI
2011-11-20,Well_#8,24.0,2567,138.299,1153.34,78.35896,64.401,97.399,105039,108711,174125,85354,ACHI
2011-11-21,Well_#8,24.0,2494,143.962,1126.55,78.24478,64.548,97.508,106167,109877,176041,86370,ACHI
2011-11-22,Well_#8,24.0,2480,145.554,1087.46,78.22515,64.385,97.582,107283,111033,177931,87391,ACHI
2011-11-23,Well_#8,24.0,2486,148.078,1032.62,78.21378,64.357,96.467,108386,112176,179799,88415,ACHI
2011-11-24,Well_#8,23.48,2553,143.235,987.819,73.99738,65.192,97.237,109437,113265,181534,89411,ACHI
2011-11-28,Well_#8,19.69,2516,138.152,446.177,63.20914,60.772,92.192,110125,113977,182698,90160,ACHI
2011-12-02,Well_#8,20.97,2487,143.004,351.445,58.16547,67.083,85.689,110905,114782,184024,90932,ACHI
2011-12-05,Well_#8,14.36,2537,146.13,410.802,47.62322,63.566,94.277,111456,115345,184912,91468,ACHI
2011-12-06,Well_#8,4.56,2508,138.664,699.34,14.41105,68.028,95.162,111524,115403,185006,91529,ACHI
2011-12-07,Well_#8,19.0,2545,149.822,484.433,55.27176,66.434,90.587,112285,116193,186265,92245,ACHI
2011-12-08,Well_#8,14.31,2484,144.335,839.887,44.1499,65.968,96.95,112888,116773,187218,92754,ACHI
2011-12-10,Well_#8,0.0,2622,138.028,25.231,15.447,127.919,35.365,112888,116773,187218,92754,ACHI
2011-12-11,Well_#8,24.0,2610,146.6,680.065,71.67941,65.36,95.756,114031,117917,189081,93759,ACHI
2011-12-12,Well_#8,24.0,2639,140.946,868.116,59.18717,70.724,96.238,115086,118989,190802,94674,ACHI
2011-12-13,Well_#8,4.31,2618,143.873,868.112,10.08241,77.983,94.799,115086,118989,190802,94674,ACHI
2011-12-15,Well_#8,24.0,2624,150.104,597.069,68.16943,64.949,95.554,116182,120105,192593,95641,ACHI
2011-12-16,Well_#8,24.0,2594,140.667,887.851,58.55391,70.142,97.61,117238,121178,194268,96538,ACHI
2011-12-17,Well_#8,21.14,2597,143.64,935.084,54.91275,69.146,97.32,118210,122110,195762,97303,ACHI
2011-12-18,Well_#8,16.73,2568,138.798,661.023,42.67975,68.899,92.32,118817,122743,196751,97881,ACHI
2011-12-19,Well_#8,24.0,2608,137.835,958.879,65.86919,67.153,97.7,119935,123882,198605,98855,ACHI
2011-12-20,Well_#8,24.0,2557,137.967,977.852,64.65432,67.663,97.674,121037,125006,200380,99821,ACHI
2011-12-21,Well_#8,24.0,2613,137.238,982.114,62.80017,68.017,97.498,122113,126107,202152,100781,ACHI
2011-12-22,Well_#8,24.0,2547,149.115,981.446,64.13972,67.996,97.126,123190,127208,203937,101750,ACHI
2011-12-23,Well_#8,24.0,2540,142.75,969.846,64.17091,67.85,97.082,124260,128302,205677,102718,ACHI
2011-12-24,Well_#8,17.98,2541,142.57,959.214,48.50019,68.339,96.683,125040,129041,206838,103374,ACHI
2011-12-26,Well_#8,0.0,2556,144.587,0.0,0.32705,135.192,26.26,125040,129041,206838,103377,ACHI
2011-12-27,Well_#8,17.0,2570,141.087,356.888,49.95638,65.382,85.86,125600,129626,207798,103967,ACHI
2011-12-28,Well_#8,10.48,2587,137.929,781.555,35.85325,64.223,95.792,126084,130049,208481,104341,ACHI
2011-12-29,Well_#8,0.0,2567,147.775,2.25,5.28331,137.532,27.986,126084,130049,208481,104341,ACHI
2011-12-30,Well_#8,24.0,2562,142.66,633.999,68.99412,64.254,96.3,127131,131141,210204,105329,ACHI
2011-12-31,Well_#8,24.0,2630,142.289,887.918,70.01692,65.903,96.655,128216,132256,212037,106330,ACHI
2012-01-01,Well_#8,24.0,2548,142.89,919.459,69.31293,66.301,95.768,129288,133356,213766,107329,ACHI
2012-01-02,Well_#8,23.39,2626,136.768,926.673,65.71291,67.615,95.646,130307,134394,215412,108269,ACHI
2012-01-14,Well_#8,2.75,2610,138.451,1.011,5.33512,102.245,57.458,130383,134472,215541,108334,ACHI
2012-01-15,Well_#8,24.0,2616,142.819,346.825,71.03925,63.315,94.285,131566,135664,217488,109297,ACHI
2012-01-16,Well_#8,24.0,2626,144.721,667.519,67.15653,66.911,95.64,132742,136856,219430,110255,ACHI
2012-01-17,Well_#8,24.0,2557,139.346,760.354,61.30555,69.6,96.069,133846,137978,221198,111192,ACHI
2012-01-18,Well_#8,24.0,2552,136.863,807.2,62.39624,69.207,96.054,134973,139123,222988,112203,ACHI
2012-01-19,Well_#8,24.0,2550,144.003,845.151,62.8485,68.787,96.559,136118,140283,224835,113189,ACHI
2012-01-20,Well_#8,24.0,2589,137.464,871.16,62.89471,68.538,97.174,137252,141439,226714,114124,ACHI
2012-01-21,Well_#8,13.18,2579,139.336,864.349,34.16807,70.205,96.428,137745,141916,227489,114544,ACHI
2012-01-22,Well_#8,18.0,2606,146.726,660.199,45.18639,66.893,96.66,138248,142443,228334,115041,ACHI
2012-01-23,Well_#8,24.0,2617,139.052,860.239,66.81039,66.998,97.566,139348,143570,230133,116008,ACHI
2012-01-24,Well_#8,24.0,2628,145.43,887.395,67.219,67.48,97.345,140445,144702,231988,116976,ACHI
2012-01-25,Well_#8,16.34,2620,138.481,870.6,45.71292,69.175,95.443,141129,145356,233062,117537,ACHI
2012-01-27,Well_#8,14.0,2599,138.118,214.418,39.60947,83.167,60.894,141560,145806,233766,117992,ACHI
2012-01-28,Well_#8,24.0,2615,144.52,796.731,80.59201,63.449,96.039,142648,146916,235537,118989,ACHI
2012-01-29,Well_#8,24.0,2616,149.567,896.734,99.80074,60.325,96.084,143896,148304,237717,120244,ACHI
2012-01-30,Well_#8,24.0,2583,142.041,913.732,99.94769,60.685,95.702,145056,149595,239830,121381,ACHI
2012-01-31,Well_#8,24.0,2552,139.256,902.784,100.0,60.979,95.995,146433,151032,242111,122294,ACHI
2012-02-01,Well_#8,24.0,2531,147.799,908.437,100.0,60.047,97.378,147625,152275,244116,123260,ACHI
2012-02-02,Well_#8,24.0,2622,136.55,905.994,100.0,59.384,97.706,148653,153392,245918,124352,ACHI
2012-02-03,Well_#8,24.0,2543,150.371,886.932,100.0,59.426,97.312,149667,154501,247675,125452,ACHI
2012-02-04,Well_#8,24.0,2595,142.724,861.13,100.0,59.968,96.009,150659,155589,249384,126562,ACHI
2012-02-05,Well_#8,24.0,2556,145.487,854.044,100.0,60.526,97.18,151630,156653,251107,127679,ACHI
2012-02-06,Well_#8,24.0,2569,138.972,839.667,100.0,61.066,98.187,152602,157707,252744,128797,ACHI
2012-02-07,Well_#8,24.0,2578,138.938,815.846,100.0,61.705,97.06,153631,158823,254557,129913,ACHI
2012-02-08,Well_#8,24.0,2538,143.27,795.366,100.0,60.761,96.346,154659,159942,256319,131043,ACHI
2012-02-09,Well_#8,16.76,2573,139.587,781.182,73.70813,60.416,96.373,155342,160684,257483,131917,ACHI
2012-02-10,Well_#8,24.0,2581,143.384,681.823,100.0,66.582,95.429,156140,161578,258941,133514,ACHI
2012-02-11,Well_#8,24.0,2551,137.535,775.824,99.80149,58.907,96.768,157090,162423,260256,135042,ACHI
2012-02-12,Well_#8,24.0,2523,148.165,777.939,99.84113,58.356,98.41,158048,163461,261917,136206,ACHI
2012-02-13,Well_#8,24.0,2607,143.371,753.483,99.98683,58.63,98.1,159020,164519,263616,137331,ACHI
2012-02-14,Well_#8,24.0,2527,139.12,733.865,100.0,58.642,98.178,159969,165554,265301,138485,ACHI
2012-02-15,Well_#8,24.0,2609,138.453,711.531,100.0,58.74,98.017,160914,166586,266931,139643,ACHI
2012-02-16,Well_#8,24.0,2606,143.537,696.779,100.0,58.656,98.272,161858,167614,268542,140803,ACHI
2012-02-17,Well_#8,24.0,2529,149.444,677.093,100.0,58.89,97.653,162795,168638,270154,141968,ACHI
2012-02-18,Well_#8,24.0,2520,138.034,656.469,100.0,58.943,97.13,163723,169651,271739,143132,ACHI
2012-02-19,Well_#8,24.0,2597,143.872,637.847,100.0,58.782,97.737,164642,170662,273312,144297,ACHI
2012-02-20,Well_#8,24.0,2563,150.126,620.201,100.0,59.09,96.343,165569,171673,274893,145443,ACHI
2012-02-21,Well_#8,24.0,2524,142.208,613.005,100.0,58.788,97.717,166490,172679,276470,146591,ACHI
2012-02-22,Well_#8,24.0,2562,138.315,595.01,100.0,59.077,96.618,167415,173684,278038,147739,ACHI
2012-02-23,Well_#8,24.0,2519,150.342,588.372,100.0,58.841,97.745,168334,174683,279658,148888,ACHI
2012-02-24,Well_#8,24.0,2546,142.92,576.229,100.0,58.596,98.142,169250,175678,281248,150037,ACHI
2012-02-25,Well_#8,24.0,2595,141.464,614.039,100.0,58.481,98.367,170164,176671,282875,151188,ACHI
2012-02-26,Well_#8,24.0,2528,150.093,723.565,100.0,58.847,97.859,171076,177661,284494,152323,ACHI
2012-02-27,Well_#8,24.0,2597,143.193,700.751,100.0,58.927,97.086,171984,178649,286047,153476,ACHI
2012-02-28,Well_#8,24.0,2599,142.221,689.377,100.0,58.619,98.11,172892,179635,287604,154629,ACHI
2012-02-29,Well_#8,24.0,2550,142.155,681.493,100.0,58.513,98.462,173796,180618,289164,155783,ACHI
2012-03-01,Well_#8,24.0,2527,136.774,663.516,100.0,59.18,98.034,174693,181594,290686,156932,ACHI
2012-03-02,Well_#8,24.0,2507,148.484,656.535,100.0,58.773,98.242,175589,182574,292296,158085,ACHI
2012-03-03,Well_#8,24.0,2574,139.777,633.88,100.0,59.092,96.224,176481,183557,293855,159239,ACHI
2012-03-04,Well_#8,24.0,2595,146.241,631.755,100.0,58.965,97.507,177368,184532,295435,160393,ACHI
2012-03-05,Well_#8,24.0,2564,149.459,627.023,100.0,58.562,98.094,178250,185502,296988,161548,ACHI
2012-03-06,Well_#8,24.0,2502,149.833,618.533,100.0,58.962,97.529,179128,186469,298566,162702,ACHI
2012-03-07,Well_#8,24.0,2545,145.696,607.184,100.0,58.785,97.12,180005,187433,300120,163861,ACHI
2012-03-08,Well_#8,24.0,2514,137.494,603.203,100.0,58.776,97.193,180878,188394,301653,165022,ACHI
2012-03-09,Well_#8,24.0,2528,141.909,595.194,99.9876,58.956,96.021,181750,189352,303175,166182,ACHI
2012-03-10,Well_#8,24.0,2571,149.797,595.506,99.86995,58.229,97.855,182621,190310,304738,167343,ACHI
2012-03-11,Well_#8,24.0,2560,137.246,597.253,100.0,58.266,98.515,183487,191266,306310,168506,ACHI
2012-03-12,Well_#8,24.0,2573,141.108,596.548,100.0,58.253,98.507,184353,192219,307791,169671,ACHI
2012-03-13,Well_#8,22.0,2566,146.142,593.058,83.38775,58.157,98.581,185088,193068,309177,170713,ACHI
2012-03-14,Well_#8,24.0,2493,147.783,593.341,99.77785,57.974,97.791,185944,193989,310646,171885,ACHI
2012-03-15,Well_#8,23.42,2536,143.569,558.752,90.45072,61.888,95.067,186703,194838,311998,172967,ACHI
2012-03-16,Well_#8,24.0,2537,148.446,588.011,99.85289,58.174,97.346,187545,195760,313491,174112,ACHI
2012-03-17,Well_#8,24.0,2565,146.9,594.184,99.96306,58.153,98.079,188395,196692,315007,175264,ACHI
2012-03-18,Well_#8,24.0,2492,144.044,591.006,97.91464,58.101,98.413,189245,197628,316510,176416,ACHI
2012-03-19,Well_#8,24.0,2510,144.143,584.241,100.0,58.541,97.146,190100,198572,318040,177573,ACHI
2012-03-20,Well_#8,24.0,2520,137.001,829.279,100.0,58.539,97.507,190956,199513,319573,178705,ACHI
2012-03-21,Well_#8,24.0,2497,142.081,866.27,100.0,58.466,97.854,191811,200452,321035,179838,ACHI
2012-03-22,Well_#8,24.0,2479,144.353,868.679,100.0,58.238,98.64,192666,201392,322512,180974,ACHI
2012-03-23,Well_#8,24.0,2507,136.551,861.86,99.84342,58.819,98.745,193473,202290,323970,182090,ACHI
2012-03-24,Well_#8,24.0,2561,147.772,853.033,90.30597,60.927,98.768,194441,203388,325697,183303,ACHI
2012-03-25,Well_#8,23.0,2573,139.041,844.446,87.2933,61.672,98.464,195248,204303,327204,184398,ACHI
2012-03-26,Well_#8,24.0,2527,148.621,840.794,89.16941,61.613,98.782,196103,205273,328780,185583,ACHI
2012-03-27,Well_#8,24.0,2551,148.026,837.87,92.28502,60.606,98.938,197041,206312,330456,186725,ACHI
2012-03-28,Well_#8,24.0,2554,137.731,827.434,100.0,58.328,98.732,197921,207281,331972,187891,ACHI
2012-03-29,Well_#8,24.0,2568,143.925,811.814,99.94437,58.292,98.534,198792,208245,333514,189041,ACHI
2012-03-30,Well_#8,24.0,2544,139.138,800.514,100.0,58.248,98.469,199637,209180,335007,190185,ACHI
2012-03-31,Well_#8,24.0,2554,144.657,787.926,100.0,58.304,98.177,200476,210109,336523,191329,ACHI
2012-04-01,Well_#8,24.0,2469,143.949,779.532,100.0,58.233,98.274,201309,211033,338027,192471,ACHI
2012-04-02,Well_#8,24.0,2526,148.025,772.873,100.0,58.182,98.24,202139,211949,339452,193608,ACHI
2012-04-03,Well_#8,24.0,2469,150.576,765.33,100.0,58.389,97.973,202976,212868,340894,194751,ACHI
2012-04-04,Well_#8,24.0,2538,149.245,761.649,100.0,58.465,98.367,203810,213777,342375,195902,ACHI
2012-04-05,Well_#8,24.0,2527,139.359,752.445,100.0,58.382,97.705,204643,214688,343797,197065,ACHI
2012-04-06,Well_#8,24.0,2501,136.327,750.561,100.0,58.069,98.43,205473,215595,345224,198228,ACHI
2012-04-07,Well_#8,24.0,2493,143.085,747.631,100.0,58.086,98.408,206299,216498,346685,199394,ACHI
2012-04-08,Well_#8,24.0,2507,142.456,738.779,100.0,58.66,97.465,207120,217397,348081,200563,ACHI
2012-04-09,Well_#8,24.0,2500,150.391,735.426,100.0,58.507,97.915,207938,218292,349550,201732,ACHI
2012-04-10,Well_#8,24.0,2531,138.415,732.912,100.0,58.35,98.21,208769,219203,350998,202897,ACHI
2012-04-11,Well_#8,24.0,2491,138.833,731.694,100.0,57.93,98.676,209600,220113,352480,204068,ACHI
2012-04-12,Well_#8,24.0,2543,143.88,724.496,100.0,57.969,98.581,210426,221019,353954,205237,ACHI
2012-04-13,Well_#8,24.0,2478,147.316,720.905,100.0,58.187,98.35,211262,221935,355390,206400,ACHI
2012-04-14,Well_#8,24.0,2507,148.235,716.264,100.0,57.987,98.493,212095,222848,356872,207562,ACHI
2012-04-15,Well_#8,24.0,2463,141.99,712.484,100.0,58.053,98.326,212922,223757,358332,208726,ACHI
2012-04-16,Well_#8,24.0,2549,145.666,711.084,100.0,58.051,98.355,213747,224663,359759,209891,ACHI
2012-04-17,Well_#8,24.0,2489,144.643,702.194,100.0,58.596,97.095,214569,225565,361206,211056,ACHI
2012-04-18,Well_#8,24.0,2528,140.6,702.683,100.0,58.315,98.018,215380,226474,362657,212224,ACHI
2012-04-19,Well_#8,24.0,2520,145.716,695.447,100.0,58.521,97.167,216191,227382,364145,213403,ACHI
2012-04-20,Well_#8,24.0,2451,146.16,689.664,100.0,58.774,96.547,217000,228289,365621,214572,ACHI
2012-04-21,Well_#8,24.0,2514,143.152,690.211,100.0,58.426,97.462,217821,229204,367064,215760,ACHI
2012-04-22,Well_#8,24.0,2490,148.549,691.314,100.0,58.353,97.889,218642,230119,368492,216936,ACHI
2012-04-23,Well_#8,24.0,2498,143.834,689.195,100.0,58.316,97.435,219458,231028,369929,218117,ACHI
2012-04-24,Well_#8,24.0,2467,144.994,690.135,100.0,58.189,98.142,220272,231936,371417,219299,ACHI
2012-04-25,Well_#8,24.0,2461,150.607,687.822,100.0,58.253,97.904,221086,232842,372901,220492,ACHI
2012-04-26,Well_#8,24.0,2515,138.648,682.953,100.0,58.049,98.106,221897,233748,374370,221671,ACHI
2012-04-27,Well_#8,24.0,2494,138.812,683.605,100.0,57.79,98.543,222703,234650,375825,222854,ACHI
2012-04-28,Well_#8,14.29,2474,136.865,677.956,61.46928,57.998,97.944,223118,235128,376589,223535,ACHI
2012-04-29,Well_#8,24.0,2471,149.408,674.271,98.32028,55.966,98.104,223825,235930,377881,224693,ACHI
2012-04-30,Well_#8,24.0,2533,150.059,688.642,97.73337,56.673,98.032,224564,236772,379260,225857,ACHI
2012-05-01,Well_#8,24.0,2530,140.039,692.516,99.91721,56.598,98.364,225316,237611,380610,227030,ACHI
2012-05-02,Well_#8,24.0,2486,136.618,693.154,100.0,56.792,98.427,226071,238457,381950,228215,ACHI
2012-05-03,Well_#8,24.0,2497,141.723,694.283,100.0,56.905,98.529,226822,239296,383271,229370,ACHI
2012-05-04,Well_#8,24.0,2451,147.508,687.742,100.0,57.005,98.314,227577,240139,384597,230521,ACHI
2012-05-05,Well_#8,24.0,2491,148.215,678.995,100.0,57.155,97.928,228335,240991,385940,231672,ACHI
2012-05-06,Well_#8,24.0,2512,137.172,681.02,100.0,57.173,97.99,229094,241836,387269,232820,ACHI
2012-05-07,Well_#8,24.0,2457,141.384,683.223,100.0,57.402,97.941,229810,242633,388544,233951,ACHI
2012-05-08,Well_#8,24.0,2467,150.372,672.821,100.0,57.857,96.635,230532,243438,389862,235096,ACHI
2012-05-09,Well_#8,24.0,2500,142.891,678.68,100.0,57.201,98.229,231254,244241,391116,236248,ACHI
2012-05-10,Well_#8,24.0,2466,145.289,675.368,100.0,57.396,97.848,231974,245043,392411,237395,ACHI
2012-05-11,Well_#8,24.0,2500,142.325,670.926,100.0,57.174,98.087,232693,245844,393709,238525,ACHI
2012-05-12,Well_#8,24.0,2473,143.681,671.116,100.0,57.331,98.051,233420,246656,395038,239674,ACHI
2012-05-13,Well_#8,24.0,2433,148.944,666.465,100.0,57.851,95.942,234148,247467,396371,240822,ACHI
2012-05-14,Well_#8,24.0,2497,140.748,661.117,100.0,57.756,96.029,234876,248277,397667,241965,ACHI
2012-05-15,Well_#8,24.0,2523,141.475,672.175,100.0,57.154,98.314,235602,249085,398995,243101,ACHI
2012-05-16,Well_#8,24.0,2452,137.537,666.971,100.0,57.368,98.025,236326,249895,400312,244240,ACHI
2012-05-17,Well_#8,24.0,2472,147.17,667.53,100.0,57.337,98.19,237051,250704,401580,245380,ACHI
2012-05-18,Well_#8,24.0,2517,139.257,672.271,100.0,57.292,98.473,237777,251514,402870,246608,ACHI
2012-05-19,Well_#8,24.0,2426,141.31,668.04,100.0,57.33,98.408,238503,252326,404186,247912,ACHI
2012-05-20,Well_#8,24.0,2431,148.787,666.027,100.0,57.54,98.345,239249,253158,405555,249002,ACHI
2012-05-21,Well_#8,24.0,2509,148.706,665.914,100.0,57.375,98.539,239996,253988,406906,250117,ACHI
2012-05-22,Well_#8,17.69,2472,143.786,638.045,76.29265,59.211,97.286,240461,254528,407763,250926,ACHI
2012-05-23,Well_#8,24.0,2470,142.666,644.775,99.84263,56.914,97.626,241153,255310,409038,252035,ACHI
2012-05-24,Well_#8,24.0,2505,142.03,667.523,99.9664,57.25,98.081,241864,256113,410286,253128,ACHI
2012-05-25,Well_#8,24.0,2514,141.641,667.73,100.0,57.312,98.761,242580,256914,411591,254204,ACHI
2012-05-26,Well_#8,24.0,2492,143.666,667.551,100.0,56.941,99.017,243303,257722,412886,255314,ACHI
2012-05-27,Well_#8,24.0,2490,141.296,671.628,100.0,57.003,99.213,244033,258535,414187,256433,ACHI
2012-05-28,Well_#8,24.0,2444,144.437,665.047,100.0,57.064,99.011,244769,259353,415529,257553,ACHI
2012-05-29,Well_#8,24.0,2414,146.895,657.155,100.0,57.207,98.71,245508,260173,416863,258670,ACHI
2012-05-30,Well_#8,24.0,2442,138.185,655.462,100.0,57.233,98.725,246244,260993,418142,259787,ACHI
2012-05-31,Well_#8,24.0,2458,137.162,656.208,100.0,57.241,98.808,246979,261813,419466,260908,ACHI
2012-06-01,Well_#8,24.0,2415,145.406,651.0,100.0,57.37,98.513,247714,262635,420791,262031,ACHI
2012-06-02,Well_#8,24.0,2498,149.368,648.015,100.0,57.367,98.542,248448,263456,422076,263147,ACHI
2012-06-03,Well_#8,24.0,2475,148.277,643.738,100.0,57.313,98.526,249178,264274,423388,264265,ACHI
2012-06-04,Well_#8,24.0,2475,143.62,641.724,100.0,57.342,98.472,249907,265091,424718,265386,ACHI
2012-06-05,Well_#8,24.0,2468,138.066,648.039,100.0,57.446,98.701,250634,265905,426038,266510,ACHI
2012-06-06,Well_#8,24.0,2470,145.968,644.362,100.0,58.058,97.612,251364,266723,427333,267636,ACHI
2012-06-07,Well_#8,24.0,2490,147.864,636.255,100.0,58.184,96.923,252110,267557,428661,268768,ACHI
2012-06-08,Well_#8,24.0,2496,143.479,634.155,100.0,57.838,96.993,252854,268388,429994,269903,ACHI
2012-06-09,Well_#8,24.0,2408,140.966,641.156,100.0,57.58,98.264,253597,269221,431319,271041,ACHI
2012-06-10,Well_#8,24.0,2426,147.229,644.885,100.0,57.353,98.856,254343,270054,432658,272191,ACHI
2012-06-11,Well_#8,24.0,2453,142.9,641.297,100.0,57.476,98.768,255079,270879,433963,273336,ACHI
2012-06-12,Well_#8,24.0,2480,146.012,637.047,100.0,57.377,98.612,255822,271710,435273,274486,ACHI
2012-06-13,Well_#8,23.33,2412,149.737,607.796,100.0,60.319,96.813,256454,272429,436414,275523,ACHI
2012-06-14,Well_#8,24.0,2427,137.934,642.586,99.97911,56.702,98.86,257168,273228,437722,276669,ACHI
2012-06-15,Well_#8,24.0,2459,144.731,646.086,100.0,57.232,98.524,257892,274039,439053,277823,ACHI
2012-06-16,Well_#8,24.0,2430,147.193,643.483,100.0,57.14,98.933,258621,274857,440386,278975,ACHI
2012-06-17,Well_#8,24.0,2459,148.637,643.34,100.0,57.053,99.147,259354,275675,441730,280120,ACHI
2012-06-18,Well_#8,24.0,2465,136.298,645.886,100.0,57.097,99.189,260085,276491,443067,281269,ACHI
2012-06-19,Well_#8,24.0,2412,140.917,645.231,100.0,57.441,98.96,260817,277310,444343,282421,ACHI
2012-06-20,Well_#8,16.0,2456,143.364,450.068,56.59742,82.796,86.243,261193,277733,445003,283145,ACHI
2012-06-21,Well_#8,24.0,2430,150.214,611.387,99.71172,55.519,97.879,261833,278455,446126,284354,ACHI
2012-06-22,Well_#8,24.0,2401,137.878,633.873,100.0,56.5,97.306,262505,279208,447346,285493,ACHI
2012-06-23,Well_#8,24.0,2463,149.469,635.356,100.0,56.746,97.492,263190,279977,448598,286632,ACHI
2012-06-24,Well_#8,24.0,2451,145.585,637.134,100.0,56.752,97.476,263880,280751,449840,287755,ACHI
2012-06-25,Well_#8,24.0,2403,141.714,635.545,100.0,56.263,98.707,264573,281528,451066,288848,ACHI
2012-06-26,Well_#8,24.0,2439,142.986,634.11,100.0,56.301,98.693,265266,282308,452350,289968,ACHI
2012-06-27,Well_#8,24.0,2450,137.09,638.309,100.0,56.344,98.874,265913,283034,453496,291095,ACHI
2012-06-28,Well_#8,24.0,2471,139.722,635.278,100.0,56.77,98.472,266562,283762,454678,292225,ACHI
2012-06-29,Well_#8,24.0,2406,148.364,627.833,100.0,57.334,97.704,267214,284492,455842,293322,ACHI
2012-06-30,Well_#8,24.0,2470,136.536,629.798,100.0,57.37,97.705,267866,285224,456991,294428,ACHI
2012-07-01,Well_#8,24.0,2429,143.343,629.704,100.0,57.251,97.894,268524,285958,458155,295449,ACHI
2012-07-02,Well_#8,24.0,2395,139.579,631.048,100.0,56.729,98.743,269195,286708,459348,296598,ACHI
2012-07-03,Well_#8,24.0,2383,148.197,626.993,100.0,56.935,98.425,269865,287457,460547,297714,ACHI
2012-07-04,Well_#8,24.0,2403,149.513,622.548,100.0,57.135,98.114,270536,288207,461725,298833,ACHI
2012-07-05,Well_#8,24.0,2415,139.611,622.197,100.0,57.184,98.253,271206,288962,462934,299953,ACHI
2012-07-06,Well_#8,24.0,2471,138.894,626.972,100.0,56.859,98.854,271877,289716,464164,301062,ACHI
2012-07-07,Well_#8,24.0,2394,137.868,626.243,100.0,56.695,98.939,272549,290471,465353,302162,ACHI
2012-07-08,Well_#8,24.0,2374,136.568,623.517,100.0,56.894,98.805,273220,291223,466536,303259,ACHI
2012-07-09,Well_#8,24.0,2434,142.374,619.553,100.0,56.698,98.857,273908,291996,467791,304392,ACHI
2012-07-10,Well_#8,24.0,2456,139.707,617.714,100.0,56.78,98.777,274594,292766,469025,305527,ACHI
2012-07-11,Well_#8,24.0,2461,139.679,620.201,100.0,56.835,98.849,275279,293537,470283,306670,ACHI
2012-07-12,Well_#8,24.0,2451,143.207,618.417,100.0,56.838,98.883,275967,294312,471492,307807,ACHI
2012-07-13,Well_#8,24.0,2404,137.858,618.669,100.0,56.849,98.909,276658,295088,472731,308937,ACHI
2012-07-14,Well_#8,24.0,2459,150.27,617.387,100.0,56.83,98.896,277347,295860,473963,310072,ACHI
2012-07-15,Well_#8,24.0,2387,138.99,615.961,100.0,57.167,98.202,278037,296629,475207,311212,ACHI
2012-07-16,Well_#8,24.0,2455,145.089,617.503,100.0,56.91,98.852,278726,297398,476406,312353,ACHI
2012-07-17,Well_#8,24.0,2424,138.517,615.797,100.0,56.953,98.837,279416,298168,477632,313493,ACHI
2012-07-18,Well_#8,24.0,2394,144.768,615.467,100.0,57.129,98.736,280106,298942,478834,314631,ACHI
2012-07-19,Well_#8,24.0,2410,144.195,608.243,97.91667,56.982,98.733,280797,299719,480083,315768,ACHI
2012-07-20,Well_#8,24.0,2455,138.04,605.931,100.0,56.938,98.695,281486,300492,481329,316909,ACHI
2012-07-21,Well_#8,24.0,2445,139.915,609.998,100.0,56.994,98.694,282175,301259,482577,318049,ACHI
2012-07-22,Well_#8,24.0,2379,137.498,606.435,100.0,57.613,97.407,282864,302027,483793,319193,ACHI
2012-07-23,Well_#8,24.0,2397,139.118,621.08,100.0,57.58,97.033,283553,302797,485059,320338,ACHI
2012-07-24,Well_#8,24.0,2433,138.573,625.343,100.0,57.286,98.519,284243,303567,486263,321489,ACHI
2012-07-25,Well_#8,24.0,2359,147.229,627.108,100.0,56.855,98.991,284931,304335,487517,322638,ACHI
2012-07-26,Well_#8,24.0,2378,141.469,626.202,100.0,56.783,99.034,285618,305102,488711,323785,ACHI
2012-07-27,Well_#8,24.0,2404,145.383,616.814,100.0,57.253,97.98,286303,305869,489954,324926,ACHI
2012-07-28,Well_#8,24.0,2369,138.573,617.564,100.0,57.217,97.746,286986,306635,491200,326057,ACHI
2012-07-29,Well_#8,24.0,2366,137.081,617.671,100.0,57.404,98.092,287672,307406,492459,327193,ACHI
2012-07-30,Well_#8,24.0,2372,138.675,622.523,100.0,57.247,98.709,288371,308192,493742,328330,ACHI
2012-07-31,Well_#8,24.0,2376,143.183,623.886,100.0,56.872,99.098,289073,308981,495001,329469,ACHI
2012-08-01,Well_#8,24.0,2363,147.271,615.374,100.0,57.253,98.359,289774,309754,496248,330610,ACHI
2012-08-02,Well_#8,24.0,2406,149.218,613.1,100.0,57.222,98.376,290473,310535,497462,331747,ACHI
2012-08-03,Well_#8,24.0,2404,141.023,614.555,100.0,57.179,98.421,291171,311316,498706,332878,ACHI
2012-08-04,Well_#8,24.0,2407,146.016,618.935,100.0,56.788,99.049,291865,312099,499950,334005,ACHI
2012-08-05,Well_#8,24.0,2351,150.119,618.673,100.0,56.968,98.951,292556,312882,501219,335141,ACHI
2012-08-06,Well_#8,24.0,2378,149.332,621.782,100.0,56.972,99.106,293251,313663,502471,336297,ACHI
2012-08-07,Well_#8,24.0,2430,148.689,615.154,100.0,56.999,98.951,293949,314444,503710,337459,ACHI
2012-08-08,Well_#8,24.0,2429,137.318,613.86,100.0,56.992,98.884,294646,315250,505037,338619,ACHI
2012-08-09,Well_#8,24.0,2374,139.781,615.47,100.0,56.937,98.946,295340,316026,506259,339777,ACHI
2012-08-10,Well_#8,24.0,2402,138.029,615.759,100.0,55.911,99.018,296039,316807,507484,340940,ACHI
2012-08-11,Well_#8,24.0,2431,139.244,620.263,100.0,54.866,99.113,296740,317602,508751,342103,ACHI
2012-08-12,Well_#8,24.0,2340,140.144,620.005,99.99992,54.793,98.883,297439,318388,509986,343280,ACHI
2012-08-13,Well_#8,0.63,2435,142.136,598.574,21.99157,86.107,96.111,298072,318472,510121,343166,ACHI
2015-01-02,Well_#9,24.0,2308,159.384,386.722,26.50163,226.618,63.571,783,730,1055,226,DEPU
2015-01-03,Well_#9,24.0,2298,157.188,818.428,27.8686,214.737,72.366,1654,1607,2321,464,DEPU
2015-01-04,Well_#9,24.0,2333,159.657,883.849,27.86356,209.451,72.78,2509,2385,3445,702,DEPU
2015-01-05,Well_#9,24.0,2298,159.101,918.323,27.83998,208.3,72.269,3348,3145,4543,938,DEPU
2015-01-06,Well_#9,24.0,2299,158.846,944.526,28.27995,203.708,73.531,4182,3898,5630,1178,DEPU
2015-01-07,Well_#9,24.0,2313,159.437,960.129,28.30568,202.07,72.135,5041,4678,6758,1416,DEPU
2015-01-08,Well_#9,24.0,2317,159.502,975.261,28.31657,198.289,72.203,5871,5426,7837,1650,DEPU
2015-01-09,Well_#9,15.67,2322,156.795,941.636,20.4557,198.108,71.101,6404,5905,8530,1829,DEPU
2015-01-10,Well_#9,20.42,2307,154.134,937.417,25.64218,188.164,70.788,7190,6613,9552,2074,DEPU
2015-01-11,Well_#9,24.0,2315,157.716,1053.84,36.20383,154.588,79.497,8260,7571,10936,2415,DEPU
2015-01-12,Well_#9,24.0,2322,154.941,1025.21,30.25547,178.632,73.099,9119,8344,12053,2670,DEPU
2015-01-13,Well_#9,24.0,2314,154.798,1030.28,30.19498,178.23,73.315,9985,9126,13182,2926,DEPU
2015-01-14,Well_#9,24.0,2313,158.645,1034.34,30.25039,177.385,73.511,10760,9832,14202,3173,DEPU
2015-01-15,Well_#9,24.0,2299,158.326,1030.74,30.24842,177.119,73.723,11587,10578,15279,3630,DEPU
2015-01-16,Well_#9,24.0,2303,159.581,1031.57,30.27133,175.89,74.384,12426,11318,16348,4070,DEPU
2015-01-17,Well_#9,24.0,2312,159.767,1030.39,30.28621,175.142,74.749,13203,12026,17371,4490,DEPU
2015-01-18,Well_#9,24.0,2308,157.39,1030.39,30.28621,175.142,74.749,14023,12770,18446,4909,DEPU
2015-01-19,Well_#9,24.0,2321,158.127,1030.39,30.28621,175.142,74.749,14852,13520,19529,5332,DEPU
2015-01-20,Well_#9,22.0,2315,156.341,1013.4,28.21775,173.687,77.467,15620,14217,20536,5805,DEPU
2015-01-21,Well_#9,24.0,2319,156.427,1030.01,32.55258,162.8,79.357,16568,15081,21784,6344,DEPU
2015-01-22,Well_#9,24.0,2301,154.16,1031.83,33.32736,161.216,79.173,17512,15948,23036,6854,DEPU
2015-01-23,Well_#9,24.0,2314,158.211,1020.77,33.08427,161.265,76.227,18437,16799,24265,7348,DEPU
2015-01-24,Well_#9,24.0,2300,158.707,1018.68,32.3983,159.696,79.528,19339,17625,25459,7827,DEPU
2015-01-25,Well_#9,24.0,2279,154.567,1020.07,32.43786,159.782,77.877,20230,18449,26648,8306,DEPU
2015-01-26,Well_#9,24.0,2297,157.883,1017.14,32.43154,158.61,79.879,21116,19267,27830,8780,DEPU
2015-01-27,Well_#9,24.0,2314,154.895,1016.59,33.17402,157.839,79.271,22060,20128,29074,9418,DEPU
2015-01-28,Well_#9,24.0,2303,154.483,1010.86,33.19739,155.859,77.896,22988,20975,30298,9893,DEPU
2015-01-29,Well_#9,24.0,2296,157.381,1013.94,33.20164,153.18,79.735,23913,21827,31527,10366,DEPU
2015-01-30,Well_#9,24.0,2315,157.372,1015.82,33.18728,151.811,79.249,24812,22649,32715,10819,DEPU
2015-01-31,Well_#9,24.0,2313,158.093,1017.04,33.18904,149.756,79.483,25698,23448,33870,11336,DEPU
2015-02-01,Well_#9,24.0,2307,154.673,1014.37,33.22098,147.069,79.412,26611,24285,35078,11868,DEPU
2015-02-02,Well_#9,24.0,2309,158.768,1014.42,33.22117,145.251,79.59,27487,25087,36237,12317,DEPU
2015-02-03,Well_#9,24.0,2288,154.466,1019.34,33.23499,142.956,80.046,28360,25891,37398,13082,DEPU
2015-02-04,Well_#9,16.11,2270,154.767,1016.24,35.00688,142.428,79.666,28914,26439,38189,13562,DEPU
2015-02-06,Well_#9,24.0,2267,159.897,997.163,59.62437,111.379,82.059,30076,27533,39770,14308,DEPU
2015-02-07,Well_#9,24.0,2304,158.21,991.585,33.3408,136.696,79.407,30887,28312,40895,14759,DEPU
2015-02-08,Well_#9,17.11,2291,154.659,989.637,24.17843,140.42,78.298,31320,28744,41518,14999,DEPU
2015-02-09,Well_#9,11.98,2286,155.38,965.332,26.43534,139.676,79.475,31702,29130,42077,15184,DEPU
2015-02-10,Well_#9,24.0,2259,156.225,1007.09,33.18196,138.414,79.808,32514,29905,43196,15709,DEPU
2015-02-11,Well_#9,24.0,2283,156.084,1015.43,33.21672,138.616,77.895,33223,30578,44169,16313,DEPU
2015-02-12,Well_#9,24.0,2282,154.991,1024.23,33.22418,139.005,78.98,33920,31238,45122,16910,DEPU
2015-02-13,Well_#9,24.0,2274,159.449,1018.52,32.80304,137.986,78.697,34630,31910,46092,17511,DEPU
2015-02-14,Well_#9,24.0,2281,154.799,1032.76,33.32447,139.449,79.444,35336,32576,47055,18121,DEPU
2015-02-15,Well_#9,24.0,2255,158.543,1019.19,32.56462,138.867,77.533,36040,33239,48012,18727,DEPU
2015-02-16,Well_#9,24.0,2269,154.461,1035.66,33.27409,141.126,78.167,36743,33901,48969,19296,DEPU
2015-02-17,Well_#9,24.0,2254,155.453,1045.28,31.13554,141.326,78.417,37427,34553,49910,19870,DEPU
2015-02-18,Well_#9,24.0,2256,159.553,1049.82,33.294,142.545,76.996,38143,35218,50870,20422,DEPU
2015-02-19,Well_#9,24.0,2283,158.789,1053.58,33.28384,142.596,77.414,38867,35887,51836,20983,DEPU
2015-02-20,Well_#9,24.0,2276,154.903,1058.65,33.25429,142.589,79.291,39574,36543,52784,21620,DEPU
2015-02-21,Well_#9,24.0,2256,154.854,1060.82,33.13726,141.896,80.982,40264,37182,53707,22227,DEPU
2015-02-22,Well_#9,24.0,2262,159.193,1056.89,33.1873,141.203,80.007,40981,37846,54666,22823,DEPU
2015-02-23,Well_#9,24.0,2264,159.792,1053.59,33.17726,141.593,77.67,41697,38515,55632,23384,DEPU
2015-02-24,Well_#9,24.0,2259,153.862,1055.22,33.08713,141.411,79.492,42396,39159,56563,23957,DEPU
2015-02-25,Well_#9,24.0,2257,156.651,1061.72,33.08282,140.949,80.974,43102,39801,57490,24535,DEPU
2015-02-26,Well_#9,24.0,2254,154.496,1055.49,33.07758,141.476,79.261,43807,40443,58418,25061,DEPU
2015-02-27,Well_#9,24.0,2265,155.428,1056.79,33.11314,141.493,78.065,44516,41098,59363,25756,DEPU
2015-02-28,Well_#9,23.38,2284,156.591,1046.98,32.11212,142.34,77.206,45187,41733,60281,26415,DEPU
2015-03-01,Well_#9,24.0,2263,155.616,1055.82,33.77713,138.212,79.124,45903,42408,61256,27112,DEPU
2015-03-02,Well_#9,24.0,2247,157.096,1062.21,33.862,136.764,81.759,46617,43080,62226,27807,DEPU
2015-03-03,Well_#9,24.0,2272,154.883,1061.3,33.95103,136.809,80.521,47334,43751,63196,28495,DEPU
2015-03-04,Well_#9,24.0,2241,156.022,1055.86,32.04327,134.394,81.415,48050,44422,64165,29165,DEPU
2015-03-05,Well_#9,24.0,2248,158.479,1058.73,34.18332,135.686,79.938,48769,45097,65140,29860,DEPU
2015-03-06,Well_#9,24.0,2256,156.497,1055.41,34.25424,135.304,79.987,49466,45749,66082,30557,DEPU
2015-03-07,Well_#9,24.0,2250,154.216,1046.41,34.36061,135.264,77.695,50160,46402,67025,31255,DEPU
2015-03-08,Well_#9,24.0,2241,157.671,1051.69,33.65804,134.568,80.67,50852,47052,67964,31952,DEPU
2015-03-09,Well_#9,24.0,2256,158.603,1045.52,34.58774,133.711,80.398,51559,47711,68916,32657,DEPU
2015-03-10,Well_#9,24.0,2256,156.291,1040.03,34.80917,132.521,80.782,52264,48362,69856,33362,DEPU
2015-03-11,Well_#9,24.0,2243,156.207,1046.16,34.94795,132.02,81.266,52971,49011,70794,34072,DEPU
2015-03-12,Well_#9,24.0,2269,157.875,1046.23,35.10895,131.063,81.662,53679,49663,71736,34806,DEPU
2015-03-13,Well_#9,24.0,2254,156.479,1040.87,35.23351,130.367,81.259,54379,50316,72678,35518,DEPU
2015-03-14,Well_#9,24.0,2253,157.625,1046.55,35.46763,129.239,82.12,55087,50971,73625,36234,DEPU
2015-03-15,Well_#9,24.0,2248,156.417,1040.5,35.57401,128.769,81.412,55791,51616,74556,36954,DEPU
2015-03-16,Well_#9,24.0,2238,156.743,1033.49,35.65656,127.96,80.662,56503,52265,75494,37686,DEPU
2015-03-17,Well_#9,24.0,2257,154.872,1027.26,35.71326,126.324,80.654,57225,52918,76436,38403,DEPU
2015-03-18,Well_#9,24.0,2268,158.114,1039.91,35.52315,125.064,82.989,57947,53570,77379,39115,DEPU
2015-03-19,Well_#9,24.0,2260,157.784,1012.67,34.87172,126.77,81.821,58661,54218,78315,39819,DEPU
2015-03-20,Well_#9,24.0,2264,156.436,999.399,34.88242,125.824,81.493,59395,54882,79274,40581,DEPU
2015-03-21,Well_#9,24.0,2224,158.183,994.883,34.87572,124.497,82.124,60136,55550,80239,41298,DEPU
2015-03-22,Well_#9,8.13,2252,157.927,987.075,11.63463,129.924,78.536,60227,55636,80363,41391,DEPU
2015-03-25,Well_#9,9.0,2228,153.711,766.397,13.30564,128.422,76.351,60271,55678,80424,41437,DEPU
2015-03-26,Well_#9,24.0,2246,156.212,913.183,35.3463,129.448,80.059,61007,56349,81393,42169,DEPU
2015-03-27,Well_#9,24.0,2242,154.706,977.293,35.00244,128.9,82.539,61749,57012,82351,42881,DEPU
2015-03-28,Well_#9,24.0,2253,158.41,973.446,34.93759,127.779,80.596,62456,57599,83199,43589,DEPU
2015-03-29,Well_#9,24.0,2223,154.215,987.96,33.42341,125.54,82.709,63122,58194,84058,44253,DEPU
2015-03-30,Well_#9,24.0,2234,158.215,984.551,34.18371,124.709,82.348,63820,58819,84961,44965,DEPU
2015-03-31,Well_#9,24.0,2250,154.821,985.832,35.00606,123.417,82.099,64528,59444,85864,45671,DEPU
2015-04-01,Well_#9,24.0,2219,154.438,981.882,35.06375,122.361,82.132,65210,60064,86758,46371,DEPU
2015-04-02,Well_#9,24.0,2217,154.237,985.405,35.21113,121.314,82.399,65907,60694,87669,47072,DEPU
2015-04-03,Well_#9,24.0,2248,159.201,999.118,35.24768,120.742,82.859,66599,61310,88560,47770,DEPU
2015-04-04,Well_#9,24.0,2228,157.127,996.789,35.34144,120.791,82.484,67290,61935,89461,48468,DEPU
2015-04-05,Well_#9,24.0,2241,158.377,989.95,35.31801,120.596,82.345,67978,62557,90361,49161,DEPU
2015-04-06,Well_#9,24.0,2247,155.013,990.224,35.34629,120.466,81.963,68666,63178,91257,49863,DEPU
2015-04-07,Well_#9,24.0,2237,153.853,985.395,35.14337,120.338,82.401,69346,63792,92144,50512,DEPU
2015-04-08,Well_#9,24.0,2231,156.303,984.628,35.12442,119.907,82.055,70030,64407,93032,51164,DEPU
2015-04-09,Well_#9,24.0,2213,156.292,979.118,35.09952,119.689,80.158,70711,65020,93918,51813,DEPU
2015-04-10,Well_#9,24.0,2222,153.901,977.967,35.10816,119.045,80.537,71384,65632,94802,52465,DEPU
2015-04-11,Well_#9,24.0,2203,159.837,973.032,35.12518,118.514,80.827,72061,66242,95683,53114,DEPU
2015-04-12,Well_#9,24.0,2210,158.529,970.033,35.15483,118.279,79.567,72739,66858,96573,53763,DEPU
2015-04-13,Well_#9,24.0,2230,159.19,972.512,35.16748,117.792,81.392,73417,67488,97483,54422,DEPU
2015-04-14,Well_#9,24.0,2205,154.645,974.819,35.3171,118.396,80.483,74099,68124,98401,55106,DEPU
2015-04-15,Well_#9,24.0,2240,155.385,982.502,34.55391,118.47,82.615,74782,68752,99308,55800,DEPU
2015-04-16,Well_#9,24.0,2227,154.665,982.57,35.30399,119.114,82.831,75470,69386,100224,56510,DEPU
2015-04-17,Well_#9,24.0,2206,157.94,989.457,34.60419,119.734,83.198,76166,70029,101152,57227,DEPU
2015-04-18,Well_#9,24.0,2213,155.765,985.355,34.58859,120.545,83.144,76856,70666,102073,57957,DEPU
2015-04-19,Well_#9,24.0,2227,154.35,987.438,34.54583,121.93,83.149,77551,71289,102973,58694,DEPU
2015-04-20,Well_#9,24.0,2234,157.381,990.103,35.28526,122.39,83.382,78248,71917,103881,59431,DEPU
2015-04-21,Well_#9,24.0,2194,154.97,983.698,35.28167,122.468,83.35,78951,72559,104808,60131,DEPU
2015-04-22,Well_#9,24.0,2195,154.356,980.427,35.27701,122.284,83.459,79653,73197,105730,60846,DEPU
2015-04-23,Well_#9,24.0,2199,159.068,975.749,35.25572,121.965,83.334,80244,73728,106496,61515,DEPU
2015-04-24,Well_#9,24.0,2196,155.926,977.052,35.26414,121.969,82.994,80832,74256,107259,62182,DEPU
2015-04-25,Well_#9,24.0,2216,157.503,971.879,35.25118,121.285,82.725,81415,74779,108014,62857,DEPU
2015-04-26,Well_#9,24.0,2191,159.337,970.784,35.29905,120.488,82.9,81997,75301,108769,63521,DEPU
2015-04-27,Well_#9,24.0,2187,156.466,970.337,35.30202,120.831,82.473,82582,75825,109525,64188,DEPU
2015-04-28,Well_#9,24.0,2201,154.498,967.262,35.09835,121.637,81.804,83161,76343,110273,64845,DEPU
2015-04-29,Well_#9,24.0,2215,159.049,969.977,35.10262,121.124,82.09,83742,76859,111019,65667,DEPU
2015-04-30,Well_#9,24.0,2198,159.474,967.277,35.13215,120.136,82.587,84325,77378,111769,66479,DEPU
2015-05-01,Well_#9,24.0,2214,156.447,963.977,35.14189,119.628,82.751,84908,77895,112515,67291,DEPU
2015-05-02,Well_#9,24.0,2210,158.834,965.109,35.13607,119.201,82.753,85486,78406,113253,68100,DEPU
2015-05-03,Well_#9,24.0,2220,158.337,961.986,35.11678,119.328,80.948,86056,78916,113990,68906,DEPU
2015-05-04,Well_#9,24.0,2185,156.19,959.164,35.12978,119.04,80.339,86616,79421,114720,69718,DEPU
2015-05-05,Well_#9,24.0,2196,155.409,959.185,35.12521,118.545,80.738,87175,79929,115453,70528,DEPU
2015-05-06,Well_#9,24.0,2179,154.712,958.167,35.08145,118.41,80.497,87723,80426,116171,71337,DEPU
2015-05-07,Well_#9,24.0,2177,159.659,955.313,35.08396,117.275,82.063,88273,80921,116886,72143,DEPU
2015-05-08,Well_#9,24.0,2205,156.672,959.85,35.09396,117.067,82.12,88816,81423,117612,72948,DEPU
2015-05-09,Well_#9,24.0,2178,156.939,956.686,35.12829,116.829,81.32,89361,81916,118323,73757,DEPU
2015-05-10,Well_#9,24.0,2212,157.953,960.24,35.21607,116.39,82.11,89907,82410,119037,74565,DEPU
2015-05-11,Well_#9,24.0,2177,155.465,953.74,35.24302,116.59,79.953,90454,82905,119752,75371,DEPU
2015-05-12,Well_#9,24.0,2202,157.811,952.546,35.26651,116.614,79.469,91001,83398,120464,76176,DEPU
2015-05-13,Well_#9,24.0,2198,158.078,949.323,35.18825,115.971,82.124,91541,83886,121168,76974,DEPU
2015-05-14,Well_#9,24.0,2190,159.924,951.193,35.18516,115.458,82.422,92097,84386,121890,77762,DEPU
2015-05-15,Well_#9,24.0,2210,155.153,953.411,35.17794,115.42,81.96,92652,84885,122611,78546,DEPU
2015-05-16,Well_#9,24.0,2207,159.924,950.74,35.18448,114.962,81.875,93211,85385,123334,79330,DEPU
2015-05-17,Well_#9,24.0,2197,155.811,950.1,35.18698,114.781,82.123,93768,85886,124057,80113,DEPU
2015-05-18,Well_#9,24.0,2198,154.926,949.301,35.19035,114.837,81.614,94322,86386,124780,80895,DEPU
2015-05-19,Well_#9,24.0,2173,156.507,952.506,35.26308,114.467,81.622,94879,86887,125503,81676,DEPU
2015-05-20,Well_#9,24.0,2195,157.25,956.159,35.28388,113.819,82.945,95437,87386,126225,82456,DEPU
2015-05-21,Well_#9,24.0,2195,159.223,951.374,35.27889,114.414,81.355,95986,87885,126945,83246,DEPU
2015-05-22,Well_#9,24.0,2166,159.517,948.476,35.24936,113.9,81.904,96528,88376,127655,84111,DEPU
2015-05-23,Well_#9,24.0,2197,158.269,949.539,35.25155,113.488,82.583,97043,88860,128354,84897,DEPU
2015-05-24,Well_#9,24.0,2180,155.723,945.728,35.27443,114.167,81.774,97593,89362,129078,85782,DEPU
2015-05-25,Well_#9,24.0,2175,155.448,946.924,35.28594,113.715,82.815,98112,89836,129763,86608,DEPU
2015-05-26,Well_#9,24.0,2178,156.04,946.685,35.29511,113.62,82.976,98648,90324,130468,87424,DEPU
2015-05-27,Well_#9,24.0,2160,156.293,946.099,34.52245,113.931,82.169,99174,90803,131160,88241,DEPU
2015-05-28,Well_#9,24.0,2178,153.793,944.059,34.52679,113.571,82.111,99711,91294,131869,89147,DEPU
2015-05-29,Well_#9,24.0,2181,157.172,943.289,35.19461,114.519,81.084,100251,91787,132582,89997,DEPU
2015-05-30,Well_#9,24.0,2166,156.135,944.63,35.10432,114.07,82.677,100786,92277,133290,90877,DEPU
2015-05-31,Well_#9,24.0,2166,154.597,943.484,34.35874,114.016,82.221,101321,92769,134000,91680,DEPU
2015-06-01,Well_#9,24.0,2159,157.334,943.053,37.9788,106.557,81.955,101890,93295,134760,92598,DEPU
2015-06-02,Well_#9,24.0,2167,159.031,955.117,41.18351,96.891,82.403,102493,93854,135567,93571,DEPU
2015-06-03,Well_#9,24.0,2189,157.988,961.443,41.17428,95.443,84.836,103091,94405,136363,94531,DEPU
2015-06-04,Well_#9,24.0,2174,158.47,968.821,42.16542,93.395,85.005,103699,94963,137169,95475,DEPU
2015-06-05,Well_#9,24.0,2162,156.066,967.296,44.20573,89.295,84.408,104329,95533,137992,96416,DEPU
2015-06-06,Well_#9,24.0,2166,157.19,963.014,44.17502,89.481,82.49,104956,96100,138812,97356,DEPU
2015-06-07,Well_#9,13.32,2181,154.538,864.988,23.98259,103.452,80.188,105191,96318,139126,97772,DEPU
2015-06-08,Well_#9,24.0,2162,157.894,956.875,42.24622,93.003,85.43,105800,96868,139921,98696,DEPU
2015-06-09,Well_#9,24.0,2184,159.394,972.524,46.12904,85.863,86.441,106447,97452,140764,99657,DEPU
2015-06-10,Well_#9,24.0,2144,155.971,977.223,67.51571,78.141,86.859,107140,98076,141665,100760,DEPU
2015-06-11,Well_#9,24.0,2172,154.969,982.848,100.0,74.499,86.897,107840,98709,142579,101984,DEPU
2015-06-12,Well_#9,24.0,2177,157.206,981.92,100.0,74.205,86.582,108542,99344,143497,103112,DEPU
2015-06-13,Well_#9,24.0,2147,158.93,770.641,100.0,73.57,87.652,109235,99965,144394,104231,DEPU
2015-06-14,Well_#9,24.0,2154,158.571,744.829,100.0,73.65,87.437,109916,100580,145282,105407,DEPU
2015-06-15,Well_#9,24.0,2178,154.041,746.372,100.0,73.761,87.276,110599,101194,146168,106553,DEPU
2015-06-16,Well_#9,24.0,2178,157.553,749.694,100.0,73.912,87.345,111275,101801,147046,107716,DEPU
2015-06-17,Well_#9,24.0,2157,153.725,741.946,100.0,74.017,86.591,111947,102412,147928,108885,DEPU
2015-06-18,Well_#9,24.0,2157,156.717,734.934,100.0,74.581,86.852,112619,103019,148805,110032,DEPU
2015-06-19,Well_#9,24.0,2171,155.864,735.729,100.0,74.956,87.089,113281,103628,149685,111149,DEPU
2015-06-20,Well_#9,24.0,2147,159.299,742.259,100.0,73.829,87.49,113961,104253,150588,112301,DEPU
2015-06-21,Well_#9,24.0,2172,159.61,738.241,100.0,74.394,86.659,114636,104877,151489,113478,DEPU
2015-06-22,Well_#9,24.0,2133,157.7,738.413,100.0,74.022,87.264,115325,105509,152402,114670,DEPU
2015-06-23,Well_#9,24.0,2140,158.366,737.439,100.0,74.007,87.416,116005,106134,153305,115878,DEPU
2015-06-24,Well_#9,24.0,2139,155.133,742.33,100.0,74.037,87.818,116688,106758,154206,117099,DEPU
2015-06-25,Well_#9,24.0,2147,155.071,752.659,100.0,73.996,88.299,117369,107380,155105,118347,DEPU
2015-06-26,Well_#9,24.0,2142,159.029,746.196,100.0,74.675,87.503,118035,107985,155979,119589,DEPU
2015-06-27,Well_#9,24.0,2136,156.678,753.417,100.0,74.61,88.292,118710,108598,156863,120849,DEPU
2015-06-28,Well_#9,24.0,2167,159.57,753.207,100.0,74.702,87.936,119425,109246,157800,122141,DEPU
2015-06-29,Well_#9,24.0,2151,157.258,756.465,100.0,75.087,88.307,120138,109882,158718,123380,DEPU
2015-06-30,Well_#9,24.0,2163,157.151,754.656,100.0,74.655,88.177,120858,110519,159639,124583,DEPU
2015-07-01,Well_#9,24.0,2162,153.967,749.464,100.0,75.213,87.516,121523,111130,160521,125864,DEPU
2015-07-02,Well_#9,24.0,2150,158.142,747.447,100.0,75.002,87.289,122249,111796,161483,127127,DEPU
2015-07-03,Well_#9,24.0,2132,155.587,749.104,100.0,74.328,88.127,122973,112457,162438,128390,DEPU
2015-07-04,Well_#9,24.0,2153,156.498,747.834,100.0,74.518,87.468,123685,113106,163376,129634,DEPU
2015-07-05,Well_#9,24.0,2146,158.259,748.55,100.0,74.525,87.461,124392,113753,164310,130842,DEPU
2015-07-06,Well_#9,24.0,2136,156.372,745.201,100.0,73.842,88.138,125094,114393,165235,132049,DEPU
2015-07-07,Well_#9,24.0,2127,159.79,743.452,100.0,74.425,87.296,125791,115028,166151,133288,DEPU
2015-07-08,Well_#9,24.0,2141,159.658,736.995,100.0,73.942,87.502,126480,115658,167061,134443,DEPU
2015-07-09,Well_#9,24.0,2121,159.357,732.565,100.0,73.959,87.096,127164,116281,167962,135556,DEPU
2015-07-10,Well_#9,24.0,2103,155.582,743.037,97.91667,73.772,87.641,127843,116899,168854,136687,DEPU
2015-07-11,Well_#9,24.0,2118,153.813,740.212,97.91667,74.318,87.048,128511,117513,169741,137803,DEPU
2015-07-12,Well_#9,24.0,2103,159.228,740.489,100.0,74.136,87.202,129174,118119,170616,138899,DEPU
2015-07-13,Well_#9,24.0,2134,156.825,748.801,100.0,73.669,87.922,129784,118677,171423,140034,DEPU
2015-07-14,Well_#9,24.0,2126,155.906,743.716,100.0,73.652,87.977,130384,119227,172216,141156,DEPU
2015-07-15,Well_#9,24.0,2111,155.23,742.148,100.0,73.408,87.838,130977,119770,173001,142256,DEPU
2015-07-16,Well_#9,24.0,2113,157.5,746.273,100.0,73.332,87.903,131562,120306,173776,143352,DEPU
2015-07-17,Well_#9,24.0,2097,159.905,736.691,100.0,73.878,86.103,132143,120839,174546,144447,DEPU
2015-07-18,Well_#9,24.0,2103,154.089,731.685,100.0,74.223,84.28,132722,121377,175323,145616,DEPU
2015-07-19,Well_#9,24.0,2111,157.253,739.106,100.0,73.624,86.513,133294,121910,176092,146798,DEPU
2015-07-20,Well_#9,24.0,2109,155.06,742.317,100.0,73.215,88.513,133861,122436,176852,147971,DEPU
2015-07-21,Well_#9,24.0,2103,157.772,733.499,100.0,73.917,85.946,134433,122969,177622,149151,DEPU
2015-07-22,Well_#9,24.0,2116,157.94,738.052,100.0,73.307,87.99,135010,123514,178409,150332,DEPU
2015-07-23,Well_#9,24.0,2111,156.219,732.985,100.0,74.015,86.452,135587,124055,179191,151511,DEPU
2015-07-24,Well_#9,24.0,2114,153.941,731.797,100.0,73.507,87.137,136159,124589,179962,152696,DEPU
2015-07-25,Well_#9,24.0,2075,154.426,732.839,100.0,73.215,87.872,136724,125118,180727,153876,DEPU
2015-07-26,Well_#9,24.0,2071,155.84,731.224,100.0,73.249,87.622,137283,125639,181479,155052,DEPU
2015-07-27,Well_#9,24.0,2073,153.984,735.096,100.0,73.14,87.753,137837,126156,182225,156229,DEPU
2015-07-28,Well_#9,24.0,2104,153.696,728.026,100.0,73.002,88.81,138382,126667,182963,157393,DEPU
2015-07-29,Well_#9,24.0,2095,158.656,719.065,100.0,73.062,88.781,138937,127186,183713,158717,DEPU
2015-07-30,Well_#9,24.0,2080,157.546,715.207,100.0,73.259,88.587,139481,127693,184445,159890,DEPU
2015-07-31,Well_#9,24.0,2088,157.36,718.599,100.0,73.297,88.91,140015,128189,185162,161063,DEPU
2015-08-01,Well_#9,24.0,2071,156.288,715.416,100.0,73.783,87.96,140547,128682,185874,162235,DEPU
2015-08-02,Well_#9,24.0,2075,155.407,718.127,100.0,73.211,88.552,141078,129173,186583,163408,DEPU
2015-08-03,Well_#9,24.0,2072,154.73,710.515,100.0,73.71,87.356,141604,129663,187291,164581,DEPU
2015-08-04,Well_#9,24.0,2086,154.348,710.132,100.0,73.537,88.385,142132,130156,188003,165754,DEPU
2015-08-05,Well_#9,24.0,2054,153.916,709.873,100.0,73.867,88.284,142661,130640,188702,166923,DEPU
2015-08-06,Well_#9,24.0,2072,157.366,710.786,100.0,73.404,88.691,143182,131121,189397,168097,DEPU
2015-08-07,Well_#9,24.0,2076,154.292,715.762,100.0,72.8,89.524,143698,131610,190103,169272,DEPU
2015-08-08,Well_#9,24.0,2049,158.416,713.256,100.0,73.39,88.715,144204,132097,190807,170447,DEPU
2015-08-09,Well_#9,24.0,2050,159.452,708.805,100.0,73.805,87.943,144715,132582,191508,171621,DEPU
2015-08-10,Well_#9,24.0,2068,155.203,711.454,100.0,73.552,88.796,145222,133065,192205,172795,DEPU
2015-08-11,Well_#9,24.0,2038,159.64,708.268,100.0,73.195,88.399,145722,133546,192900,173911,DEPU
2015-08-12,Well_#9,24.0,2054,153.723,713.798,100.0,73.134,89.059,146226,134025,193592,175071,DEPU
2015-08-13,Well_#9,24.0,2059,157.295,714.258,100.0,73.307,89.191,146726,134504,194283,176228,DEPU
2015-08-14,Well_#9,24.0,2054,159.671,707.259,100.0,73.595,88.082,147227,134982,194974,177386,DEPU
2015-08-15,Well_#9,24.0,2067,157.147,705.816,100.0,73.424,87.974,147729,135455,195657,178544,DEPU
2015-08-16,Well_#9,24.0,2051,156.887,714.003,100.0,72.799,89.542,148228,135921,196331,179681,DEPU
2015-08-17,Well_#9,24.0,2067,157.107,708.46,100.0,72.916,89.326,148722,136385,197001,180816,DEPU
2015-08-18,Well_#9,24.0,2028,153.741,702.865,100.0,73.718,87.083,149219,136849,197671,181911,DEPU
2015-08-19,Well_#9,24.0,2044,156.484,703.659,97.91667,73.633,87.623,149721,137319,198350,183132,DEPU
2015-08-20,Well_#9,24.0,2033,157.903,704.733,100.0,73.318,88.581,150222,137786,199024,184310,DEPU
2015-08-21,Well_#9,24.0,2039,153.902,704.09,100.0,73.567,88.279,150719,138250,199695,185460,DEPU
2015-08-22,Well_#9,24.0,2034,155.314,706.623,100.0,73.512,88.453,151215,138710,200360,186594,DEPU
2015-08-23,Well_#9,24.0,2053,156.816,705.015,100.0,73.666,87.844,151700,139158,201005,187752,DEPU
2015-08-24,Well_#9,24.0,2045,156.437,702.896,100.0,73.579,87.28,152183,139607,201654,188898,DEPU
2015-08-25,Well_#9,24.0,2040,158.298,704.725,100.0,73.304,88.442,152665,140053,202299,190038,DEPU
2015-08-26,Well_#9,13.61,2041,159.38,17.585,56.38641,74.026,87.662,152989,140358,202740,190895,DEPU
2015-08-31,Well_#9,23.08,2034,156.467,131.194,89.85743,76.291,83.667,153488,140895,203515,192692,DEPU
2015-09-01,Well_#9,24.0,2033,157.619,447.421,100.0,72.99,89.308,153958,141364,204193,193916,DEPU
2015-09-02,Well_#9,24.0,2034,156.419,451.598,100.0,73.633,88.656,154401,141786,204802,195041,DEPU
2015-09-03,Well_#9,24.0,2028,153.939,455.647,100.0,75.903,88.621,154831,142208,205411,196179,DEPU
2015-09-04,Well_#9,24.0,2027,155.774,459.111,100.0,74.5,88.925,155244,142606,205987,197360,DEPU
2015-09-05,Well_#9,24.0,2017,154.955,456.468,100.0,73.308,88.097,155674,143010,206569,198601,DEPU
2015-09-06,Well_#9,24.0,2017,159.504,458.126,100.0,73.053,88.597,156090,143397,207129,199733,DEPU
2015-09-07,Well_#9,24.0,2030,156.519,460.383,100.0,72.874,88.96,156502,143780,207683,200917,DEPU
2015-09-08,Well_#9,24.0,2006,159.845,460.602,100.0,72.767,89.162,156912,144161,208233,202121,DEPU
2015-09-09,Well_#9,24.0,2016,156.037,465.202,100.0,72.849,89.363,157321,144541,208782,203328,DEPU
2015-09-10,Well_#9,24.0,1987,156.098,461.823,100.0,73.269,89.055,157730,144920,209329,204561,DEPU
2015-09-11,Well_#9,24.0,2007,156.749,456.438,100.0,73.588,87.98,158139,145303,209882,205794,DEPU
2015-09-12,Well_#9,24.0,1985,157.365,452.868,100.0,73.71,87.21,158554,145685,210434,207015,DEPU
2015-09-13,Well_#9,24.0,1999,157.998,453.351,100.0,73.445,88.251,158966,146063,210980,208238,DEPU
2015-09-14,Well_#9,24.0,2000,159.438,449.185,100.0,73.433,87.899,159367,146436,211519,209456,DEPU
2015-09-15,Well_#9,24.0,1987,155.196,450.093,100.0,73.484,88.513,159782,146818,212070,210668,DEPU
2015-09-16,Well_#9,24.0,1983,158.096,449.715,100.0,73.308,88.929,160201,147201,212624,211876,DEPU
2015-09-17,Well_#9,24.0,1973,155.32,445.709,100.0,72.906,89.018,160616,147584,213177,213092,DEPU
2015-09-18,Well_#9,24.0,1984,153.9,443.81,100.0,72.822,89.127,161047,147976,213743,214226,DEPU
2015-09-19,Well_#9,24.0,1983,158.912,443.212,100.0,72.932,89.218,161466,148355,214291,215337,DEPU
2015-09-20,Well_#9,24.0,1984,154.303,445.633,100.0,73.157,89.335,161868,148730,214832,216390,DEPU
2015-09-21,Well_#9,24.0,1988,157.462,442.142,100.0,73.34,88.95,162292,149127,215406,217481,DEPU
2015-09-22,Well_#9,23.32,1974,155.236,412.932,68.64707,87.135,83.292,162643,149467,215897,218391,DEPU
2015-09-23,Well_#9,24.0,1978,154.903,441.427,99.99819,73.941,88.87,163070,149867,216474,219567,DEPU
2015-09-24,Well_#9,24.0,1992,155.244,438.356,100.0,74.669,87.509,163496,150266,217050,220761,DEPU
2015-09-25,Well_#9,24.0,1968,159.846,435.469,100.0,74.259,88.001,163920,150667,217630,221957,DEPU
2015-09-26,Well_#9,24.0,1978,154.43,439.328,100.0,73.741,88.823,164344,151065,218205,223148,DEPU
2015-09-27,Well_#9,24.0,1960,156.146,441.26,100.0,74.024,88.82,164763,151463,218779,224338,DEPU
2015-09-28,Well_#9,24.0,1979,154.666,436.179,100.0,74.756,87.775,165181,151857,219349,225521,DEPU
2015-09-29,Well_#9,24.0,1975,154.125,433.153,97.91667,74.626,86.847,165597,152251,219918,226652,DEPU
2015-09-30,Well_#9,24.0,1971,158.18,436.215,97.91667,73.921,87.808,165983,152614,220443,227758,DEPU
2015-10-01,Well_#9,24.0,1951,154.475,437.112,100.0,71.526,88.537,166375,152984,220977,228900,DEPU
2015-10-02,Well_#9,24.0,1964,159.341,439.751,100.0,66.415,89.496,166783,153369,221533,230076,DEPU
2015-10-03,Well_#9,24.0,1967,159.75,440.608,100.0,66.517,89.412,167187,153751,222085,231286,DEPU
2015-10-04,Well_#9,24.0,1940,158.74,443.736,97.91667,66.157,90.043,167590,154129,222631,232481,DEPU
2015-10-05,Well_#9,24.0,1939,158.431,438.762,100.0,66.912,88.694,167990,154508,223178,233685,DEPU
2015-10-06,Well_#9,24.0,1971,154.685,431.549,100.0,67.374,86.382,168387,154885,223722,234887,DEPU
2015-10-07,Well_#9,24.0,1970,159.135,429.273,100.0,67.466,85.908,168786,155260,224265,236082,DEPU
2015-10-08,Well_#9,24.0,1936,154.52,432.008,100.0,66.624,87.534,169180,155634,224804,237275,DEPU
2015-10-09,Well_#9,24.0,1930,156.498,442.16,100.0,65.778,89.595,169580,156009,225347,238485,DEPU
2015-10-10,Well_#9,24.0,1965,155.956,439.469,100.0,66.441,89.356,169979,156384,225888,239704,DEPU
2015-10-11,Well_#9,24.0,1932,155.911,434.488,100.0,67.115,88.507,170379,156760,226431,240921,DEPU
2015-10-12,Well_#9,24.0,1938,158.229,434.212,100.0,67.245,88.213,170775,157135,226972,242140,DEPU
2015-10-13,Well_#9,23.17,1925,157.205,433.696,90.67177,70.16,87.662,171123,157467,227452,243327,DEPU
2015-10-14,Well_#9,24.0,1939,157.599,438.931,100.0,68.528,88.377,171510,157828,227974,244561,DEPU
2015-10-15,Well_#9,24.0,1925,156.518,435.293,100.0,71.127,87.893,171896,158194,228503,245777,DEPU
2015-10-16,Well_#9,24.0,1925,156.804,439.982,100.0,66.186,89.565,172293,158566,229040,247055,DEPU
2015-10-17,Well_#9,24.0,1921,159.29,436.275,100.0,66.048,89.831,172686,158932,229569,248304,DEPU
2015-10-18,Well_#9,24.0,1932,159.36,436.732,100.0,65.748,89.941,173080,159296,230095,249545,DEPU
2015-10-19,Well_#9,24.0,1931,159.489,435.794,100.0,66.316,89.682,173462,159652,230609,250766,DEPU
2015-10-20,Well_#9,24.0,1946,154.848,432.291,100.0,66.762,89.196,173845,160009,231124,251951,DEPU
2015-10-21,Well_#9,24.0,1934,155.52,428.456,100.0,67.045,87.77,174225,160362,231635,253161,DEPU
2015-10-22,Well_#9,24.0,1927,158.439,538.683,100.0,66.875,87.339,174605,160715,232144,254311,DEPU
2015-10-23,Well_#9,24.0,1919,153.911,726.133,100.0,66.618,88.004,174980,161066,232651,255493,DEPU
2015-10-24,Well_#9,24.0,1920,158.317,722.325,99.94536,67.343,87.753,175351,161414,233154,256761,DEPU
2015-10-25,Well_#9,24.0,1908,158.993,722.315,100.0,66.865,88.085,175743,161778,233679,258035,DEPU
2015-10-26,Well_#9,24.0,1915,153.765,724.183,100.0,66.816,88.032,176086,162127,234183,259299,DEPU
2015-10-27,Well_#9,24.0,1895,156.212,727.705,100.0,66.821,88.776,176428,162475,234686,260576,DEPU
2015-10-28,Well_#9,24.0,1896,159.693,725.284,100.0,67.859,87.547,176800,162846,235222,261921,DEPU
2015-10-29,Well_#9,19.5,1922,158.955,710.594,77.57303,73.992,85.118,177117,163148,235659,263101,DEPU
2015-10-30,Well_#9,24.0,1923,158.255,708.733,89.98931,74.762,87.144,177482,163504,236172,264426,DEPU
2015-10-31,Well_#9,24.0,1916,157.422,729.952,99.99895,67.876,88.674,177872,163919,236772,265909,DEPU
2015-11-01,Well_#9,24.0,1899,154.418,735.185,100.0,67.835,88.977,178265,164332,237368,267331,DEPU
2015-11-02,Well_#9,23.5,1891,157.825,731.816,94.02166,70.69,87.953,178640,164724,237935,268518,DEPU
2015-11-03,Well_#9,24.0,1916,154.254,735.598,99.99372,69.327,88.483,179017,165087,238459,269717,DEPU
2015-11-04,Well_#9,24.0,1885,157.45,734.339,100.0,69.823,89.082,179407,165454,238989,270925,DEPU
2015-11-05,Well_#9,24.0,1905,154.759,724.55,100.0,70.566,88.59,179802,165822,239520,272164,DEPU
2015-11-06,Well_#9,24.0,1897,157.895,718.743,100.0,68.829,88.713,180166,166167,240019,273417,DEPU
2015-11-07,Well_#9,24.0,1880,159.854,716.352,100.0,68.273,88.563,180524,166508,240512,274665,DEPU
2015-11-08,Well_#9,24.0,1883,155.802,710.226,100.0,68.599,87.515,180872,166841,240992,275929,DEPU
2015-11-09,Well_#9,24.0,1905,157.13,706.67,100.0,68.606,86.72,181194,167148,241436,277185,DEPU
2015-11-10,Well_#9,24.0,1891,157.105,713.889,100.0,67.871,88.268,181513,167454,241877,278455,DEPU
2015-11-11,Well_#9,24.0,1890,156.661,718.508,100.0,66.302,88.311,181849,167770,242335,279761,DEPU
2015-11-12,Well_#9,24.0,1886,155.24,715.771,100.0,66.587,87.791,182242,168143,242873,281084,DEPU
2015-11-13,Well_#9,24.0,1880,159.358,714.723,100.0,67.266,87.359,182633,168514,243409,282393,DEPU
2015-11-14,Well_#9,24.0,1870,155.25,715.45,100.0,66.082,88.72,183033,168893,243957,283720,DEPU
2015-11-15,Well_#9,24.0,1870,156.856,726.47,100.0,66.388,89.691,183434,169269,244499,285125,DEPU
2015-11-16,Well_#9,24.0,1863,157.798,716.348,97.91667,67.836,87.543,183835,169644,245042,286451,DEPU
2015-11-17,Well_#9,24.0,1861,155.958,714.879,100.0,67.744,87.034,184234,170018,245581,287730,DEPU
2015-11-18,Well_#9,24.0,1853,155.331,719.836,100.0,66.282,89.367,184628,170397,246129,289011,DEPU
2015-11-19,Well_#9,24.0,1850,159.47,718.599,100.0,65.5,89.673,185035,170787,246692,290296,DEPU
2015-11-20,Well_#9,24.0,1855,157.487,713.896,100.0,67.548,88.793,185424,171160,247230,291554,DEPU
2015-11-21,Well_#9,24.0,1879,156.313,704.608,100.0,69.456,88.472,185824,171541,247782,292785,DEPU
2015-11-22,Well_#9,24.0,1855,158.914,706.655,100.0,69.672,88.792,186213,171911,248316,294036,DEPU
2015-11-23,Well_#9,24.0,1849,159.357,706.238,100.0,69.95,87.734,186603,172280,248849,295291,DEPU
2015-11-24,Well_#9,24.0,1855,157.04,703.79,100.0,69.544,88.428,186990,172644,249374,296494,DEPU
2015-11-25,Well_#9,24.0,1870,157.763,699.724,100.0,69.614,88.364,187373,173004,249895,297682,DEPU
2015-11-26,Well_#9,24.0,1862,155.141,699.802,100.0,69.823,87.393,187753,173364,250414,298882,DEPU
2015-11-27,Well_#9,24.0,1846,154.246,695.865,100.0,70.302,86.81,188130,173718,250925,300064,DEPU
2015-11-28,Well_#9,24.0,1854,155.301,691.992,100.0,70.147,86.826,188504,174074,251440,301240,DEPU
2015-11-29,Well_#9,24.0,1839,154.694,688.63,100.0,69.894,87.162,188874,174424,251945,302413,DEPU
2015-11-30,Well_#9,24.0,1842,153.76,687.704,100.0,69.3,87.781,189241,174771,252446,303571,DEPU
2015-12-01,Well_#9,24.0,1850,158.658,690.247,100.0,69.577,87.862,189603,175114,252943,304717,DEPU
2015-12-02,Well_#9,24.0,1827,157.107,687.121,100.0,70.373,86.295,189963,175454,253434,305860,DEPU
2015-12-03,Well_#9,24.0,1849,158.828,689.203,100.0,70.184,87.608,190325,175796,253928,307009,DEPU
2015-12-04,Well_#9,24.0,1842,158.66,687.637,100.0,68.573,87.105,190680,176147,254435,308195,DEPU
2015-12-05,Well_#9,24.0,1842,159.342,688.214,100.0,69.107,85.87,191051,176502,254948,309409,DEPU
2015-12-06,Well_#9,24.0,1822,155.047,691.345,100.0,68.499,87.979,191417,176852,255452,310648,DEPU
2015-12-07,Well_#9,24.0,1817,159.365,697.29,100.0,69.079,88.345,191786,177205,255963,311905,DEPU
2015-12-08,Well_#9,24.0,1836,155.432,696.278,100.0,70.358,87.222,192154,177557,256471,313167,DEPU
2015-12-09,Well_#9,11.33,1818,159.385,689.725,65.08566,69.846,86.712,192309,177707,256688,313848,DEPU
2015-12-10,Well_#9,24.0,1823,156.431,699.183,100.0,67.988,86.542,192723,178094,257247,315359,DEPU
2015-12-11,Well_#9,24.0,1833,159.867,703.563,100.0,67.741,88.235,193108,178458,257772,316684,DEPU
2015-12-12,Well_#9,24.0,1821,157.307,705.588,100.0,67.422,89.175,193485,178813,258286,317924,DEPU
2015-12-13,Well_#9,24.0,1824,155.445,704.363,100.0,67.331,89.08,193857,179162,258790,319140,DEPU
2015-12-14,Well_#9,24.0,1833,156.03,701.761,100.0,67.682,88.062,194226,179510,259292,320356,DEPU
2015-12-15,Well_#9,24.0,1804,154.709,696.944,100.0,67.512,87.518,194592,179854,259789,321611,DEPU
2015-12-16,Well_#9,24.0,1807,159.865,692.659,100.0,67.559,87.529,194954,180196,260283,322856,DEPU
2015-12-17,Well_#9,24.0,1793,155.775,694.857,100.0,67.507,87.103,195319,180539,260778,324100,DEPU
2015-12-18,Well_#9,24.0,1824,155.149,691.515,100.0,67.589,86.208,195678,180878,261268,325346,DEPU
2015-12-19,Well_#9,24.0,1790,155.27,689.727,100.0,67.385,86.631,196034,181214,261753,326571,DEPU
2015-12-20,Well_#9,24.0,1789,155.941,687.359,100.0,67.277,86.265,196385,181546,262234,327790,DEPU
2015-12-21,Well_#9,24.0,1797,159.823,684.083,100.0,67.218,85.931,196735,181876,262710,329000,DEPU
2015-12-22,Well_#9,24.0,1812,154.276,683.69,100.0,67.183,86.511,197080,182203,263182,330205,DEPU
2015-12-23,Well_#9,24.0,1795,158.754,681.361,97.91667,66.572,85.813,197425,182531,263655,331420,DEPU
2015-12-24,Well_#9,24.0,1803,156.03,679.975,100.0,66.36,86.08,197767,182857,264126,332622,DEPU
2015-12-25,Well_#9,24.0,1779,157.341,681.213,100.0,65.732,87.268,198107,183180,264593,333814,DEPU
2015-12-26,Well_#9,24.0,1802,157.609,679.901,100.0,65.86,87.073,198445,183502,265058,335008,DEPU
2015-12-27,Well_#9,24.0,1786,155.378,676.426,100.0,66.114,86.706,198775,183822,265521,336177,DEPU
2015-12-28,Well_#9,24.0,1788,157.175,676.395,97.91667,66.134,86.637,199107,184140,265980,337358,DEPU
2015-12-29,Well_#9,24.0,1798,153.706,673.286,100.0,66.263,86.198,199438,184458,266439,338530,DEPU
2015-12-30,Well_#9,24.0,1801,156.405,671.952,100.0,66.437,85.967,199769,184774,266896,339694,DEPU
2015-12-31,Well_#9,24.0,1790,155.608,674.04,100.0,66.231,86.596,200097,185089,267351,340859,DEPU
2016-01-01,Well_#9,24.0,1775,159.271,676.802,100.0,65.965,87.334,200424,185401,267802,342020,DEPU
2016-01-02,Well_#9,24.0,1778,159.931,669.223,100.0,66.802,85.545,200744,185710,268247,343169,DEPU
2016-01-03,Well_#9,21.67,1784,154.213,615.21,70.95083,94.557,74.083,200969,185926,268560,344014,DEPU
2016-01-04,Well_#9,24.0,1765,159.011,593.234,76.12115,84.138,73.278,201224,186183,268931,345140,DEPU
2016-01-05,Well_#9,24.0,1770,156.753,667.473,100.0,66.688,85.416,201547,186507,269399,346396,DEPU
2016-01-06,Well_#9,24.0,1771,159.435,670.713,100.0,66.864,86.173,201866,186829,269864,347748,DEPU
2016-01-07,Well_#9,24.0,1765,157.185,670.092,100.0,66.812,85.106,202187,187151,270330,349005,DEPU
2016-01-08,Well_#9,24.0,1756,158.146,675.361,100.0,66.989,86.268,202510,187472,270793,350282,DEPU
2016-01-09,Well_#9,24.0,1775,154.247,675.895,100.0,67.383,85.369,202834,187794,271258,351561,DEPU
2016-01-10,Well_#9,24.0,1779,157.151,678.011,100.0,67.428,85.511,203159,188117,271725,352851,DEPU
2016-01-11,Well_#9,24.0,1772,154.231,685.177,100.0,67.694,87.278,203487,188443,272195,354146,DEPU
2016-01-12,Well_#9,24.0,1752,154.945,692.527,100.0,67.304,88.492,203817,188769,272666,355468,DEPU
2016-01-13,Well_#9,23.33,1747,154.667,684.906,90.16816,71.174,87.392,204111,189061,273088,356763,DEPU
2016-01-14,Well_#9,24.0,1745,157.275,695.001,100.0,68.009,88.217,204444,189380,273548,358117,DEPU
2016-01-15,Well_#9,24.0,1754,159.382,692.86,100.0,67.173,88.062,204777,189701,274013,359542,DEPU
2016-01-16,Well_#9,24.0,1767,157.945,689.284,100.0,66.486,88.547,205108,190020,274473,360900,DEPU
2016-01-17,Well_#9,24.0,1761,155.802,696.968,100.0,66.03,89.085,205436,190335,274929,362214,DEPU
2016-01-18,Well_#9,24.0,1745,158.638,690.183,100.0,66.565,88.525,205761,190650,275383,363576,DEPU
2016-01-19,Well_#9,24.0,1762,155.85,686.169,100.0,66.789,88.63,206076,190953,275821,364946,DEPU
2016-01-20,Well_#9,20.83,1750,154.371,675.29,84.53231,69.845,87.146,206340,191219,276206,366187,DEPU
2016-01-21,Well_#9,24.0,1749,157.402,681.202,100.0,70.887,87.011,206644,191512,276629,367535,DEPU
2016-01-22,Well_#9,24.0,1723,155.123,674.014,100.0,70.486,85.547,206934,191796,277039,368763,DEPU
2016-01-23,Well_#9,24.0,1739,155.917,679.412,100.0,67.917,86.191,207233,192085,277456,370029,DEPU
2016-01-24,Well_#9,24.0,1732,154.275,683.39,100.0,66.194,87.815,207536,192376,277876,371291,DEPU
2016-01-25,Well_#9,22.67,1726,154.699,662.054,76.06705,75.226,83.379,207840,192627,278238,372397,DEPU
2016-01-26,Well_#9,24.0,1747,158.538,640.488,80.90738,76.49,80.091,208112,192894,278625,373563,DEPU
2016-01-27,Well_#9,24.0,1714,154.262,681.38,100.0,65.453,88.273,208420,193189,279051,374829,DEPU
2016-01-28,Well_#9,24.0,1725,159.466,673.838,100.0,66.088,86.509,208714,193474,279463,376087,DEPU
2016-01-29,Well_#9,24.0,1742,153.95,669.396,100.0,66.4,85.481,209009,193759,279874,377343,DEPU
2016-01-30,Well_#9,24.0,1727,153.752,667.329,100.0,66.335,85.613,209303,194042,280283,378593,DEPU
2016-01-31,Well_#9,24.0,1707,159.407,672.383,100.0,65.411,87.969,209592,194321,280686,379829,DEPU
2016-02-01,Well_#9,24.0,1706,159.65,669.653,100.0,66.327,85.885,209879,194599,281087,381066,DEPU
2016-02-02,Well_#9,24.0,1726,159.101,664.353,100.0,66.371,85.412,210165,194875,281487,382295,DEPU
2016-02-03,Well_#9,24.0,1727,154.361,666.89,100.0,66.152,87.306,210447,195150,281883,383509,DEPU
2016-02-04,Well_#9,23.58,1727,157.481,655.666,83.14753,72.205,84.721,210691,195388,282227,384591,DEPU
2016-02-05,Well_#9,24.0,1722,154.59,666.051,99.95452,66.878,85.39,210979,195670,282635,385856,DEPU
2016-02-06,Well_#9,24.0,1705,156.698,667.778,100.0,66.231,86.194,211263,195943,283029,387090,DEPU
2016-02-07,Well_#9,24.0,1694,154.886,664.315,100.0,66.852,84.888,211541,196216,283424,388315,DEPU
2016-02-08,Well_#9,24.0,1701,154.72,666.591,100.0,66.7,86.135,211817,196489,283818,389531,DEPU
2016-02-09,Well_#9,24.0,1690,155.106,668.864,100.0,66.872,87.112,212096,196765,284216,390756,DEPU
2016-02-10,Well_#9,24.0,1713,157.738,670.831,100.0,67.196,87.972,212370,197030,284598,391958,DEPU
2016-02-11,Well_#9,24.0,1695,156.232,666.074,100.0,68.816,87.087,212649,197299,284987,393138,DEPU
2016-02-12,Well_#9,24.0,1699,159.911,662.715,100.0,69.54,85.635,212912,197552,285352,394321,DEPU
2016-02-13,Well_#9,24.0,1709,157.834,668.158,100.0,69.127,87.318,213167,197798,285709,395503,DEPU
2016-02-14,Well_#9,24.0,1694,157.67,664.656,100.0,69.675,87.031,213427,198052,286075,396660,DEPU
2016-02-15,Well_#9,24.0,1702,154.531,662.421,100.0,69.31,87.135,213687,198303,286438,397813,DEPU
2016-02-16,Well_#9,24.0,1687,155.308,658.72,100.0,70.386,84.394,213943,198553,286798,398961,DEPU
2016-02-17,Well_#9,24.0,1691,156.654,655.818,100.0,70.615,84.205,214199,198800,287156,400097,DEPU
2016-02-18,Well_#9,24.0,1702,159.069,665.404,100.0,69.734,86.792,214450,199045,287510,401228,DEPU
2016-02-19,Well_#9,24.0,1697,155.2,659.675,100.0,70.082,84.901,214693,199282,287852,402380,DEPU
2016-02-20,Well_#9,24.0,1669,155.892,657.786,100.0,68.908,85.986,214944,199525,288202,403555,DEPU
2016-02-21,Well_#9,24.0,1671,159.8,657.998,100.0,68.923,86.538,215183,199760,288543,404737,DEPU
2016-02-22,Well_#9,24.0,1692,158.146,664.012,100.0,67.428,87.921,215427,200003,288893,405955,DEPU
2016-02-23,Well_#9,24.0,1681,158.379,665.102,100.0,67.88,87.685,215670,200244,289242,407184,DEPU
2016-02-24,Well_#9,24.0,1678,154.969,668.949,100.0,67.918,88.056,215913,200484,289588,408434,DEPU
2016-02-25,Well_#9,24.0,1660,159.532,672.974,100.0,68.936,88.218,216160,200727,289940,409708,DEPU
2016-02-26,Well_#9,24.0,1664,157.296,685.893,100.0,66.201,89.662,216429,200997,290330,411023,DEPU
2016-02-27,Well_#9,24.0,1665,156.689,689.026,100.0,66.679,89.945,216697,201266,290718,412340,DEPU
2016-02-28,Well_#9,24.0,1680,155.369,691.366,100.0,67.105,90.181,216967,201536,291107,413661,DEPU
2016-02-29,Well_#9,24.0,1661,154.037,686.77,100.0,68.36,88.647,217236,201804,291494,415083,DEPU
2016-03-01,Well_#9,24.0,1652,157.04,681.109,100.0,68.518,87.873,217509,202070,291880,416443,DEPU
2016-03-02,Well_#9,24.0,1659,153.927,691.634,100.0,67.504,89.759,217778,202334,292260,417802,DEPU
2016-03-03,Well_#9,24.0,1655,157.547,692.851,100.0,67.391,90.187,218044,202596,292639,419153,DEPU
2016-03-04,Well_#9,24.0,1657,159.218,691.174,100.0,67.618,89.697,218308,202856,293014,420493,DEPU
2016-03-05,Well_#9,24.0,1658,159.261,691.459,100.0,67.234,89.757,218568,203113,293386,421835,DEPU
2016-03-06,Well_#9,24.0,1658,155.086,688.751,100.0,67.16,89.759,218828,203369,293756,423175,DEPU
2016-03-07,Well_#9,24.0,1638,158.639,686.986,100.0,66.906,89.864,219086,203624,294123,424505,DEPU
2016-03-08,Well_#9,24.0,1635,156.782,686.18,100.0,67.729,88.798,219340,203876,294487,425826,DEPU
2016-03-09,Well_#9,24.0,1645,156.936,684.658,100.0,67.84,89.086,219591,204125,294848,427139,DEPU
2016-03-10,Well_#9,24.0,1651,156.34,685.036,100.0,67.666,89.199,219842,204373,295205,428447,DEPU
2016-03-11,Well_#9,24.0,1627,153.724,680.742,100.0,68.251,88.28,220090,204618,295559,429747,DEPU
2016-03-12,Well_#9,24.0,1650,156.785,679.294,100.0,67.39,87.871,220337,204863,295913,431124,DEPU
2016-03-13,Well_#9,24.0,1642,157.317,681.428,100.0,68.732,87.978,220575,205103,296261,432422,DEPU
2016-03-14,Well_#9,24.0,1626,153.908,690.011,100.0,65.635,89.951,220821,205347,296612,433748,DEPU
2016-03-15,Well_#9,24.0,1619,154.24,685.736,100.0,65.488,90.132,221064,205589,296962,435070,DEPU
2016-03-16,Well_#9,24.0,1640,158.496,687.181,100.0,65.494,90.17,221310,205836,297318,436386,DEPU
2016-03-17,Well_#9,24.0,1617,157.991,777.291,100.0,65.51,90.241,221543,206069,297655,437621,DEPU
2016-03-18,Well_#9,24.0,1629,159.801,786.532,100.0,65.909,90.098,221773,206302,297992,438926,DEPU
2016-03-19,Well_#9,24.0,1641,156.366,785.75,100.0,65.659,90.03,222001,206534,298328,440245,DEPU
2016-03-20,Well_#9,24.0,1636,159.575,784.094,100.0,65.921,89.941,222231,206766,298662,441560,DEPU
2016-03-21,Well_#9,24.0,1619,158.365,782.734,100.0,66.385,89.844,222458,206996,298994,442861,DEPU
2016-03-22,Well_#9,24.0,1611,157.247,785.282,100.0,66.268,90.045,222678,207217,299313,444151,DEPU
2016-03-23,Well_#9,24.0,1616,156.796,789.649,100.0,66.811,89.97,222896,207434,299627,445444,DEPU
2016-03-24,Well_#9,24.0,1619,155.786,783.071,100.0,67.709,88.314,223116,207655,299946,446739,DEPU
2016-03-25,Well_#9,24.0,1609,159.829,782.637,100.0,66.853,89.259,223337,207879,300269,448035,DEPU
2016-03-26,Well_#9,24.0,1598,154.265,774.145,100.0,68.223,87.26,223553,208100,300589,449313,DEPU
2016-03-27,Well_#9,23.0,1612,155.254,771.999,100.0,68.744,86.5,223759,208312,300896,450528,DEPU
2016-03-28,Well_#9,24.0,1593,155.676,775.394,100.0,68.505,88.163,223971,208530,301210,451792,DEPU
2016-03-29,Well_#9,24.0,1594,156.608,778.874,100.0,67.533,88.978,224184,208746,301523,453062,DEPU
2016-03-30,Well_#9,24.0,1589,154.514,783.497,100.0,67.614,89.199,224392,208958,301828,454334,DEPU
2016-03-31,Well_#9,24.0,1589,155.397,779.004,100.0,68.215,89.056,224596,209164,302126,455590,DEPU
2016-04-01,Well_#9,24.0,1610,154.802,772.481,100.0,69.495,86.989,224796,209367,302419,456839,DEPU
2016-04-02,Well_#9,24.0,1610,159.747,776.426,100.0,68.939,87.383,224994,209569,302710,458087,DEPU
2016-04-03,Well_#9,24.0,1602,154.888,777.212,100.0,68.478,88.403,225193,209771,303002,459334,DEPU
2016-04-04,Well_#9,24.0,1584,155.675,779.004,100.0,67.887,88.5,225392,209971,303292,460656,DEPU
2016-04-05,Well_#9,24.0,1579,155.596,776.253,100.0,67.596,88.644,225590,210173,303583,461923,DEPU
2016-04-06,Well_#9,22.83,1590,155.237,763.419,86.52358,71.126,86.782,225757,210347,303835,463038,DEPU
2016-04-07,Well_#9,24.0,1573,159.335,777.738,100.0,66.199,89.738,225954,210544,304120,464348,DEPU
2016-04-08,Well_#9,24.0,1574,154.291,780.115,100.0,65.657,89.746,226177,210773,304449,465613,DEPU
2016-04-09,Well_#9,24.0,1591,157.092,777.52,100.0,66.128,88.667,226394,210995,304770,466864,DEPU
2016-04-10,Well_#9,24.0,1572,156.009,774.211,100.0,66.063,88.03,226610,211214,305086,468102,DEPU
2016-04-11,Well_#9,24.0,1570,155.685,777.896,100.0,65.829,88.451,226821,211432,305402,469337,DEPU
2016-04-12,Well_#9,24.0,1587,157.765,776.138,100.0,66.04,87.656,227026,211643,305707,470568,DEPU
2016-04-13,Well_#9,24.0,1574,156.605,773.523,100.0,66.105,87.616,227230,211853,306010,471788,DEPU
2016-04-14,Well_#9,24.0,1566,156.577,775.454,100.0,65.324,88.934,227436,212061,306311,473008,DEPU
2016-04-15,Well_#9,24.0,1574,157.984,772.363,100.0,65.427,88.729,227636,212268,306609,474226,DEPU
2016-04-16,Well_#9,24.0,1564,157.541,770.578,100.0,65.348,88.521,227847,212523,306977,475482,DEPU
2016-04-17,Well_#9,24.0,1580,153.801,773.168,100.0,64.908,88.427,228066,212777,307345,476747,DEPU
2016-04-18,Well_#9,24.0,1573,156.455,773.797,100.0,65.652,88.017,228253,212985,307645,478052,DEPU
2016-04-19,Well_#9,24.0,1575,159.873,769.395,100.0,65.507,88.78,228477,213213,307974,479293,DEPU
2016-04-20,Well_#9,24.0,1557,156.132,770.875,100.0,65.551,88.234,228694,213444,308308,480522,DEPU
2016-04-21,Well_#9,24.0,1567,156.526,769.23,100.0,65.358,88.685,228903,213648,308603,481745,DEPU
2016-04-22,Well_#9,24.0,1544,155.52,774.43,100.0,65.408,89.202,229102,213834,308871,483005,DEPU
2016-04-23,Well_#9,24.0,1559,158.541,773.942,100.0,65.613,89.024,229310,214041,309170,484271,DEPU
2016-04-24,Well_#9,24.0,1561,156.496,777.084,100.0,65.493,89.297,229512,214243,309463,485551,DEPU
2016-04-25,Well_#9,24.0,1548,158.808,768.182,100.0,65.901,88.468,229719,214450,309761,486773,DEPU
2016-04-26,Well_#9,24.0,1560,156.694,761.508,100.0,66.049,87.989,229930,214660,310064,487984,DEPU
2016-04-27,Well_#9,24.0,1549,159.219,761.229,100.0,65.847,88.202,230139,214869,310366,489176,DEPU
2016-04-28,Well_#9,24.0,1560,159.367,761.773,100.0,66.073,87.919,230350,215075,310663,490355,DEPU
2016-04-29,Well_#9,24.0,1540,155.968,754.102,100.0,66.433,86.477,230549,215270,310946,491540,DEPU
2016-04-30,Well_#9,24.0,1526,156.457,755.264,100.0,65.903,87.512,230748,215465,311227,492716,DEPU
2016-05-01,Well_#9,24.0,1551,158.541,749.583,100.0,66.284,85.672,230942,215659,311507,493879,DEPU
2016-05-02,Well_#9,24.0,1530,155.745,748.422,100.0,66.09,85.561,231143,215860,311798,495046,DEPU
2016-05-03,Well_#9,24.0,1544,154.48,752.421,100.0,65.567,86.532,231344,216060,312087,496223,DEPU
2016-05-04,Well_#9,24.0,1537,157.923,751.134,100.0,66.081,86.45,231543,216257,312371,497406,DEPU
2016-05-05,Well_#9,24.0,1536,155.035,748.984,100.0,66.185,86.257,231744,216454,312655,498594,DEPU
2016-05-06,Well_#9,24.0,1539,158.135,751.336,100.0,65.813,86.915,231945,216650,312939,499775,DEPU
2016-05-07,Well_#9,24.0,1514,158.843,755.885,100.0,65.539,87.447,232146,216847,313223,500953,DEPU
2016-05-08,Well_#9,24.0,1530,153.873,752.233,100.0,65.969,86.688,232345,217042,313506,502126,DEPU
2016-05-09,Well_#9,24.0,1511,159.684,752.881,100.0,65.805,86.853,232543,217236,313785,503308,DEPU
2016-05-10,Well_#9,24.0,1514,153.859,756.266,100.0,65.322,88.07,232738,217427,314062,504874,DEPU
2016-05-11,Well_#9,24.0,1530,155.283,753.601,100.0,65.151,88.265,232932,217618,314338,506026,DEPU
2016-05-12,Well_#9,24.0,1516,156.658,754.412,100.0,64.959,88.46,233124,217808,314612,507179,DEPU
2016-05-13,Well_#9,24.0,1501,157.637,745.946,100.0,65.171,87.775,233316,217997,314884,508332,DEPU
2016-05-14,Well_#9,24.0,1520,157.516,743.599,100.0,65.345,87.356,233505,218184,315155,509479,DEPU
2016-05-15,Well_#9,20.5,1509,156.597,701.576,69.28135,72.12,80.553,233651,218331,315366,510371,DEPU
2016-05-16,Well_#9,24.0,1509,157.68,743.304,99.98718,65.158,88.309,233842,218467,315564,511533,DEPU
2016-05-17,Well_#9,24.0,1514,153.97,753.894,100.0,65.156,88.479,234030,218654,315834,512675,DEPU
2016-05-18,Well_#9,24.0,1502,159.189,754.419,100.0,65.294,88.395,234217,218840,316103,513812,DEPU
2016-05-19,Well_#9,24.0,1512,156.788,748.767,100.0,65.575,87.749,234402,219025,316370,514945,DEPU
2016-05-20,Well_#9,24.0,1504,155.878,750.846,100.0,65.794,87.765,234587,219208,316634,516077,DEPU
2016-05-21,Well_#9,24.0,1507,157.467,750.294,100.0,65.908,87.8,234769,219387,316893,517222,DEPU
2016-05-22,Well_#9,24.0,1493,156.005,754.267,100.0,65.441,88.308,234953,219568,317154,518388,DEPU
2016-05-23,Well_#9,24.0,1508,154.197,750.785,100.0,65.037,88.704,235136,219750,317417,519556,DEPU
2016-05-24,Well_#9,24.0,1506,156.898,744.916,100.0,65.181,88.238,235321,219933,317681,520722,DEPU
2016-05-25,Well_#9,24.0,1497,158.615,749.687,100.0,65.128,88.468,235507,220116,317946,521882,DEPU
2016-05-26,Well_#9,24.0,1494,153.679,756.477,100.0,64.997,88.865,235693,220300,318210,523044,DEPU
2016-05-27,Well_#9,24.0,1476,156.96,756.738,100.0,65.04,89.016,235877,220481,318473,524204,DEPU
2016-05-28,Well_#9,24.0,1472,154.011,755.728,100.0,65.161,89.142,236062,220664,318737,525372,DEPU
2016-05-29,Well_#9,24.0,1491,155.846,755.686,100.0,65.65,88.669,236245,220846,319000,526542,DEPU
2016-05-30,Well_#9,24.0,1492,156.647,751.872,100.0,64.929,89.099,236427,221026,319259,527704,DEPU
2016-05-31,Well_#9,24.0,1481,156.024,747.127,100.0,65.053,88.662,236613,221209,319524,528864,DEPU
2016-06-01,Well_#9,24.0,1478,154.902,744.044,100.0,65.113,88.422,236799,221390,319786,530016,DEPU
2016-06-02,Well_#9,24.0,1488,154.323,746.603,100.0,65.188,88.445,236983,221573,320050,531179,DEPU
2016-06-03,Well_#9,24.0,1479,157.994,750.955,100.0,64.934,89.008,237159,221748,320303,532324,DEPU
2016-06-04,Well_#9,24.0,1470,154.856,745.117,100.0,65.022,88.601,237345,221937,320576,533487,DEPU
2016-06-05,Well_#9,24.0,1468,157.414,746.548,100.0,65.022,88.631,237532,222127,320849,534655,DEPU
2016-06-06,Well_#9,24.0,1471,155.439,754.878,100.0,65.047,88.939,237719,222315,321122,535826,DEPU
2016-06-07,Well_#9,24.0,1457,156.168,751.624,100.0,65.133,88.946,237906,222505,321396,537004,DEPU
2016-06-08,Well_#9,16.26,1476,153.8,744.497,67.70889,65.521,88.647,238023,222623,321567,537731,DEPU
2016-06-09,Well_#9,15.0,1459,155.959,683.391,48.95677,65.791,86.632,238119,222720,321707,538382,DEPU
2016-06-10,Well_#9,24.0,1445,156.611,736.45,99.98986,65.771,87.996,238307,222912,321983,539592,DEPU
2016-06-11,Well_#9,24.0,1462,154.162,749.737,100.0,65.831,88.068,238495,223100,322256,540781,DEPU
2016-06-12,Well_#9,24.0,1445,155.499,745.154,100.0,66.13,86.983,238674,223280,322515,541905,DEPU
2016-06-13,Well_#9,24.0,1452,156.633,748.301,100.0,66.302,87.431,238862,223469,322788,543097,DEPU
2016-06-14,Well_#9,24.0,1450,158.537,743.985,100.0,66.454,86.62,239050,223657,323060,544289,DEPU
2016-06-15,Well_#9,24.0,1435,157.083,741.763,100.0,66.418,87.334,239237,223844,323330,545487,DEPU
2016-06-16,Well_#9,24.0,1437,155.132,741.68,100.0,66.53,87.302,239426,224032,323602,546694,DEPU
2016-06-17,Well_#9,24.0,1438,154.204,747.571,100.0,65.619,88.336,239612,224216,323868,547890,DEPU
2016-06-18,Well_#9,24.0,1454,157.273,738.734,100.0,65.802,87.685,239798,224402,324136,549084,DEPU
2016-06-19,Well_#9,24.0,1428,158.205,744.521,100.0,65.754,88.243,239985,224586,324403,550282,DEPU
2016-06-20,Well_#9,24.0,1430,156.088,742.558,100.0,66.123,87.48,240172,224771,324670,551478,DEPU
2016-06-21,Well_#9,24.0,1433,158.994,748.383,100.0,65.982,88.304,240358,224956,324936,552680,DEPU
2016-06-22,Well_#9,24.0,1433,158.626,744.582,100.0,66.412,87.783,240544,225141,325203,553882,DEPU
2016-06-23,Well_#9,24.0,1424,159.565,748.063,100.0,66.07,88.373,240731,225326,325471,555096,DEPU
2016-06-24,Well_#9,24.0,1440,155.853,752.594,100.0,65.578,89.139,240917,225511,325738,556293,DEPU
2016-06-25,Well_#9,24.0,1434,156.998,753.088,100.0,65.684,89.033,241102,225695,326003,557491,DEPU
2016-06-26,Well_#9,24.0,1426,155.333,745.671,100.0,65.553,88.833,241287,225879,326270,558689,DEPU
2016-06-27,Well_#9,24.0,1428,154.015,744.159,100.0,65.87,88.462,241470,226061,326533,559884,DEPU
2016-06-28,Well_#9,24.0,1427,156.553,746.283,100.0,66.3,87.884,241654,226245,326799,561078,DEPU
2016-06-29,Well_#9,24.0,1418,158.682,747.044,100.0,66.041,88.419,241839,226429,327064,562274,DEPU
2016-06-30,Well_#9,24.0,1429,153.869,744.763,100.0,66.018,88.033,242022,226613,327329,563472,DEPU
2016-07-01,Well_#9,24.0,1406,158.819,744.489,100.0,66.512,87.989,242207,226796,327594,564668,DEPU
2016-07-02,Well_#9,24.0,1417,159.468,745.385,100.0,65.829,88.432,242390,226979,327858,565869,DEPU
2016-07-03,Well_#9,24.0,1416,157.231,745.489,100.0,65.935,88.444,242575,227161,328121,567064,DEPU
2016-07-04,Well_#9,24.0,1416,157.112,747.539,100.0,65.667,88.781,242756,227342,328384,568264,DEPU
2016-07-05,Well_#9,24.0,1414,153.874,748.294,100.0,65.495,88.998,242939,227525,328647,569458,DEPU
2016-07-06,Well_#9,24.0,1406,156.657,743.59,100.0,65.574,88.725,243116,227706,328908,570658,DEPU
2016-07-07,Well_#9,24.0,1401,157.771,744.057,100.0,66.04,88.143,243299,227891,329177,571873,DEPU
2016-07-08,Well_#9,24.0,1411,159.438,744.596,100.0,66.166,88.092,243480,228077,329445,573086,DEPU
2016-07-09,Well_#9,23.5,1409,154.848,738.825,89.87223,66.871,87.895,243656,228256,329703,573980,DEPU
2016-07-10,Well_#9,24.0,1392,157.097,743.915,100.0,65.694,87.833,243845,228450,329983,575163,DEPU
2016-07-11,Well_#9,23.67,1386,157.924,740.57,92.77055,66.88,87.592,244026,228635,330251,576292,DEPU
2016-07-12,Well_#9,24.0,1402,155.941,737.046,100.0,65.465,88.337,244216,228827,330528,577461,DEPU
2016-07-13,Well_#9,14.89,1388,155.88,735.712,60.49,65.968,88.277,244322,228929,330675,578122,DEPU
2016-07-14,Well_#9,6.5,1399,159.342,564.641,11.69975,75.081,72.297,244370,228977,330744,578409,DEPU
2016-07-15,Well_#9,14.44,1399,159.356,485.279,12.18861,100.151,59.776,244408,229015,330799,578681,DEPU
2016-07-16,Well_#9,24.0,1383,157.607,590.555,22.90714,99.168,68.609,244592,229198,331063,579679,DEPU
2016-07-17,Well_#9,20.73,1377,155.699,604.743,21.10635,97.063,68.845,244673,229278,331179,580078,DEPU
2016-07-18,Well_#9,24.0,1379,155.092,648.972,30.16365,84.885,77.23,244799,229403,331360,580891,DEPU
2016-07-19,Well_#9,24.0,1394,153.807,721.96,40.2753,67.498,85.78,244943,229546,331566,582004,DEPU
2016-07-20,Well_#9,24.0,1383,154.26,724.846,40.29969,67.735,85.076,245088,229690,331775,583034,DEPU
2016-07-21,Well_#9,24.0,1370,157.95,729.672,40.0112,67.366,86.564,245231,229832,331979,584011,DEPU
2016-07-22,Well_#9,24.0,1374,157.385,733.474,39.0991,69.377,86.398,245366,229966,332173,584979,DEPU
2016-07-23,Well_#9,24.0,1367,159.064,736.104,40.51871,65.882,87.272,245502,230101,332368,585968,DEPU
2016-07-24,Well_#9,24.0,1362,153.819,733.582,40.03239,65.43,87.195,245642,230240,332569,586965,DEPU
2016-07-25,Well_#9,24.0,1370,158.674,718.172,34.57561,72.292,82.876,245776,230373,332761,587843,DEPU
2016-07-26,Well_#9,24.0,1376,156.478,706.358,32.11601,78.235,80.412,245905,230501,332946,588681,DEPU
2016-07-27,Well_#9,24.0,1359,155.727,705.679,31.91951,78.619,80.606,246032,230627,333128,589586,DEPU
2016-07-28,Well_#9,24.0,1356,159.835,703.464,31.93993,78.601,80.274,246161,230755,333313,590528,DEPU
2016-07-29,Well_#9,24.0,1368,155.426,706.5,31.93497,78.272,81.578,246291,230882,333496,591482,DEPU
2016-07-30,Well_#9,24.0,1366,158.141,703.394,31.93091,77.727,81.705,246423,231012,333685,592457,DEPU
2016-07-31,Well_#9,24.0,1365,155.093,705.099,33.60944,75.331,82.499,246555,231139,333868,593412,DEPU
2016-08-01,Well_#9,24.0,1342,155.599,705.833,34.26058,74.338,83.07,246692,231268,334054,594344,DEPU
2016-08-02,Well_#9,24.0,1359,157.55,702.014,31.5565,77.409,81.106,246821,231399,334244,595233,DEPU
2016-08-03,Well_#9,24.0,1357,155.415,690.915,29.82924,81.248,77.662,246945,231516,334411,596437,DEPU
2016-08-04,Well_#9,24.0,1348,159.549,691.269,30.33237,81.092,78.759,247063,231646,334600,597443,DEPU
2016-08-05,Well_#9,24.0,1353,159.731,684.349,30.26012,81.052,78.496,247185,231767,334775,598359,DEPU
2016-08-06,Well_#9,24.0,1347,159.348,688.017,30.28064,81.005,78.328,247304,231885,334945,599219,DEPU
2016-08-07,Well_#9,24.0,1346,155.548,681.986,30.26916,81.537,73.938,247424,232011,335127,600083,DEPU
2016-08-08,Well_#9,24.0,1343,159.142,677.569,30.25111,81.029,74.861,247543,232130,335299,600947,DEPU
2016-08-09,Well_#9,23.75,1344,153.782,669.66,29.34552,81.968,75.579,247654,232242,335461,601764,DEPU
2016-08-10,Well_#9,24.0,1328,154.673,677.784,30.23203,81.88,76.391,247772,232361,335633,602615,DEPU
2016-08-11,Well_#9,24.0,1339,154.959,682.046,30.21677,82.049,75.741,247893,232480,335804,603469,DEPU
2016-08-12,Well_#9,22.14,1325,157.523,678.529,27.2957,82.867,74.465,247997,232583,335953,604349,DEPU
2012-09-08,Well_#13,12.5,1644,106.06,18.092,11.6708,46.089,22.08,72,113,113,14,DEPU
2012-09-09,Well_#13,24.0,1686,105.889,12.687,12.35058,48.553,21.977,608,821,821,121,DEPU
2012-09-10,Well_#13,13.92,1676,105.754,12.411,10.99873,48.688,23.879,826,1123,1123,166,DEPU
2012-09-11,Well_#13,23.0,1575,106.496,21.203,12.65657,44.871,31.413,1419,1962,1962,283,DEPU
2012-09-12,Well_#13,24.0,1576,106.535,23.287,12.78188,45.061,32.847,2304,3309,3309,460,DEPU
2012-09-13,Well_#13,24.0,1586,106.517,22.896,12.57608,45.843,31.844,2874,4152,4152,574,DEPU
2012-09-14,Well_#13,24.0,1584,106.537,23.276,12.54523,45.867,29.156,3904,5567,5567,781,DEPU
2012-09-15,Well_#13,24.0,1582,106.55,23.306,12.5404,45.777,27.134,4603,6538,6538,922,DEPU
2012-09-16,Well_#13,24.0,1578,106.566,23.145,12.53634,45.565,24.701,5336,7552,7552,1068,DEPU
2012-09-17,Well_#13,24.0,1578,106.569,23.187,12.2792,45.567,27.318,6068,8563,8563,1213,DEPU
2012-09-18,Well_#13,18.06,1578,106.579,22.972,10.64829,45.486,29.421,6802,9577,9577,1359,DEPU
2012-09-19,Well_#13,18.94,1630,106.089,15.25,10.02346,47.279,26.436,7546,10616,10616,1510,DEPU
2012-09-20,Well_#13,24.0,1574,106.542,22.064,12.62097,45.161,29.903,8282,11639,11639,1657,DEPU
2012-09-21,Well_#13,24.0,1576,106.552,22.807,12.45271,45.388,32.299,8833,12420,12420,1768,DEPU
2012-09-22,Well_#13,21.71,1600,106.416,20.368,11.1343,46.522,29.688,9457,13316,13316,1893,DEPU
2012-09-23,Well_#13,24.0,1576,106.588,22.626,12.33667,45.422,31.534,10179,14331,14331,2037,DEPU
2012-09-24,Well_#13,24.0,1575,106.616,22.53,12.29738,45.406,28.193,10926,15372,15372,2185,DEPU
2012-09-25,Well_#13,24.0,1577,106.64,22.279,12.31462,45.442,29.978,11587,16357,16357,2315,DEPU
2012-09-26,Well_#13,24.0,1578,106.646,22.249,12.0671,45.372,30.646,12340,17402,17402,2469,DEPU
2012-09-27,Well_#13,24.0,1577,106.655,22.621,12.33761,45.235,32.038,13088,18442,18442,2619,DEPU
2012-09-28,Well_#13,24.0,1571,106.485,22.575,12.36388,45.129,29.322,13829,19476,19476,2767,DEPU
2012-09-29,Well_#13,24.0,1577,106.657,22.587,12.33129,45.073,30.431,14571,20508,20508,2915,DEPU
2012-09-30,Well_#13,24.0,1576,106.658,22.657,12.31378,44.992,32.473,15314,21542,21542,3063,DEPU
2012-10-01,Well_#13,24.0,1571,106.673,22.925,12.45178,44.696,32.464,16058,22584,22584,3211,DEPU
2012-10-02,Well_#13,24.0,1571,106.671,22.841,12.50457,44.615,31.483,16808,23625,23625,3360,DEPU
2012-10-03,Well_#13,24.0,1573,106.659,22.634,12.40383,44.668,34.596,17550,24660,24660,3506,DEPU
2012-10-04,Well_#13,24.0,1575,106.652,22.294,12.31059,44.709,32.658,18304,25706,25706,3659,DEPU
2012-10-05,Well_#13,22.48,1573,106.657,22.042,11.74015,44.637,26.917,19057,26751,26751,3812,DEPU
2012-10-06,Well_#13,19.69,1614,106.29,16.833,10.22691,46.293,24.878,19803,27811,27811,3964,DEPU
2012-10-07,Well_#13,24.0,1573,106.622,21.286,12.13349,44.901,28.527,20515,28746,28746,4106,DEPU
2012-10-08,Well_#13,24.0,1578,106.624,21.164,12.11424,44.835,26.827,21169,29598,29598,4239,DEPU
2012-10-09,Well_#13,24.0,1579,106.626,21.417,12.06348,44.621,30.427,21746,30355,30355,4354,DEPU
2012-10-10,Well_#13,24.0,1577,106.641,21.864,12.19977,44.3,34.595,22488,31324,31324,4501,DEPU
2012-10-11,Well_#13,24.0,1575,106.648,21.596,12.34652,44.147,32.992,23220,32285,32285,4646,DEPU
2012-10-12,Well_#13,24.0,1575,106.65,21.513,12.30914,44.109,32.545,23949,33249,33249,4790,DEPU
2012-10-13,Well_#13,24.0,1570,106.669,21.789,12.37073,43.793,32.761,24687,34218,34218,4937,DEPU
2012-10-14,Well_#13,24.0,1571,106.66,21.514,12.34178,43.868,33.169,25402,35164,35164,5078,DEPU
2012-10-15,Well_#13,24.0,1576,106.642,21.359,12.28715,44.022,33.639,26093,36080,36080,5216,DEPU
2012-10-16,Well_#13,24.0,1573,106.649,21.241,12.34124,43.852,31.171,26781,36988,36988,5353,DEPU
2012-10-17,Well_#13,24.0,1575,106.638,20.944,12.34684,43.92,30.815,27463,37890,37890,5487,DEPU
2012-10-18,Well_#13,24.0,1574,106.639,20.714,12.33648,43.814,29.245,28140,38769,38769,5624,DEPU
2012-10-19,Well_#13,24.0,1577,106.628,20.71,12.30764,43.875,32.089,28814,39657,39657,5759,DEPU
2012-10-20,Well_#13,24.0,1577,106.624,20.338,12.32526,43.785,31.25,29589,40685,40685,5915,DEPU
2012-10-21,Well_#13,24.0,1573,106.639,20.578,12.33031,43.485,29.23,30351,41695,41695,6070,DEPU
2012-10-22,Well_#13,24.0,1574,106.634,20.393,12.31691,43.449,29.027,31109,42708,42708,6222,DEPU
2012-10-23,Well_#13,24.0,1577,106.623,19.999,12.28563,43.438,31.449,31894,43713,43713,6379,DEPU
2012-10-24,Well_#13,24.0,1581,106.607,19.626,12.22793,43.517,33.212,32940,45032,45032,6585,DEPU
2012-10-25,Well_#13,24.0,1580,106.611,19.469,11.9658,43.268,31.681,33702,45418,45418,6735,DEPU
2012-10-26,Well_#13,24.0,1579,106.612,19.449,11.95197,43.141,33.201,34396,46328,46328,6871,DEPU
2012-10-27,Well_#13,24.0,1578,106.612,19.561,11.91477,43.005,32.739,35071,47222,47222,7008,DEPU
2012-10-28,Well_#13,24.0,1577,106.599,19.138,12.02191,42.818,32.98,35740,48110,48110,7142,DEPU
2012-10-29,Well_#13,24.0,1538,106.737,22.107,13.13761,41.241,34.287,36418,49006,49006,7280,DEPU
2012-10-30,Well_#13,24.0,1538,106.707,21.099,12.65232,41.649,31.262,37050,49837,49837,7408,DEPU
2012-10-31,Well_#13,24.0,1537,106.689,20.488,12.52351,41.355,29.988,37680,50661,50661,7535,DEPU
2012-11-01,Well_#13,24.0,1537,106.672,20.038,12.68706,41.141,30.783,38379,51561,51561,7676,DEPU
2012-11-02,Well_#13,24.0,1536,106.658,19.621,12.63899,40.96,31.564,39057,52435,52435,7809,DEPU
2012-11-03,Well_#13,24.0,1537,106.638,18.973,12.61365,40.861,32.789,39719,53278,53278,7944,DEPU
2012-11-04,Well_#13,24.0,1537,106.625,18.532,12.55323,40.741,31.889,40387,54133,54133,8076,DEPU
2012-11-05,Well_#13,24.0,1536,106.625,18.848,12.47143,40.52,35.728,41052,54994,54994,8207,DEPU
2012-11-06,Well_#13,24.0,1550,106.576,18.102,12.14123,41.218,34.91,41723,55889,55889,8340,DEPU
2012-11-07,Well_#13,24.0,1576,106.464,15.966,11.37569,42.504,30.44,42397,56788,56788,8473,DEPU
2012-11-08,Well_#13,24.0,1576,106.489,16.109,11.78047,42.149,33.61,43071,57685,57685,8607,DEPU
2012-11-09,Well_#13,24.0,1569,106.05,16.492,11.77514,41.987,32.65,43726,58532,58532,8737,DEPU
2012-11-10,Well_#13,24.0,1574,106.534,17.003,11.85823,41.954,35.124,44313,59320,59320,8855,DEPU
2012-11-11,Well_#13,24.0,1576,106.538,16.936,11.91687,42.087,35.038,44918,60140,60140,8977,DEPU
2012-11-12,Well_#13,24.0,1577,106.546,17.098,11.8981,42.164,34.596,45611,61075,61075,9117,DEPU
2012-11-13,Well_#13,24.0,1576,106.559,17.412,11.93852,42.112,35.078,46314,62023,62023,9256,DEPU
2012-11-14,Well_#13,21.5,1595,106.387,16.076,10.63273,43.856,29.141,47025,62986,62986,9396,DEPU
2012-11-15,Well_#13,24.0,1580,106.536,16.315,11.8355,42.833,28.159,47749,63965,63965,9539,DEPU
2012-11-16,Well_#13,24.0,1586,106.538,17.18,11.81703,42.794,28.888,48480,64956,64956,9683,DEPU
2012-11-17,Well_#13,24.0,1581,106.572,17.855,12.01604,42.355,33.212,49143,65858,65858,9813,DEPU
2012-11-18,Well_#13,24.0,1577,106.602,18.52,12.02974,42.309,34.064,49862,66825,66825,9955,DEPU
2012-11-19,Well_#13,24.0,1576,106.617,18.823,12.03462,42.482,33.045,50574,67787,67787,10097,DEPU
2012-11-20,Well_#13,24.0,1578,106.616,18.692,11.98439,42.628,32.035,51341,68820,68820,10251,DEPU
2012-11-21,Well_#13,24.0,1578,106.623,18.879,11.97574,42.633,33.722,52109,69838,69838,10408,DEPU
2012-11-22,Well_#13,24.0,1577,106.629,18.872,11.96954,42.657,31.541,52882,70863,70863,10561,DEPU
2012-11-23,Well_#13,24.0,1576,106.638,19.02,11.91031,42.513,33.883,53652,71883,71883,10718,DEPU
2012-11-24,Well_#13,24.0,1575,106.639,18.906,11.88757,42.495,35.817,54519,73047,73047,10894,DEPU
2012-11-25,Well_#13,24.0,1576,106.636,18.914,11.92122,42.742,35.239,55286,74082,74082,11050,DEPU
2012-11-26,Well_#13,24.0,1573,106.644,18.935,11.93982,42.677,34.764,56050,75104,75104,11203,DEPU
2012-11-27,Well_#13,24.0,1572,106.648,19.017,11.91779,42.725,34.854,56812,76115,76115,11357,DEPU
2012-11-28,Well_#13,24.0,1571,106.653,19.038,11.65419,42.653,34.698,57536,77090,77090,11504,DEPU
2012-11-29,Well_#13,24.0,1574,106.638,18.849,11.84593,42.84,34.929,58254,78063,78063,11650,DEPU
2012-11-30,Well_#13,24.0,1582,106.603,18.207,11.80505,43.222,35.334,58977,79040,79040,11792,DEPU
2012-12-01,Well_#13,24.0,1588,106.576,17.469,11.70531,43.412,33.931,59691,80001,80001,11934,DEPU
2012-12-02,Well_#13,24.0,1576,106.635,18.452,11.7761,42.63,35.021,60407,80969,80969,12079,DEPU
2012-12-03,Well_#13,24.0,1581,106.608,18.129,11.81178,43.041,35.394,61121,81930,81930,12222,DEPU
2012-12-04,Well_#13,24.0,1575,106.629,18.454,11.82354,42.736,36.088,61826,82887,82887,12365,DEPU
2012-12-05,Well_#13,24.0,1577,106.616,18.362,11.80333,42.908,36.37,62539,83851,83851,12508,DEPU
2012-12-06,Well_#13,24.0,1578,106.608,17.892,11.6454,42.817,36.107,63253,84814,84814,12649,DEPU
2012-12-07,Well_#13,24.0,1576,106.614,18.151,11.39979,42.755,36.658,63965,85765,85765,12793,DEPU
2012-12-08,Well_#13,16.5,1632,106.166,15.053,7.4488,46.373,32.426,64667,86712,86712,12935,DEPU
2012-12-09,Well_#13,23.33,1585,105.666,15.391,11.04438,44.886,32.267,65395,87691,87691,13077,DEPU
2012-12-10,Well_#13,24.0,1575,106.578,16.983,11.60716,43.898,33.913,66143,88704,88704,13226,DEPU
2012-12-11,Well_#13,24.0,1577,106.597,17.373,11.34758,43.161,33.804,66558,89273,89273,13309,DEPU
2012-12-12,Well_#13,24.0,1576,106.609,17.54,11.35999,42.274,33.651,67230,90204,90204,13442,DEPU
2012-12-13,Well_#13,24.0,1575,106.623,17.935,11.71499,41.906,34.431,67971,91222,91222,13593,DEPU
2012-12-14,Well_#13,24.0,1575,106.625,18.114,11.70204,42.02,33.598,68700,92221,92221,13739,DEPU
2012-12-15,Well_#13,24.0,1574,106.631,18.189,11.68182,42.004,33.452,69451,93256,93256,13889,DEPU
2012-12-16,Well_#13,24.0,1576,106.629,18.031,11.72327,42.211,31.125,70209,94296,94296,14042,DEPU
2012-12-17,Well_#13,24.0,1575,106.632,17.987,11.74758,42.097,31.357,70970,95339,95339,14191,DEPU
2012-12-18,Well_#13,24.0,1575,106.632,18.183,11.76327,42.206,33.097,71735,96385,96385,14342,DEPU
2012-12-19,Well_#13,24.0,1577,106.623,17.884,11.73917,42.207,33.946,72500,97433,97433,14495,DEPU
2012-12-20,Well_#13,24.0,1576,106.629,18.032,11.71641,41.945,35.805,73270,98484,98484,14652,DEPU
2012-12-21,Well_#13,24.0,1571,106.648,18.219,11.75683,41.829,35.885,74045,99541,99541,14806,DEPU
2012-12-22,Well_#13,24.0,1572,106.643,18.22,11.726,41.872,35.745,74836,100622,100622,14963,DEPU
2012-12-23,Well_#13,24.0,1575,106.629,18.036,11.66395,41.918,35.631,75634,101710,101710,15121,DEPU
2012-12-24,Well_#13,24.0,1565,106.666,18.612,11.81433,41.415,34.68,76437,102808,102808,15282,DEPU
2012-12-25,Well_#13,24.0,1564,106.666,18.613,11.76101,41.614,33.695,77254,103927,103927,15442,DEPU
2012-12-26,Well_#13,24.0,1564,106.657,18.544,11.74307,41.436,37.183,78073,105039,105039,15608,DEPU
2012-12-27,Well_#13,24.0,1557,106.675,18.573,11.86365,41.078,34.944,78892,106157,106157,15769,DEPU
2012-12-28,Well_#13,24.0,1556,106.672,18.524,11.87307,41.0,34.879,79709,107268,107268,15931,DEPU
2012-12-29,Well_#13,24.0,1554,106.668,18.405,11.85328,40.901,35.151,80517,108368,108368,16095,DEPU
2012-12-30,Well_#13,24.0,1552,106.667,18.544,11.85572,40.719,37.607,81354,109504,109504,16262,DEPU
2012-12-31,Well_#13,24.0,1549,106.67,18.514,11.85625,40.625,34.8,82191,110644,110644,16432,DEPU
2013-01-01,Well_#13,18.59,1549,106.664,18.164,9.65508,40.649,30.856,83029,111785,111785,16601,DEPU
2013-01-02,Well_#13,18.07,1594,106.208,13.144,9.25467,44.294,32.776,83866,112927,112927,16769,DEPU
2013-01-03,Well_#13,24.0,1578,106.518,15.908,11.44436,44.17,34.129,84706,114077,114077,16937,DEPU
2013-01-04,Well_#13,24.0,1577,106.536,15.921,11.42846,43.207,34.98,85278,114887,114887,17052,DEPU
2013-01-05,Well_#13,24.0,1575,106.557,16.427,11.37354,41.896,36.253,85772,115565,115565,17152,DEPU
2013-01-06,Well_#13,24.0,1576,106.563,16.786,11.53466,40.884,36.119,86606,116695,116695,17322,DEPU
2013-01-07,Well_#13,24.0,1574,106.578,17.193,11.52053,40.888,36.64,87434,117836,117836,17487,DEPU
2013-01-08,Well_#13,24.0,1575,106.581,17.164,11.55733,41.115,34.764,88272,118984,118984,17657,DEPU
2013-01-09,Well_#13,24.0,1577,106.575,16.907,11.6052,41.124,36.083,89122,120146,120146,17827,DEPU
2013-01-10,Well_#13,24.0,1574,106.588,17.08,11.62993,41.063,35.52,89970,121311,121311,17997,DEPU
2013-01-11,Well_#13,24.0,1572,106.6,17.174,11.64838,41.171,34.787,90830,122486,122486,18170,DEPU
2013-01-12,Well_#13,24.0,1570,106.606,17.259,11.66723,41.032,35.495,91692,123665,123665,18339,DEPU
2013-01-13,Well_#13,24.0,1574,106.587,17.052,11.56674,41.397,34.336,92554,124844,124844,18514,DEPU
2013-01-14,Well_#13,24.0,1578,106.573,16.707,11.51063,41.289,33.861,93383,125967,125967,18678,DEPU
2013-01-15,Well_#13,24.0,1579,106.569,16.502,11.51049,41.342,33.506,94145,127009,127009,18828,DEPU
2013-01-16,Well_#13,24.0,1577,106.576,16.567,11.51499,41.287,32.63,94908,128050,128050,18981,DEPU
2013-01-17,Well_#13,24.0,1576,106.58,16.741,11.51232,41.231,36.54,95672,129090,129090,19136,DEPU
2013-01-18,Well_#13,24.0,1574,106.586,16.883,11.52624,41.327,33.07,96437,130140,130140,19290,DEPU
2013-01-19,Well_#13,24.0,1576,106.578,16.65,11.27283,41.294,35.413,97218,131201,131201,19444,DEPU
2013-01-20,Well_#13,24.0,1575,106.578,16.713,11.2879,41.205,35.81,97975,132227,132227,19593,DEPU
2013-01-21,Well_#13,24.0,1575,106.579,16.462,11.52987,41.281,31.834,98766,133304,133304,19754,DEPU
2013-01-22,Well_#13,24.0,1578,106.563,16.131,11.33049,41.451,31.38,99517,134325,134325,19903,DEPU
2013-01-23,Well_#13,24.0,1577,106.566,15.918,11.36618,41.229,29.224,100267,135347,135347,20050,DEPU
2013-01-24,Well_#13,24.0,1574,106.578,16.124,11.60185,41.208,30.683,101025,136383,136383,20201,DEPU
2013-01-25,Well_#13,24.0,1571,106.589,16.317,11.64088,41.047,32.416,101772,137406,137406,20349,DEPU
2013-01-26,Well_#13,24.0,1573,106.575,16.276,11.51225,41.277,35.666,102551,138481,138481,20506,DEPU
2013-01-27,Well_#13,24.0,1571,106.582,16.221,11.43267,40.947,35.491,103349,139623,139623,20663,DEPU
2013-01-28,Well_#13,24.0,1569,106.587,16.308,11.43594,40.964,33.704,104150,140792,140792,20821,DEPU
2013-01-29,Well_#13,24.0,1572,106.572,16.073,11.43119,41.011,34.033,104947,141948,141948,20978,DEPU
2013-01-30,Well_#13,24.0,1579,106.534,15.241,11.42564,41.278,33.517,105741,143086,143086,21138,DEPU
2013-01-31,Well_#13,1.33,1587,106.557,15.377,9.94066,38.718,33.265,106536,144174,144174,21296,DEPU
2013-02-01,Well_#13,0.0,1987,103.761,3.343,7.90691,0.93,13.063,107333,145266,145266,21452,DEPU
2013-02-02,Well_#13,0.0,1956,104.194,4.145,8.49572,0.919,15.638,108129,146361,146361,21612,DEPU
2013-02-03,Well_#13,0.0,1956,104.194,4.145,8.49572,0.919,15.638,108226,146574,146574,21631,DEPU
2013-02-04,Well_#13,0.0,1956,104.194,4.145,8.49572,0.919,15.638,108226,146574,146574,21631,DEPU
2013-02-05,Well_#13,0.0,1956,104.194,4.145,8.49572,0.919,15.638,108226,146574,146574,21631,DEPU
2013-02-06,Well_#13,0.0,2128,102.482,2.096,8.84127,30.581,15.499,108226,146574,146574,21631,DEPU
2013-02-07,Well_#13,0.0,2146,101.984,2.046,8.78202,85.611,18.531,108226,146574,146574,21631,DEPU
2013-02-08,Well_#13,0.0,2162,102.04,2.041,7.365,88.354,19.258,108226,146574,146574,21631,DEPU
2013-02-09,Well_#13,0.0,2119,99.08,2.018,1.26273,89.676,16.995,108226,146574,146574,21631,DEPU
2013-02-10,Well_#13,0.0,2198,101.939,1.979,1.22969,89.512,15.181,108226,146574,146574,21631,DEPU
2013-02-11,Well_#13,0.0,2219,102.122,1.929,1.20471,89.713,15.155,108226,146574,146574,21631,DEPU
2013-02-12,Well_#13,0.0,2233,102.063,1.929,1.15001,92.773,17.297,108226,146574,146574,21631,DEPU
2013-02-13,Well_#13,0.0,2246,102.008,1.885,1.12792,95.507,15.745,108226,146574,146574,21631,DEPU
2013-02-14,Well_#13,9.13,2024,103.574,2.815,3.95111,75.906,24.507,108226,146574,146574,21631,DEPU
2013-02-15,Well_#13,22.5,1700,106.502,14.245,11.34421,54.102,30.592,108226,146574,146574,21631,DEPU
2013-02-16,Well_#13,24.0,1603,106.931,24.387,12.3785,48.454,33.97,108226,146574,146574,21631,DEPU
2013-02-17,Well_#13,24.0,1586,107.013,27.034,12.52594,45.843,36.348,108358,146782,146782,21658,DEPU
2013-02-18,Well_#13,24.0,1580,107.002,26.977,11.97364,45.615,37.176,109382,148314,148314,21861,DEPU
2013-02-19,Well_#13,24.0,1572,106.992,26.69,12.20507,44.699,36.124,110340,149716,149716,22054,DEPU
2013-02-20,Well_#13,24.0,1575,106.946,25.184,11.89289,44.419,35.52,111296,151141,151141,22244,DEPU
2013-02-21,Well_#13,24.0,1572,106.927,24.533,12.13306,43.822,34.676,112224,152525,152525,22431,DEPU
2013-02-22,Well_#13,24.0,1575,106.892,23.983,11.9098,43.703,36.867,113155,153917,153917,22618,DEPU
2013-02-23,Well_#13,24.0,1580,106.85,23.024,11.75816,43.292,36.896,114059,155264,155264,22800,DEPU
2013-02-24,Well_#13,24.0,1575,106.845,22.484,11.73688,42.942,36.432,114985,156642,156642,22985,DEPU
2013-02-25,Well_#13,24.0,1579,106.811,21.926,11.64471,43.106,36.241,115896,157998,157998,23170,DEPU
2013-02-26,Well_#13,24.0,1577,106.793,21.147,11.56665,42.48,36.533,116778,159295,159295,23343,DEPU
2013-02-27,Well_#13,24.0,1577,106.78,20.857,11.50843,42.714,35.117,117692,160518,160518,23529,DEPU
2013-02-28,Well_#13,24.0,1587,106.724,19.333,11.4293,42.659,29.147,118596,161726,161726,23710,DEPU
2013-03-01,Well_#13,24.0,1574,106.761,19.881,11.21559,42.136,28.836,119481,162921,162921,23886,DEPU
2013-03-02,Well_#13,24.0,1572,106.754,19.93,11.24266,41.991,29.457,120384,164153,164153,24070,DEPU
2013-03-03,Well_#13,24.0,1578,106.718,19.227,11.21568,42.055,31.375,121271,165376,165376,24244,DEPU
2013-03-04,Well_#13,24.0,1572,106.732,19.228,11.22596,41.54,34.584,122150,166590,166590,24423,DEPU
2013-03-05,Well_#13,24.0,1575,106.708,18.445,11.22133,41.692,33.165,123087,167873,167873,24611,DEPU
2013-03-06,Well_#13,24.0,1572,106.709,18.587,11.24063,41.36,34.242,124022,169162,169162,24797,DEPU
2013-03-07,Well_#13,24.0,1575,106.692,18.277,11.46883,41.5,34.692,124986,170484,170484,24988,DEPU
2013-03-08,Well_#13,24.0,1576,106.679,17.946,11.47285,41.266,35.141,125934,171790,171790,25176,DEPU
2013-03-09,Well_#13,24.0,1573,106.687,17.818,11.4528,41.229,32.929,126885,173101,173101,25368,DEPU
2013-03-10,Well_#13,24.0,1572,106.685,17.653,11.44337,41.101,32.489,127847,174427,174427,25558,DEPU
2013-03-11,Well_#13,24.0,1571,106.683,17.541,11.42467,41.041,32.431,128808,175765,175765,25752,DEPU
2013-03-12,Well_#13,24.0,1571,106.678,17.531,11.41419,40.926,33.042,129776,177112,177112,25944,DEPU
2013-03-13,Well_#13,1.09,1589,106.668,17.629,3.04923,39.672,35.313,130746,178464,178464,26141,DEPU
2013-03-14,Well_#13,14.74,1695,105.7,7.663,7.25661,50.493,27.236,131711,179816,179816,26337,DEPU
2013-03-15,Well_#13,24.0,1575,106.621,16.017,11.61428,44.01,29.799,132675,181166,181166,26526,DEPU
2013-03-16,Well_#13,24.0,1577,106.63,16.324,11.02607,44.04,31.635,132732,181284,181284,26538,DEPU
2013-03-17,Well_#13,24.0,1588,106.625,15.7,11.04487,42.609,28.733,133297,182609,182609,26652,DEPU
2013-03-18,Well_#13,24.0,1574,106.686,17.039,11.57861,40.502,29.964,134247,184024,184024,26845,DEPU
2013-03-19,Well_#13,24.0,1578,106.681,17.294,11.46082,41.017,31.435,135226,185454,185454,27041,DEPU
2013-03-20,Well_#13,24.0,1578,106.687,17.154,11.45266,40.988,26.473,136123,186738,186738,27221,DEPU
2013-03-21,Well_#13,24.0,1575,106.703,17.242,11.49874,40.988,25.431,137090,188097,188097,27411,DEPU
2013-03-22,Well_#13,24.0,1586,106.662,16.701,11.19568,41.463,30.234,138045,189438,189438,27602,DEPU
2013-03-23,Well_#13,24.0,1577,106.698,17.3,11.42344,40.886,30.481,138997,190773,190773,27791,DEPU
2013-03-24,Well_#13,24.0,1575,106.708,17.463,11.37316,40.952,32.21,139964,192098,192098,27987,DEPU
2013-03-25,Well_#13,24.0,1574,106.71,17.659,11.38993,40.934,32.377,140911,193452,193452,28179,DEPU
2013-03-26,Well_#13,24.0,1579,106.682,17.088,11.35188,40.841,33.067,141891,194843,194843,28378,DEPU
2013-03-27,Well_#13,24.0,1572,106.709,17.686,11.37044,40.746,35.35,142884,196251,196251,28576,DEPU
2013-03-28,Well_#13,24.0,1572,106.706,17.501,11.40892,40.59,35.214,143869,197645,197645,28772,DEPU
2013-03-29,Well_#13,24.0,1573,106.697,17.459,11.39177,40.804,35.236,144852,199034,199034,28966,DEPU
2013-03-30,Well_#13,24.0,1577,106.676,16.84,11.37985,40.789,30.431,145832,200424,200424,29161,DEPU
2013-03-31,Well_#13,24.0,1572,106.693,17.013,11.43049,40.62,28.528,146817,201820,201820,29355,DEPU
2013-04-01,Well_#13,24.0,1573,106.684,16.795,11.37276,40.814,28.838,147805,203216,203216,29550,DEPU
2013-04-02,Well_#13,24.0,1578,106.663,16.363,11.33043,40.74,31.03,148789,204606,204606,29749,DEPU
2013-04-03,Well_#13,24.0,1575,106.67,16.414,11.3412,40.574,32.621,149776,206004,206004,29947,DEPU
2013-04-04,Well_#13,24.0,1570,106.688,16.535,11.40946,40.544,30.049,150769,207413,207413,30141,DEPU
2013-04-05,Well_#13,24.0,1573,106.673,16.287,11.34557,40.68,31.371,151766,208829,208829,30339,DEPU
2013-04-06,Well_#13,24.0,1577,106.652,16.01,11.28478,40.615,30.635,152758,210241,210241,30533,DEPU
2013-04-07,Well_#13,23.0,1583,106.629,15.866,10.53683,40.959,31.201,153777,211675,211675,30740,DEPU
2013-04-08,Well_#13,16.76,1586,106.566,14.784,9.50766,40.636,27.916,154791,213110,213110,30942,DEPU
2013-04-09,Well_#13,21.58,1627,106.216,10.736,9.98982,44.597,27.771,155806,214551,214551,31145,DEPU
2013-04-10,Well_#13,24.0,1578,106.638,14.863,11.2078,40.463,28.889,156748,215887,215887,31334,DEPU
2013-04-11,Well_#13,24.0,1576,106.653,15.899,11.29183,40.065,29.676,157386,216793,216793,31464,DEPU
2013-04-12,Well_#13,24.0,1572,106.673,16.095,11.13059,40.314,31.672,158264,218035,218035,31642,DEPU
2013-04-13,Well_#13,24.0,1574,106.665,16.166,11.38249,40.214,28.557,159304,219508,219508,31853,DEPU
2013-04-14,Well_#13,24.0,1573,106.666,16.193,11.12229,40.276,28.506,160350,220987,220987,32059,DEPU
2013-04-15,Well_#13,24.0,1575,106.654,15.922,11.28358,40.251,29.253,161355,222402,222402,32263,DEPU
2013-04-16,Well_#13,24.0,1571,106.667,16.004,11.0535,40.105,29.012,162406,223878,223878,32472,DEPU
2013-04-17,Well_#13,24.0,1573,106.653,15.787,11.01248,40.303,29.08,163453,225368,225368,32679,DEPU
2013-04-18,Well_#13,24.0,1575,106.641,15.506,11.21436,40.135,31.818,164504,226860,226860,32889,DEPU
2013-04-19,Well_#13,24.0,1572,106.65,15.53,11.24995,40.046,32.033,165562,228363,228363,33099,DEPU
2013-04-20,Well_#13,24.0,1575,106.634,15.112,11.27921,40.208,27.617,166654,229913,229913,33317,DEPU
2013-04-21,Well_#13,24.0,1576,106.627,14.78,11.26232,40.139,24.802,167740,231457,231457,33536,DEPU
2013-04-22,Well_#13,24.0,1574,106.631,14.895,11.22288,40.075,28.462,168815,232989,232989,33753,DEPU
2013-04-23,Well_#13,24.0,1572,106.635,15.045,11.22145,40.052,28.975,169894,234527,234527,33970,DEPU
2013-04-24,Well_#13,24.0,1573,106.629,15.031,11.2,40.103,30.218,171003,236095,236095,34190,DEPU
2013-04-25,Well_#13,24.0,1577,106.608,14.574,11.19913,40.082,27.073,172111,237682,237682,34412,DEPU
2013-04-26,Well_#13,24.0,1579,106.597,14.073,11.1836,40.1,23.553,173214,239274,239274,34636,DEPU
2013-04-27,Well_#13,24.0,1579,106.596,14.139,11.14858,40.027,25.903,174271,240849,240849,34848,DEPU
2013-04-28,Well_#13,24.0,1578,106.597,14.007,11.10497,40.044,24.262,175372,242448,242448,35067,DEPU
2013-04-29,Well_#13,24.0,1577,106.601,13.912,11.12086,39.968,23.61,176482,244040,244040,35293,DEPU
2013-04-30,Well_#13,24.0,1572,106.62,14.169,11.12695,39.83,25.018,177578,245617,245617,35513,DEPU
2013-05-01,Well_#13,24.0,1570,106.628,14.348,11.1284,39.779,27.655,178675,247193,247193,35730,DEPU
2013-05-02,Well_#13,24.0,1577,106.596,13.855,11.07114,40.006,25.99,179788,248785,248785,35949,DEPU
2013-05-03,Well_#13,24.0,1580,106.576,13.588,11.05571,39.866,25.75,180889,250363,250363,36168,DEPU
2013-05-04,Well_#13,24.0,1578,106.581,13.685,11.04749,39.766,27.383,181979,251898,251898,36383,DEPU
2013-05-05,Well_#13,24.0,1578,106.581,13.653,11.0311,39.716,28.099,183101,253470,253470,36606,DEPU
2013-05-06,Well_#13,24.0,1577,106.579,13.356,11.04144,39.65,24.181,184199,255009,255009,36824,DEPU
2013-05-07,Well_#13,24.0,1574,106.214,13.48,10.99036,39.605,31.559,185313,256575,256575,37043,DEPU
2013-05-08,Well_#13,24.0,1580,106.556,13.247,10.95605,39.486,32.332,186424,258143,258143,37262,DEPU
2013-05-09,Well_#13,21.38,1581,106.551,13.263,9.71408,39.469,32.674,187537,259710,259710,37489,DEPU
2013-05-10,Well_#13,0.0,1912,104.24,4.936,1.27278,75.462,12.692,188613,261252,261252,37706,DEPU
2013-05-11,Well_#13,0.0,1993,103.768,3.097,1.23177,81.835,8.724,189734,262818,262818,37935,DEPU
2013-05-12,Well_#13,0.0,2027,103.392,2.587,1.20137,84.266,7.903,190635,264037,264037,38115,DEPU
2012-07-01,Well_#16,0.0,3836,186.395,0.586,2.61021,95.626,23.06,0,0,0,0,KEMA
2012-07-02,Well_#16,0.0,3046,199.308,19.057,8.66059,167.612,50.7,0,0,0,0,KEMA
2012-07-03,Well_#16,0.0,2695,201.956,19.866,9.47037,154.914,67.089,0,0,0,0,KEMA
2012-07-04,Well_#16,0.0,2603,202.113,27.815,9.68774,146.067,66.691,0,0,0,0,KEMA
2012-07-05,Well_#16,24.0,2559,202.145,25.723,9.73094,139.695,62.878,351,327,327,0,KEMA
2012-07-06,Well_#16,24.0,2570,202.002,12.026,9.40124,140.611,63.581,836,778,778,0,KEMA
2012-07-07,Well_#16,24.0,2540,202.036,11.711,9.58125,137.566,67.664,1350,1263,1263,0,KEMA
2012-07-08,Well_#16,24.0,2516,202.052,11.241,9.5359,134.996,67.412,1847,1719,1719,0,KEMA
2012-07-09,Well_#16,24.0,2522,201.963,8.771,9.4146,135.406,70.032,2317,2139,2139,0,KEMA
2012-07-10,Well_#16,24.0,2528,201.908,7.196,9.40036,135.615,68.328,2796,2564,2564,0,KEMA
2012-07-11,Well_#16,24.0,2533,201.87,6.391,9.35825,135.743,80.251,3291,2997,2997,0,KEMA
2012-07-12,Well_#16,24.0,2526,201.888,9.757,9.37573,135.066,74.519,3721,3378,3378,0,KEMA
2012-07-13,Well_#16,24.0,2522,201.896,11.608,9.40478,134.522,60.482,4130,3745,3745,0,KEMA
2012-07-14,Well_#16,24.0,2540,201.806,10.427,9.34953,135.713,64.781,4574,4155,4155,0,KEMA
2012-07-15,Well_#16,8.14,2526,201.908,11.052,4.61685,133.513,66.21,4935,4478,4478,0,KEMA
2012-07-16,Well_#16,19.78,2676,200.638,3.125,3.84505,149.558,53.694,5297,4790,4790,0,KEMA
2012-07-17,Well_#16,24.0,2525,202.02,11.129,4.16839,135.692,64.263,5675,5131,5131,0,KEMA
2012-07-18,Well_#16,24.0,2519,202.098,13.957,3.60195,135.197,76.956,6031,5470,5470,0,KEMA
2012-07-19,Well_#16,24.0,2521,202.09,13.706,3.44367,135.188,74.568,6369,5786,5786,0,KEMA
2012-07-20,Well_#16,7.88,2542,202.035,12.727,1.98306,135.339,69.047,6705,6097,6097,0,KEMA
2012-07-21,Well_#16,21.94,2747,200.766,3.055,3.04424,158.799,64.203,7031,6399,6399,0,KEMA
2012-07-22,Well_#16,24.0,2532,202.221,13.662,4.86512,137.175,81.544,7343,6688,6688,0,KEMA
2012-07-23,Well_#16,15.39,2523,202.269,14.126,4.16108,134.674,87.161,7724,7037,7037,0,KEMA
2012-07-24,Well_#16,23.28,2651,201.401,5.812,3.6178,146.947,73.987,8098,7387,7387,0,KEMA
2012-07-25,Well_#16,24.0,2518,202.305,14.965,3.95898,135.279,77.385,8432,7722,7722,0,KEMA
2012-07-26,Well_#16,24.0,2519,202.288,15.282,3.66738,135.436,87.581,8695,7986,7986,0,KEMA
2012-07-27,Well_#16,24.0,2511,202.313,15.317,3.59948,134.539,84.053,9029,8305,8305,0,KEMA
2012-07-28,Well_#16,24.0,2531,202.22,14.189,3.23864,135.992,93.292,9399,8655,8655,0,KEMA
2012-07-29,Well_#16,24.0,2531,202.223,14.359,3.22426,135.832,99.719,9747,8984,8984,0,KEMA
2012-07-30,Well_#16,11.17,2622,201.369,11.146,2.86487,135.185,87.005,10085,9301,9301,0,KEMA
2012-07-31,Well_#16,24.0,2559,201.968,17.919,3.51411,136.913,86.892,10393,9592,9592,0,KEMA
2012-08-01,Well_#16,24.0,2517,202.266,24.077,3.25506,133.515,78.543,10656,9842,9842,0,KEMA
2012-08-02,Well_#16,24.0,2529,202.238,23.685,2.98985,135.335,83.115,10790,9975,9975,0,KEMA
2012-08-03,Well_#16,24.0,2535,202.216,23.363,2.86953,135.881,85.049,11092,10261,10261,0,KEMA
2012-08-04,Well_#16,24.0,2532,202.238,23.135,2.91979,135.55,83.885,11373,10527,10527,0,KEMA
2012-08-05,Well_#16,24.0,2528,202.245,23.262,2.91297,135.425,87.488,11629,10770,10770,0,KEMA
2012-08-06,Well_#16,24.0,2510,200.959,23.246,2.87914,134.873,82.287,11881,11008,11008,0,KEMA
2012-08-07,Well_#16,24.0,2528,202.223,22.768,2.84609,135.188,84.78,12132,11246,11246,0,KEMA
2012-08-08,Well_#16,24.0,2522,202.24,22.415,2.80906,134.505,84.557,12411,11509,11509,0,KEMA
2012-08-09,Well_#16,24.0,2527,202.213,22.19,2.67103,134.737,92.917,12679,11762,11762,0,KEMA
2012-08-10,Well_#16,24.0,2521,202.231,21.88,2.6437,134.628,89.33,12944,12012,12012,0,KEMA
2012-08-11,Well_#16,24.0,2520,202.238,21.54,2.61746,134.599,80.345,13204,12258,12258,0,KEMA
2012-08-12,Well_#16,24.0,2519,202.241,21.232,2.46463,134.639,75.542,13456,12495,12495,0,KEMA
2012-08-13,Well_#16,24.0,2524,202.223,20.937,2.43853,134.804,84.224,13698,12723,12723,0,KEMA
2012-08-14,Well_#16,24.0,2522,202.267,20.722,2.36888,134.194,91.492,13938,12952,12952,0,KEMA
2012-08-15,Well_#16,24.0,2525,202.255,20.606,2.33872,133.592,88.809,14174,13177,13177,0,KEMA
2012-08-16,Well_#16,24.0,2521,202.279,20.47,2.41087,132.535,89.342,14400,13392,13392,0,KEMA
2012-08-17,Well_#16,24.0,2523,202.29,20.395,2.40297,132.769,86.55,14633,13612,13612,0,KEMA
2012-08-18,Well_#16,24.0,2536,202.234,19.79,2.36866,133.344,90.715,14864,13828,13828,0,KEMA
2012-08-19,Well_#16,24.0,2525,202.291,20.414,2.53575,132.261,101.951,15096,14049,14049,0,KEMA
2012-08-20,Well_#16,24.0,2521,202.31,20.627,2.59219,132.092,99.008,15325,14264,14264,0,KEMA
2012-08-21,Well_#16,24.0,2519,202.313,20.583,2.61279,132.416,95.635,15552,14477,14477,0,KEMA
2012-08-22,Well_#16,24.0,2518,202.317,20.472,2.46329,132.571,99.117,15814,14723,14723,0,KEMA
2012-08-23,Well_#16,24.0,2515,202.326,20.487,2.54135,132.734,94.256,16078,14971,14971,0,KEMA
2012-08-24,Well_#16,24.0,2520,202.297,20.207,2.51556,133.525,98.354,16342,15219,15219,0,KEMA
2012-08-25,Well_#16,24.0,2522,202.283,19.916,2.46926,134.021,94.845,16597,15459,15459,0,KEMA
2012-08-26,Well_#16,24.0,2519,202.302,20.097,2.44906,133.676,98.649,16854,15701,15701,0,KEMA
2012-08-27,Well_#16,24.0,2518,202.299,20.164,2.44505,133.625,98.681,17110,15940,15940,0,KEMA
2012-08-28,Well_#16,24.0,2516,202.306,19.921,2.33412,133.486,92.93,17358,16175,16175,0,KEMA
2012-08-29,Well_#16,24.0,2525,202.262,19.392,2.1706,134.145,85.68,17606,16407,16407,0,KEMA
2012-08-30,Well_#16,24.0,2517,202.303,19.737,2.2446,133.407,86.22,17851,16640,16640,0,KEMA
2012-08-31,Well_#16,13.42,2523,202.089,19.044,2.17685,131.789,87.983,18088,16862,16862,0,KEMA
2012-09-01,Well_#16,24.0,2519,201.935,16.463,2.98058,131.2,81.895,18313,17074,17074,0,KEMA
2012-09-02,Well_#16,1.56,2552,202.085,18.87,1.73656,134.763,86.541,18543,17291,17291,0,KEMA
2012-09-03,Well_#16,6.36,2625,200.357,6.795,14.51274,141.473,72.002,18735,17475,17475,94,KEMA
2012-09-04,Well_#16,24.0,2521,202.236,17.783,0.75599,133.805,86.257,19003,17736,17736,227,KEMA
2012-09-05,Well_#16,23.0,2520,202.343,21.203,12.65657,134.612,94.239,19200,17927,17927,327,KEMA
2012-09-06,Well_#16,24.0,2521,202.417,23.287,12.78188,135.182,98.541,19495,18233,18233,479,KEMA
2012-09-07,Well_#16,24.0,2538,202.382,22.896,12.57608,137.528,95.533,19685,18424,18424,572,KEMA
2012-09-08,Well_#16,24.0,2535,202.42,23.276,12.54523,137.6,87.467,20029,18746,18746,741,KEMA
2012-09-09,Well_#16,24.0,2530,202.445,23.306,12.5404,137.332,81.403,20262,18967,18967,859,KEMA
2012-09-10,Well_#16,24.0,2525,202.475,23.145,12.53634,136.696,74.104,20506,19197,19197,978,KEMA
2012-09-11,Well_#16,24.0,2526,202.48,23.187,12.2792,136.702,81.955,20750,19427,19427,1100,KEMA
2012-09-12,Well_#16,18.06,2525,202.5,22.972,10.64829,136.459,88.263,20995,19657,19657,1225,KEMA
2012-09-13,Well_#16,18.94,2608,201.57,15.25,10.02346,141.836,79.307,21243,19893,19893,1349,KEMA
2012-09-14,Well_#16,24.0,2519,202.43,22.064,12.62097,135.483,89.71,21488,20126,20126,1469,KEMA
2012-09-15,Well_#16,24.0,2521,202.449,22.807,12.45271,136.165,96.896,21672,20304,20304,1560,KEMA
2012-09-16,Well_#16,21.71,2559,202.191,20.368,11.1343,139.565,89.064,21880,20507,20507,1663,KEMA
2012-09-17,Well_#16,24.0,2521,202.516,22.626,12.33667,136.267,94.603,22120,20738,20738,1779,KEMA
2012-09-18,Well_#16,24.0,2520,202.571,22.53,12.29738,136.219,84.58,22369,20974,20974,1907,KEMA
2012-09-19,Well_#16,24.0,2524,202.615,22.279,12.31462,136.327,89.934,22590,21198,21198,2015,KEMA
2012-09-20,Well_#16,24.0,2525,202.628,22.249,12.0671,136.116,91.937,22841,21436,21436,2140,KEMA
2012-09-21,Well_#16,24.0,2523,202.644,22.621,12.33761,135.705,96.114,23090,21672,21672,2266,KEMA
2012-09-22,Well_#16,24.0,2514,202.322,22.575,12.36388,135.387,87.967,23337,21907,21907,2391,KEMA
2012-09-23,Well_#16,24.0,2523,202.648,22.587,12.33129,135.219,91.294,23584,22142,22142,2512,KEMA
2012-09-24,Well_#16,24.0,2522,202.651,22.657,12.31378,134.976,97.419,23832,22377,22377,2634,KEMA
2012-09-25,Well_#16,24.0,2514,202.679,22.925,12.45178,134.087,97.391,24080,22613,22613,2757,KEMA
2012-09-26,Well_#16,24.0,2513,202.676,22.841,12.50457,133.844,94.448,24330,22850,22850,2882,KEMA
2012-09-27,Well_#16,24.0,2517,202.652,22.634,12.40383,134.005,103.787,24577,23085,23085,3009,KEMA
2012-09-28,Well_#16,24.0,2520,202.639,22.294,12.31059,134.126,97.973,24829,23323,23323,3136,KEMA
2012-09-29,Well_#16,22.48,2517,202.648,22.042,11.74015,133.911,80.751,25080,23560,23560,3259,KEMA
2012-09-30,Well_#16,19.69,2583,201.951,16.833,10.22691,138.879,74.634,25328,23801,23801,3380,KEMA
2012-10-01,Well_#16,24.0,2517,202.583,21.286,12.13349,134.704,85.58,25566,24014,24014,3501,KEMA
2012-10-02,Well_#16,24.0,2524,202.586,21.164,12.11424,134.506,80.481,25784,24208,24208,3611,KEMA
2012-10-03,Well_#16,24.0,2527,202.59,21.417,12.06348,133.864,91.281,25976,24380,24380,3706,KEMA
2012-10-04,Well_#16,24.0,2523,202.619,21.864,12.19977,132.9,103.785,26223,24600,24600,3829,KEMA
2012-10-05,Well_#16,24.0,2520,202.631,21.596,12.34652,132.442,98.975,26467,24818,24818,3951,KEMA
2012-10-06,Well_#16,24.0,2520,202.635,21.513,12.30914,132.326,97.636,26711,25037,25037,4071,KEMA
2012-10-07,Well_#16,24.0,2511,202.67,21.789,12.37073,131.379,98.284,26956,25258,25258,4191,KEMA
2012-10-08,Well_#16,24.0,2514,202.653,21.514,12.34178,131.604,99.507,27195,25473,25473,4311,KEMA
2012-10-09,Well_#16,24.0,2521,202.619,21.359,12.28715,132.066,100.917,27425,25681,25681,4423,KEMA
2012-10-10,Well_#16,24.0,2517,202.633,21.241,12.34124,131.556,93.513,27654,25887,25887,4540,KEMA
2012-10-11,Well_#16,24.0,2520,202.612,20.944,12.34684,131.761,92.444,27882,26092,26092,4653,KEMA
2012-10-12,Well_#16,24.0,2519,202.614,20.714,12.33648,131.442,87.734,28107,26292,26292,4765,KEMA
2012-10-13,Well_#16,24.0,2523,202.593,20.71,12.30764,131.624,96.266,28332,26494,26494,4877,KEMA
2012-10-14,Well_#16,24.0,2523,202.585,20.338,12.32526,131.355,93.75,28590,26727,26727,5009,KEMA
2012-10-15,Well_#16,24.0,2517,202.614,20.578,12.33031,130.454,87.691,28844,26957,26957,5138,KEMA
2012-10-16,Well_#16,24.0,2518,202.605,20.393,12.31691,130.347,87.081,29097,27187,27187,5262,KEMA
2012-10-17,Well_#16,24.0,2522,202.584,19.999,12.28563,130.315,94.348,29359,27416,27416,5389,KEMA
2012-10-18,Well_#16,24.0,2529,202.554,19.626,12.22793,130.551,99.636,29707,27715,27715,5568,KEMA
2012-10-19,Well_#16,24.0,2528,202.561,19.469,11.9658,129.805,95.042,29961,27803,27803,5698,KEMA
2012-10-20,Well_#16,24.0,2526,202.564,19.449,11.95197,129.422,99.603,30193,28010,28010,5817,KEMA
2012-10-21,Well_#16,24.0,2524,202.562,19.561,11.91477,129.016,98.218,30418,28213,28213,5929,KEMA
2012-10-22,Well_#16,24.0,2523,202.537,19.138,12.02191,128.454,98.939,30641,28415,28415,6043,KEMA
2012-10-23,Well_#16,24.0,2461,202.8,22.107,13.13761,123.722,102.86,30867,28618,28618,6153,KEMA
2012-10-24,Well_#16,24.0,2461,202.744,21.099,12.65232,124.946,93.786,31077,28807,28807,6260,KEMA
2012-10-25,Well_#16,24.0,2460,202.709,20.488,12.52351,124.066,89.965,31287,28994,28994,6363,KEMA
2012-10-26,Well_#16,24.0,2459,202.676,20.038,12.68706,123.423,92.35,31520,29199,29199,6480,KEMA
2012-10-27,Well_#16,24.0,2457,202.651,19.621,12.63899,122.881,94.693,31746,29398,29398,6595,KEMA
2012-10-28,Well_#16,24.0,2460,202.612,18.973,12.61365,122.582,98.367,31967,29589,29589,6703,KEMA
2012-10-29,Well_#16,24.0,2460,202.587,18.532,12.55323,122.223,95.667,32190,29784,29784,6812,KEMA
2012-10-30,Well_#16,24.0,2458,202.588,18.848,12.47143,121.56,107.183,32411,29979,29979,6924,KEMA
2012-10-31,Well_#16,24.0,2479,202.495,18.102,12.14123,123.655,104.73,32635,30183,30183,7039,KEMA
2012-11-01,Well_#16,24.0,2521,202.282,15.966,11.37569,127.511,91.319,32860,30387,30387,7149,KEMA
2012-11-02,Well_#16,24.0,2521,202.33,16.109,11.78047,126.448,100.83,33084,30591,30591,7263,KEMA
2012-11-03,Well_#16,24.0,2510,201.494,16.492,11.77514,125.961,97.95,33303,30783,30783,7374,KEMA
2012-11-04,Well_#16,24.0,2518,202.415,17.003,11.85823,125.862,105.372,33498,30963,30963,7472,KEMA
2012-11-05,Well_#16,24.0,2521,202.422,16.936,11.91687,126.26,105.113,33700,31149,31149,7573,KEMA
2012-11-06,Well_#16,24.0,2523,202.437,17.098,11.8981,126.492,103.787,33931,31361,31361,7689,KEMA
2012-11-07,Well_#16,24.0,2522,202.463,17.412,11.93852,126.335,105.234,34165,31577,31577,7807,KEMA
2012-11-08,Well_#16,21.5,2552,202.135,16.076,10.63273,131.567,87.423,34402,31796,31796,7929,KEMA
2012-11-09,Well_#16,24.0,2527,202.418,16.315,11.8355,128.498,84.476,34644,32018,32018,8051,KEMA
2012-11-10,Well_#16,24.0,2537,202.422,17.18,11.81703,128.383,86.664,34887,32243,32243,8175,KEMA
2012-11-11,Well_#16,24.0,2530,202.487,17.855,12.01604,127.064,99.637,35108,32448,32448,8284,KEMA
2012-11-12,Well_#16,24.0,2524,202.545,18.52,12.02974,126.927,102.193,35348,32668,32668,8405,KEMA
2012-11-13,Well_#16,24.0,2522,202.572,18.823,12.03462,127.447,99.134,35585,32887,32887,8522,KEMA
2012-11-14,Well_#16,24.0,2525,202.57,18.692,11.98439,127.884,96.104,35841,33122,33122,8650,KEMA
2012-11-15,Well_#16,24.0,2524,202.583,18.879,11.97574,127.899,101.167,36097,33353,33353,8776,KEMA
2012-11-16,Well_#16,24.0,2523,202.595,18.872,11.96954,127.972,94.624,36355,33586,33586,8903,KEMA
2012-11-17,Well_#16,24.0,2521,202.612,19.02,11.91031,127.54,101.648,36611,33818,33818,9032,KEMA
2012-11-18,Well_#16,24.0,2519,202.614,18.906,11.88757,127.484,107.451,36900,34082,34082,9177,KEMA
2012-11-19,Well_#16,24.0,2522,202.608,18.914,11.92122,128.226,105.717,37156,34318,34318,9309,KEMA
2012-11-20,Well_#16,24.0,2518,202.624,18.935,11.93982,128.03,104.293,37411,34550,34550,9436,KEMA
2012-11-21,Well_#16,24.0,2516,202.632,19.017,11.91779,128.174,104.561,37665,34780,34780,9563,KEMA
2012-11-22,Well_#16,24.0,2513,202.642,19.038,11.65419,127.959,104.094,37905,35000,35000,9684,KEMA
2012-11-23,Well_#16,24.0,2518,202.612,18.849,11.84593,128.52,104.787,38141,35218,35218,9805,KEMA
2012-11-24,Well_#16,24.0,2531,202.545,18.207,11.80505,129.666,106.002,38378,35437,35437,9922,KEMA
2012-11-25,Well_#16,24.0,2541,202.495,17.469,11.70531,130.237,101.794,38610,35650,35650,10041,KEMA
2012-11-26,Well_#16,24.0,2521,202.607,18.452,11.7761,127.891,105.064,38842,35863,35863,10158,KEMA
2012-11-27,Well_#16,24.0,2529,202.554,18.129,11.81178,129.124,106.183,39072,36074,36074,10274,KEMA
2012-11-28,Well_#16,24.0,2520,202.594,18.454,11.82354,128.207,108.265,39297,36283,36283,10387,KEMA
2012-11-29,Well_#16,24.0,2524,202.57,18.362,11.80333,128.723,109.111,39524,36492,36492,10498,KEMA
2012-11-30,Well_#16,24.0,2524,202.555,17.892,11.6454,128.451,108.32,39750,36700,36700,10609,KEMA
2012-12-01,Well_#16,24.0,2522,202.566,18.151,11.39979,128.264,109.973,39974,36904,36904,10723,KEMA
2012-12-02,Well_#16,16.5,2611,201.715,15.053,7.4488,139.118,97.278,40194,37106,37106,10834,KEMA
2012-12-03,Well_#16,23.33,2537,200.765,15.391,11.04438,134.658,96.802,40420,37313,37313,10951,KEMA
2012-12-04,Well_#16,24.0,2520,202.497,16.983,11.60716,131.694,101.738,40651,37527,37527,11067,KEMA
2012-12-05,Well_#16,24.0,2523,202.535,17.373,11.34758,129.483,101.413,40779,37646,37646,11131,KEMA
2012-12-06,Well_#16,24.0,2522,202.557,17.54,11.35999,126.823,100.954,40984,37840,37840,11232,KEMA
2012-12-07,Well_#16,24.0,2520,202.583,17.935,11.71499,125.718,103.294,41210,38051,38051,11343,KEMA
2012-12-08,Well_#16,24.0,2521,202.587,18.114,11.70204,126.06,100.794,41430,38258,38258,11450,KEMA
2012-12-09,Well_#16,24.0,2519,202.6,18.189,11.68182,126.013,100.356,41656,38470,38470,11560,KEMA
2012-12-10,Well_#16,24.0,2521,202.595,18.031,11.72327,126.632,93.375,41883,38682,38682,11674,KEMA
2012-12-11,Well_#16,24.0,2520,202.601,17.987,11.74758,126.292,94.07,42110,38894,38894,11789,KEMA
2012-12-12,Well_#16,24.0,2521,202.601,18.183,11.76327,126.618,99.29,42336,39105,39105,11905,KEMA
2012-12-13,Well_#16,24.0,2524,202.584,17.884,11.73917,126.62,101.839,42562,39315,39315,12016,KEMA
2012-12-14,Well_#16,24.0,2521,202.595,18.032,11.71641,125.836,107.415,42787,39525,39525,12131,KEMA
2012-12-15,Well_#16,24.0,2514,202.631,18.219,11.75683,125.487,107.656,43013,39735,39735,12245,KEMA
2012-12-16,Well_#16,24.0,2515,202.622,18.22,11.726,125.615,107.236,43242,39949,39949,12360,KEMA
2012-12-17,Well_#16,24.0,2519,202.595,18.036,11.66395,125.755,106.894,43472,40163,40163,12473,KEMA
2012-12-18,Well_#16,24.0,2504,202.665,18.612,11.81433,124.246,104.04,43703,40378,40378,12588,KEMA
2012-12-19,Well_#16,24.0,2502,202.666,18.613,11.76101,124.842,101.084,43936,40596,40596,12707,KEMA
2012-12-20,Well_#16,24.0,2502,202.648,18.544,11.74307,124.309,111.55,44169,40811,40811,12824,KEMA
2012-12-21,Well_#16,24.0,2492,202.682,18.573,11.86365,123.234,104.832,44400,41026,41026,12939,KEMA
2012-12-22,Well_#16,24.0,2489,202.677,18.524,11.87307,123.0,104.637,44630,41239,41239,13055,KEMA
2012-12-23,Well_#16,24.0,2486,202.67,18.405,11.85328,122.703,105.452,44856,41449,41449,13170,KEMA
2012-12-24,Well_#16,24.0,2483,202.668,18.544,11.85572,122.158,112.82,45089,41665,41665,13286,KEMA
2012-12-25,Well_#16,24.0,2479,202.672,18.514,11.85625,121.874,104.399,45320,41880,41880,13405,KEMA
2012-12-26,Well_#16,18.59,2479,202.661,18.164,9.65508,121.948,92.569,45552,42094,42094,13521,KEMA
2012-12-27,Well_#16,18.07,2550,201.795,13.144,9.25467,132.883,98.327,45781,42308,42308,13636,KEMA
2012-12-28,Well_#16,24.0,2525,202.383,15.908,11.44436,132.51,102.388,46010,42522,42522,13753,KEMA
2012-12-29,Well_#16,24.0,2523,202.419,15.921,11.42846,129.62,104.94,46166,42672,42672,13832,KEMA
2012-12-30,Well_#16,24.0,2520,202.459,16.427,11.37354,125.687,108.758,46299,42797,42797,13897,KEMA
2012-12-31,Well_#16,24.0,2522,202.47,16.786,11.53466,122.652,108.358,46523,43004,43004,14007,KEMA
2013-01-01,Well_#16,24.0,2519,202.499,17.193,11.52053,122.664,109.92,46745,43212,43212,14115,KEMA
2013-01-02,Well_#16,24.0,2520,202.504,17.164,11.55733,123.344,104.293,46968,43421,43421,14228,KEMA
2013-01-03,Well_#16,24.0,2524,202.493,16.907,11.6052,123.373,108.249,47194,43631,43631,14340,KEMA
2013-01-04,Well_#16,24.0,2519,202.518,17.08,11.62993,123.19,106.56,47417,43840,43840,14449,KEMA
2013-01-05,Well_#16,24.0,2515,202.54,17.174,11.64838,123.513,104.362,47643,44050,44050,14561,KEMA
2013-01-06,Well_#16,24.0,2512,202.552,17.259,11.66723,123.097,106.486,47868,44261,44261,14676,KEMA
2013-01-07,Well_#16,24.0,2519,202.516,17.052,11.56674,124.19,103.007,48092,44470,44470,14790,KEMA
2013-01-08,Well_#16,24.0,2524,202.488,16.707,11.51063,123.866,101.583,48307,44668,44668,14899,KEMA
2013-01-09,Well_#16,24.0,2526,202.481,16.502,11.51049,124.025,100.519,48504,44851,44851,15000,KEMA
2013-01-10,Well_#16,24.0,2524,202.494,16.567,11.51499,123.862,97.889,48699,45033,45033,15095,KEMA
2013-01-11,Well_#16,24.0,2522,202.502,16.741,11.51232,123.693,109.62,48894,45214,45214,15195,KEMA
2013-01-12,Well_#16,24.0,2519,202.513,16.883,11.52624,123.98,99.211,49089,45396,45396,15290,KEMA
2013-01-13,Well_#16,24.0,2521,202.498,16.65,11.27283,123.882,106.239,49286,45579,45579,15387,KEMA
2013-01-14,Well_#16,24.0,2520,202.497,16.713,11.2879,123.616,107.429,49477,45755,45755,15483,KEMA
2013-01-15,Well_#16,24.0,2519,202.5,16.462,11.52987,123.842,95.501,49675,45939,45939,15581,KEMA
2013-01-16,Well_#16,24.0,2525,202.469,16.131,11.33049,124.353,94.141,49863,46113,46113,15673,KEMA
2013-01-17,Well_#16,24.0,2523,202.476,15.918,11.36618,123.688,87.672,50049,46286,46286,15763,KEMA
2013-01-18,Well_#16,24.0,2518,202.499,16.124,11.60185,123.624,92.048,50237,46461,46461,15859,KEMA
2013-01-19,Well_#16,24.0,2513,202.518,16.317,11.64088,123.142,97.248,50421,46633,46633,15950,KEMA
2013-01-20,Well_#16,24.0,2517,202.493,16.276,11.51225,123.83,106.997,50612,46813,46813,16044,KEMA
2013-01-21,Well_#16,24.0,2513,202.506,16.221,11.43267,122.841,106.473,50807,47003,47003,16143,KEMA
2013-01-22,Well_#16,24.0,2511,202.516,16.308,11.43594,122.893,101.111,51001,47197,47197,16238,KEMA
2013-01-23,Well_#16,24.0,2515,202.487,16.073,11.43119,123.033,102.099,51194,47387,47387,16334,KEMA
2013-01-24,Well_#16,24.0,2527,202.415,15.241,11.42564,123.834,100.551,51386,47574,47574,16432,KEMA
2013-01-25,Well_#16,1.33,2540,202.459,15.377,9.94066,116.155,99.796,51576,47752,47752,16529,KEMA
2013-01-26,Well_#16,0.0,3179,197.147,3.343,7.90691,2.789,39.19,51767,47930,47930,16626,KEMA
2013-01-27,Well_#16,0.0,3129,197.969,4.145,8.49572,2.758,46.914,51956,48108,48108,16721,KEMA
2013-01-28,Well_#16,24.0,2529,203.303,26.977,11.97364,136.845,111.529,52184,48340,48340,16833,KEMA
2013-01-29,Well_#16,24.0,2514,203.285,26.69,12.20507,134.096,108.373,52396,48552,48552,16942,KEMA
2013-01-30,Well_#16,24.0,2520,203.198,25.184,11.89289,133.256,106.559,52608,48767,48767,17048,KEMA
2013-01-31,Well_#16,24.0,2515,203.161,24.533,12.13306,131.465,104.029,52812,48975,48975,17150,KEMA
2013-02-01,Well_#16,24.0,2520,203.095,23.983,11.9098,131.11,110.601,53016,49183,49183,17254,KEMA
2013-02-02,Well_#16,24.0,2527,203.015,23.024,11.75816,129.875,110.687,53213,49383,49383,17351,KEMA
2013-02-03,Well_#16,24.0,2519,203.006,22.484,11.73688,128.826,109.297,53415,49587,49587,17454,KEMA
2013-02-04,Well_#16,24.0,2526,202.94,21.926,11.64471,129.319,108.723,53612,49788,49788,17553,KEMA
2013-02-05,Well_#16,24.0,2524,202.907,21.147,11.56665,127.44,109.598,53802,49979,49979,17649,KEMA
2013-02-06,Well_#16,24.0,2523,202.882,20.857,11.50843,128.143,105.352,53999,50158,50158,17746,KEMA
2013-02-07,Well_#16,24.0,2539,202.776,19.333,11.4293,127.978,87.44,54192,50334,50334,17841,KEMA
2013-02-08,Well_#16,24.0,2519,202.846,19.881,11.21559,126.407,86.507,54381,50508,50508,17938,KEMA
2013-02-09,Well_#16,24.0,2516,202.832,19.93,11.24266,125.972,88.371,54573,50686,50686,18033,KEMA
2013-02-10,Well_#16,24.0,2525,202.764,19.227,11.21568,126.164,94.126,54761,50863,50863,18127,KEMA
2013-02-11,Well_#16,24.0,2515,202.791,19.228,11.22596,124.621,103.752,54946,51037,51037,18218,KEMA
2013-02-12,Well_#16,24.0,2520,202.745,18.445,11.22133,125.076,99.496,55143,51221,51221,18318,KEMA
2013-02-13,Well_#16,24.0,2516,202.747,18.587,11.24063,124.079,102.725,55338,51405,51405,18417,KEMA
2013-02-14,Well_#16,24.0,2520,202.714,18.277,11.46883,124.499,104.075,55539,51593,51593,18516,KEMA
2013-02-15,Well_#16,24.0,2522,202.69,17.946,11.47285,123.797,105.422,55736,51778,51778,18613,KEMA
2013-02-16,Well_#16,24.0,2517,202.706,17.818,11.4528,123.688,98.787,55933,51963,51963,18713,KEMA
2013-02-17,Well_#16,24.0,2515,202.702,17.653,11.44337,123.303,97.467,56131,52149,52149,18813,KEMA
2013-02-18,Well_#16,24.0,2514,202.697,17.541,11.42467,123.123,97.293,56329,52337,52337,18912,KEMA
2013-02-19,Well_#16,24.0,2514,202.687,17.531,11.41419,122.779,99.127,56527,52525,52525,19014,KEMA
2013-02-20,Well_#16,1.09,2542,202.669,17.629,3.04923,119.016,105.94,56725,52713,52713,19114,KEMA
2013-02-21,Well_#16,14.74,2712,200.83,7.663,7.25661,151.48,81.709,56921,52900,52900,19213,KEMA
2013-02-22,Well_#16,24.0,2520,202.581,16.017,11.61428,132.029,89.397,57116,53086,53086,19308,KEMA
2013-02-23,Well_#16,24.0,2541,202.588,15.7,11.04487,127.827,86.198,57230,53268,53268,19365,KEMA
2013-02-24,Well_#16,24.0,2518,202.703,17.039,11.57861,121.505,89.892,57420,53461,53461,19459,KEMA
2013-02-25,Well_#16,24.0,2526,202.694,17.294,11.46082,123.051,94.305,57615,53655,53655,19557,KEMA
2013-02-26,Well_#16,24.0,2524,202.706,17.154,11.45266,122.965,79.42,57793,53830,53830,19647,KEMA
2013-02-27,Well_#16,24.0,2519,202.737,17.242,11.49874,122.964,76.292,57985,54013,54013,19744,KEMA
2013-02-28,Well_#16,24.0,2537,202.658,16.701,11.19568,124.388,90.703,58174,54194,54194,19837,KEMA
2013-03-01,Well_#16,24.0,2522,202.727,17.3,11.42344,122.658,91.444,58361,54373,54373,19931,KEMA
2013-03-02,Well_#16,24.0,2520,202.745,17.463,11.37316,122.855,96.63,58550,54550,54550,20027,KEMA
2013-03-03,Well_#16,24.0,2518,202.749,17.659,11.38993,122.802,97.13,58735,54730,54730,20117,KEMA
2013-03-04,Well_#16,24.0,2527,202.697,17.088,11.35188,122.522,99.202,58926,54915,54915,20210,KEMA
2013-03-05,Well_#16,24.0,2516,202.746,17.686,11.37044,122.239,106.05,59119,55101,55101,20306,KEMA
2013-03-06,Well_#16,24.0,2515,202.741,17.501,11.40892,121.77,105.643,59309,55285,55285,20400,KEMA
2013-03-07,Well_#16,24.0,2517,202.724,17.459,11.39177,122.411,105.709,59498,55467,55467,20498,KEMA
2013-03-08,Well_#16,24.0,2523,202.684,16.84,11.37985,122.367,91.294,59687,55649,55649,20592,KEMA
2013-03-09,Well_#16,24.0,2515,202.716,17.013,11.43049,121.861,85.585,59875,55831,55831,20687,KEMA
2013-03-10,Well_#16,24.0,2518,202.7,16.795,11.37276,122.443,86.514,60063,56012,56012,20781,KEMA
2013-03-11,Well_#16,24.0,2524,202.659,16.363,11.33043,122.221,93.089,60250,56193,56193,20874,KEMA
2013-03-12,Well_#16,24.0,2520,202.674,16.414,11.3412,121.722,97.862,60437,56373,56373,20967,KEMA
2013-03-13,Well_#16,24.0,2512,202.708,16.535,11.40946,121.631,90.148,60624,56554,56554,21061,KEMA
2013-03-14,Well_#16,24.0,2517,202.678,16.287,11.34557,122.04,94.112,60812,56736,56736,21153,KEMA
2013-03-15,Well_#16,24.0,2523,202.64,16.01,11.28478,121.846,91.906,60998,56916,56916,21248,KEMA
2013-03-16,Well_#16,23.0,2533,202.594,15.866,10.53683,122.878,93.604,61188,57099,57099,21346,KEMA
2013-03-17,Well_#16,16.76,2538,202.476,14.784,9.50766,121.908,83.749,61377,57281,57281,21439,KEMA
2013-03-18,Well_#16,21.58,2604,201.811,10.736,9.98982,133.791,83.314,61565,57463,57463,21534,KEMA
2013-03-19,Well_#16,24.0,2526,202.612,14.863,11.2078,121.388,86.667,61740,57632,57632,21620,KEMA
2013-03-20,Well_#16,24.0,2521,202.641,15.899,11.29183,120.195,89.029,61857,57746,57746,21678,KEMA
2013-03-21,Well_#16,24.0,2515,202.679,16.095,11.13059,120.941,95.015,62019,57901,57901,21757,KEMA
2013-03-22,Well_#16,24.0,2518,202.663,16.166,11.38249,120.643,85.67,62209,58085,58085,21854,KEMA
2013-03-23,Well_#16,24.0,2517,202.665,16.193,11.12229,120.827,85.519,62400,58269,58269,21951,KEMA
2013-03-24,Well_#16,24.0,2520,202.643,15.922,11.28358,120.753,87.759,62583,58445,58445,22041,KEMA
2013-03-25,Well_#16,24.0,2513,202.667,16.004,11.0535,120.316,87.035,62773,58627,58627,22136,KEMA
2013-03-26,Well_#16,24.0,2517,202.641,15.787,11.01248,120.908,87.241,62963,58811,58811,22232,KEMA
2013-03-27,Well_#16,24.0,2520,202.618,15.506,11.21436,120.406,95.454,63152,58994,58994,22327,KEMA
2013-03-28,Well_#16,24.0,2515,202.635,15.53,11.24995,120.138,96.1,63342,59178,59178,22424,KEMA
2013-03-29,Well_#16,24.0,2520,202.604,15.112,11.27921,120.625,82.85,63537,59367,59367,22524,KEMA
2013-03-30,Well_#16,24.0,2521,202.592,14.78,11.26232,120.416,74.405,63731,59555,59555,22622,KEMA
2013-03-31,Well_#16,24.0,2519,202.599,14.895,11.22288,120.224,85.385,63922,59741,59741,22718,KEMA
2013-04-01,Well_#16,24.0,2516,202.607,15.045,11.22145,120.155,86.925,64114,59927,59927,22811,KEMA
2013-04-02,Well_#16,24.0,2517,202.595,15.031,11.2,120.309,90.653,64309,60116,60116,22910,KEMA
2013-04-03,Well_#16,24.0,2523,202.556,14.574,11.19913,120.245,81.22,64505,60306,60306,23009,KEMA
2013-04-04,Well_#16,24.0,2526,202.535,14.073,11.1836,120.299,70.658,64698,60497,60497,23108,KEMA
2013-04-05,Well_#16,24.0,2526,202.533,14.139,11.14858,120.082,77.708,64883,60685,60685,23202,KEMA
2013-04-06,Well_#16,24.0,2525,202.535,14.007,11.10497,120.132,72.786,65076,60875,60875,23299,KEMA
2013-04-07,Well_#16,24.0,2523,202.541,13.912,11.12086,119.904,70.829,65269,61064,61064,23396,KEMA
2013-04-08,Well_#16,24.0,2516,202.577,14.169,11.12695,119.49,75.054,65459,61250,61250,23491,KEMA
2013-04-09,Well_#16,24.0,2512,202.594,14.348,11.1284,119.337,82.965,65648,61436,61436,23589,KEMA
2013-04-10,Well_#16,24.0,2522,202.532,13.855,11.07114,120.019,77.971,65840,61623,61623,23683,KEMA
2013-04-11,Well_#16,24.0,2528,202.494,13.588,11.05571,119.598,77.249,66029,61808,61808,23775,KEMA
2013-04-12,Well_#16,24.0,2525,202.505,13.685,11.04749,119.298,82.148,66216,61987,61987,23870,KEMA
2013-04-13,Well_#16,24.0,2525,202.503,13.653,11.0311,119.149,84.296,66408,62170,62170,23965,KEMA
2013-04-14,Well_#16,24.0,2523,202.5,13.356,11.04144,118.951,72.542,66594,62349,62349,24061,KEMA
2013-04-15,Well_#16,24.0,2518,201.807,13.48,10.99036,118.816,94.676,66784,62530,62530,24156,KEMA
2013-04-16,Well_#16,24.0,2527,202.457,13.247,10.95605,118.457,96.995,66972,62711,62711,24253,KEMA
2013-04-17,Well_#16,21.38,2529,202.447,13.263,9.71408,118.408,98.022,67159,62891,62891,24348,KEMA
2013-04-18,Well_#16,0.0,3060,198.056,4.936,1.27278,226.386,38.077,67340,63068,63068,24439,KEMA
2013-04-19,Well_#16,0.0,3190,197.159,3.097,1.23177,245.504,26.171,67528,63247,63247,24532,KEMA
2013-04-20,Well_#16,0.0,3244,196.444,2.587,1.20137,252.799,23.709,67679,63386,63386,24609,KEMA
2014-07-22,Well_#17,24.0,2267,159.897,997.163,59.62437,111.379,82.059,1162,1095,1581,747,DEPU
2014-07-23,Well_#17,24.0,2304,158.21,991.585,33.3408,136.696,79.407,1975,1875,2708,1198,DEPU
2014-07-24,Well_#17,17.11,2291,154.659,989.637,24.17843,140.42,78.298,2410,2309,3335,1437,DEPU
2014-07-25,Well_#17,11.98,2286,155.38,965.332,26.43534,139.676,79.475,2794,2698,3897,1622,DEPU
2014-07-26,Well_#17,24.0,2259,156.225,1007.09,33.18196,138.414,79.808,3613,3480,5027,2147,DEPU
2014-07-27,Well_#17,24.0,2283,156.084,1015.43,33.21672,138.616,77.895,4331,4161,6010,2751,DEPU
2014-07-28,Well_#17,24.0,2282,154.991,1024.23,33.22418,139.005,78.98,5037,4830,6977,3348,DEPU
2014-07-29,Well_#17,24.0,2274,159.449,1018.52,32.80304,137.986,78.697,5759,5512,7962,3949,DEPU
2014-07-30,Well_#17,24.0,2281,154.799,1032.76,33.32447,139.449,79.444,6478,6191,8942,4559,DEPU
2014-07-31,Well_#17,24.0,2255,158.543,1019.19,32.56462,138.867,77.533,7197,6868,9920,5166,DEPU
2014-08-01,Well_#17,24.0,2269,154.461,1035.66,33.27409,141.126,78.167,7915,7545,10898,5734,DEPU
2014-08-02,Well_#17,24.0,2254,155.453,1045.28,31.13554,141.326,78.417,8616,8213,11864,6309,DEPU
2014-08-03,Well_#17,24.0,2256,159.553,1049.82,33.294,142.545,76.996,9352,8896,12850,6860,DEPU
2014-08-04,Well_#17,24.0,2283,158.789,1053.58,33.28384,142.596,77.414,10098,9585,13845,7421,DEPU
2014-08-05,Well_#17,24.0,2276,154.903,1058.65,33.25429,142.589,79.291,10828,10262,14823,8058,DEPU
2014-08-06,Well_#17,24.0,2256,154.854,1060.82,33.13726,141.896,80.982,11541,10923,15777,8665,DEPU
2014-08-07,Well_#17,24.0,2262,159.193,1056.89,33.1873,141.203,80.007,12285,11612,16772,9261,DEPU
2014-08-08,Well_#17,24.0,2264,159.792,1053.59,33.17726,141.593,77.67,13029,12306,17776,9822,DEPU
2014-08-09,Well_#17,24.0,2259,153.862,1055.22,33.08713,141.411,79.492,13757,12978,18745,10395,DEPU
2014-08-10,Well_#17,24.0,2257,156.651,1061.72,33.08282,140.949,80.974,14493,13647,19713,10973,DEPU
2014-08-11,Well_#17,24.0,2254,154.496,1055.49,33.07758,141.476,79.261,15230,14319,20683,11500,DEPU
2014-08-12,Well_#17,24.0,2265,155.428,1056.79,33.11314,141.493,78.065,15974,15005,21674,12194,DEPU
2014-08-13,Well_#17,23.38,2284,156.591,1046.98,32.11212,142.34,77.206,16678,15673,22638,12854,DEPU
2014-08-14,Well_#17,24.0,2263,155.616,1055.82,33.77713,138.212,79.124,17432,16383,23664,13550,DEPU
2014-08-15,Well_#17,24.0,2247,157.096,1062.21,33.862,136.764,81.759,18185,17091,24688,14245,DEPU
2014-08-16,Well_#17,24.0,2272,154.883,1061.3,33.95103,136.809,80.521,18944,17801,25713,14933,DEPU
2014-08-17,Well_#17,24.0,2241,156.022,1055.86,32.04327,134.394,81.415,19702,18512,26740,15603,DEPU
2014-08-18,Well_#17,24.0,2248,158.479,1058.73,34.18332,135.686,79.938,20466,19229,27775,16299,DEPU
2014-08-19,Well_#17,24.0,2256,156.497,1055.41,34.25424,135.304,79.987,21208,19923,28778,16995,DEPU
2014-08-20,Well_#17,24.0,2250,154.216,1046.41,34.36061,135.264,77.695,21948,20619,29783,17693,DEPU
2014-08-21,Well_#17,24.0,2241,157.671,1051.69,33.65804,134.568,80.67,22687,21314,30787,18391,DEPU
2014-08-22,Well_#17,24.0,2256,158.603,1045.52,34.58774,133.711,80.398,23444,22020,31807,19095,DEPU
2014-08-23,Well_#17,24.0,2256,156.291,1040.03,34.80917,132.521,80.782,24202,22718,32815,19801,DEPU
2014-08-24,Well_#17,24.0,2243,156.207,1046.16,34.94795,132.02,81.266,24962,23418,33825,20510,DEPU
2014-08-25,Well_#17,24.0,2269,157.875,1046.23,35.10895,131.063,81.662,25725,24120,34840,21244,DEPU
2014-08-26,Well_#17,24.0,2254,156.479,1040.87,35.23351,130.367,81.259,26481,24825,35858,21956,DEPU
2014-08-27,Well_#17,24.0,2253,157.625,1046.55,35.46763,129.239,82.12,27248,25534,36883,22672,DEPU
2014-08-28,Well_#17,24.0,2248,156.417,1040.5,35.57401,128.769,81.412,28012,26234,37893,23392,DEPU
2014-08-29,Well_#17,24.0,2238,156.743,1033.49,35.65656,127.96,80.662,28786,26940,38913,24124,DEPU
2014-08-30,Well_#17,24.0,2257,154.872,1027.26,35.71326,126.324,80.654,29572,27650,39940,24841,DEPU
2014-08-31,Well_#17,24.0,2268,158.114,1039.91,35.52315,125.064,82.989,30361,28363,40968,25553,DEPU
2014-09-01,Well_#17,24.0,2260,157.784,1012.67,34.87172,126.77,81.821,31142,29072,41993,26257,DEPU
2014-09-02,Well_#17,24.0,2264,156.436,999.399,34.88242,125.824,81.493,31946,29799,43044,27020,DEPU
2014-09-03,Well_#17,24.0,2224,158.183,994.883,34.87572,124.497,82.124,32760,30534,44105,27736,DEPU
2014-09-04,Well_#17,8.13,2252,157.927,987.075,11.63463,129.924,78.536,32860,30629,44241,27829,DEPU
2014-09-05,Well_#17,9.0,2228,153.711,766.397,13.30564,128.422,76.351,32909,30674,44308,27875,DEPU
2014-09-06,Well_#17,24.0,2246,156.212,913.183,35.3463,129.448,80.059,33723,31417,45380,28607,DEPU
2014-09-07,Well_#17,24.0,2242,154.706,977.293,35.00244,128.9,82.539,34545,32151,46440,29320,DEPU
2014-09-08,Well_#17,24.0,2253,158.41,973.446,34.93759,127.779,80.596,35329,32803,47382,30027,DEPU
2014-09-09,Well_#17,24.0,2223,154.215,987.96,33.42341,125.54,82.709,36071,33465,48338,30691,DEPU
2014-09-10,Well_#17,24.0,2234,158.215,984.551,34.18371,124.709,82.348,36848,34162,49344,31403,DEPU
2014-09-11,Well_#17,24.0,2250,154.821,985.832,35.00606,123.417,82.099,37640,34859,50353,32109,DEPU
2014-09-12,Well_#17,24.0,2219,154.438,981.882,35.06375,122.361,82.132,38402,35553,51354,32809,DEPU
2014-09-13,Well_#17,24.0,2217,154.237,985.405,35.21113,121.314,82.399,39184,36260,52375,33510,DEPU
2014-09-14,Well_#17,24.0,2248,159.201,999.118,35.24768,120.742,82.859,39962,36953,53376,34208,DEPU
2014-09-15,Well_#17,24.0,2228,157.127,996.789,35.34144,120.791,82.484,40740,37656,54391,34906,DEPU
2014-09-16,Well_#17,24.0,2241,158.377,989.95,35.31801,120.596,82.345,41516,38358,55406,35599,DEPU
2014-09-17,Well_#17,24.0,2247,155.013,990.224,35.34629,120.466,81.963,42294,39060,56420,36301,DEPU
2014-09-18,Well_#17,24.0,2237,153.853,985.395,35.14337,120.338,82.401,43065,39755,57425,36951,DEPU
2014-09-19,Well_#17,24.0,2231,156.303,984.628,35.12442,119.907,82.055,43841,40454,58433,37602,DEPU
2014-09-20,Well_#17,24.0,2213,156.292,979.118,35.09952,119.689,80.158,44616,41151,59441,38251,DEPU
2014-09-21,Well_#17,24.0,2222,153.901,977.967,35.10816,119.045,80.537,45384,41849,60448,38903,DEPU
2014-09-22,Well_#17,24.0,2203,159.837,973.032,35.12518,118.514,80.827,46157,42545,61454,39552,DEPU
2014-09-23,Well_#17,24.0,2210,158.529,970.033,35.15483,118.279,79.567,46933,43250,62473,40201,DEPU
2014-09-24,Well_#17,24.0,2230,159.19,972.512,35.16748,117.792,81.392,47710,43974,63517,40860,DEPU
2014-09-25,Well_#17,24.0,2205,154.645,974.819,35.3171,118.396,80.483,48494,44704,64572,41544,DEPU
2014-09-26,Well_#17,24.0,2240,155.385,982.502,34.55391,118.47,82.615,49280,45426,65616,42238,DEPU
2014-09-27,Well_#17,24.0,2227,154.665,982.57,35.30399,119.114,82.831,50074,46158,66673,42948,DEPU
2014-09-28,Well_#17,24.0,2206,157.94,989.457,34.60419,119.734,83.198,50879,46901,67746,43665,DEPU
2014-09-29,Well_#17,24.0,2213,155.765,985.355,34.58859,120.545,83.144,51677,47639,68812,44395,DEPU
2014-09-30,Well_#17,24.0,2227,154.35,987.438,34.54583,121.93,83.149,52484,48363,69857,45132,DEPU
2014-10-01,Well_#17,24.0,2234,157.381,990.103,35.28526,122.39,83.382,53295,49093,70912,45869,DEPU
2014-10-02,Well_#17,24.0,2194,154.97,983.698,35.28167,122.468,83.35,54113,49841,71992,46569,DEPU
2014-10-03,Well_#17,24.0,2195,154.356,980.427,35.27701,122.284,83.459,54934,50586,73069,47285,DEPU
2014-10-04,Well_#17,24.0,2199,159.068,975.749,35.25572,121.965,83.334,55625,51206,73965,47953,DEPU
2014-10-05,Well_#17,24.0,2196,155.926,977.052,35.26414,121.969,82.994,56314,51825,74859,48620,DEPU
2014-10-06,Well_#17,24.0,2216,157.503,971.879,35.25118,121.285,82.725,56998,52440,75746,49295,DEPU
2014-10-07,Well_#17,24.0,2191,159.337,970.784,35.29905,120.488,82.9,57683,53054,76634,49959,DEPU
2014-10-08,Well_#17,24.0,2187,156.466,970.337,35.30202,120.831,82.473,58373,53672,77526,50626,DEPU
2014-10-09,Well_#17,24.0,2201,154.498,967.262,35.09835,121.637,81.804,59057,54283,78409,51283,DEPU
2014-10-10,Well_#17,24.0,2215,159.049,969.977,35.10262,121.124,82.09,59744,54895,79292,52105,DEPU
2014-10-11,Well_#17,24.0,2198,159.474,967.277,35.13215,120.136,82.587,60436,55510,80181,52917,DEPU
2014-10-12,Well_#17,24.0,2214,156.447,963.977,35.14189,119.628,82.751,61128,56123,81067,53729,DEPU
2014-10-13,Well_#17,24.0,2210,158.834,965.109,35.13607,119.201,82.753,61816,56732,81946,54538,DEPU
2014-10-14,Well_#17,24.0,2220,158.337,961.986,35.11678,119.328,80.948,62497,57341,82825,55344,DEPU
2014-10-15,Well_#17,24.0,2185,156.19,959.164,35.12978,119.04,80.339,63166,57944,83697,56156,DEPU
2014-10-16,Well_#17,24.0,2196,155.409,959.185,35.12521,118.545,80.738,63835,58552,84575,56966,DEPU
2014-10-17,Well_#17,24.0,2179,154.712,958.167,35.08145,118.41,80.497,64492,59148,85436,57775,DEPU
2014-10-18,Well_#17,24.0,2177,159.659,955.313,35.08396,117.275,82.063,65153,59743,86295,58581,DEPU
2014-10-19,Well_#17,24.0,2205,156.672,959.85,35.09396,117.067,82.12,65806,60348,87169,59386,DEPU
2014-10-20,Well_#17,24.0,2178,156.939,956.686,35.12829,116.829,81.32,66464,60942,88027,60195,DEPU
2014-10-21,Well_#17,24.0,2212,157.953,960.24,35.21607,116.39,82.11,67124,61540,88891,61003,DEPU
2014-10-22,Well_#17,24.0,2177,155.465,953.74,35.24302,116.59,79.953,67787,62139,89756,61809,DEPU
2014-10-23,Well_#17,24.0,2202,157.811,952.546,35.26651,116.614,79.469,68450,62738,90621,62614,DEPU
2014-10-24,Well_#17,24.0,2198,158.078,949.323,35.18825,115.971,82.124,69107,63330,91476,63412,DEPU
2014-10-25,Well_#17,24.0,2190,159.924,951.193,35.18516,115.458,82.422,69784,63939,92356,64200,DEPU
2014-10-26,Well_#17,24.0,2210,155.153,953.411,35.17794,115.42,81.96,70461,64547,93235,64985,DEPU
2014-10-27,Well_#17,24.0,2207,159.924,950.74,35.18448,114.962,81.875,71144,65159,94119,65768,DEPU
2014-10-28,Well_#17,24.0,2197,155.811,950.1,35.18698,114.781,82.123,71827,65772,95005,66551,DEPU
2014-10-29,Well_#17,24.0,2198,154.926,949.301,35.19035,114.837,81.614,72506,66387,95892,67333,DEPU
2014-10-30,Well_#17,24.0,2173,156.507,952.506,35.26308,114.467,81.622,73192,67002,96781,68114,DEPU
2014-10-31,Well_#17,24.0,2195,157.25,956.159,35.28388,113.819,82.945,73878,67617,97669,68894,DEPU
2014-11-01,Well_#17,24.0,2195,159.223,951.374,35.27889,114.414,81.355,74556,68233,98558,69684,DEPU
2014-11-02,Well_#17,24.0,2166,159.517,948.476,35.24936,113.9,81.904,75227,68840,99436,70549,DEPU
2014-11-03,Well_#17,24.0,2197,158.269,949.539,35.25155,113.488,82.583,75863,69439,100301,71335,DEPU
2014-11-04,Well_#17,24.0,2180,155.723,945.728,35.27443,114.167,81.774,76546,70062,101200,72221,DEPU
2014-11-05,Well_#17,24.0,2175,155.448,946.924,35.28594,113.715,82.815,77191,70651,102051,73046,DEPU
2014-11-06,Well_#17,24.0,2178,156.04,946.685,35.29511,113.62,82.976,77858,71259,102930,73862,DEPU
2014-11-07,Well_#17,24.0,2160,156.293,946.099,34.52245,113.931,82.169,78515,71856,103792,74679,DEPU
2014-11-08,Well_#17,24.0,2178,153.793,944.059,34.52679,113.571,82.111,79186,72470,104679,75585,DEPU
2014-11-09,Well_#17,24.0,2181,157.172,943.289,35.19461,114.519,81.084,79863,73088,105572,76435,DEPU
2014-11-10,Well_#17,24.0,2166,156.135,944.63,35.10432,114.07,82.677,80534,73703,106460,77315,DEPU
2014-11-11,Well_#17,24.0,2166,154.597,943.484,34.35874,114.016,82.221,81207,74321,107353,78118,DEPU
2014-11-12,Well_#17,24.0,2159,157.334,943.053,37.9788,106.557,81.955,81923,74983,108309,79036,DEPU
2014-11-13,Well_#17,24.0,2167,159.031,955.117,41.18351,96.891,82.403,82683,75688,109328,80010,DEPU
2014-11-14,Well_#17,24.0,2189,157.988,961.443,41.17428,95.443,84.836,83439,76385,110334,80969,DEPU
2014-11-15,Well_#17,24.0,2174,158.47,968.821,42.16542,93.395,85.005,84209,77092,111355,81913,DEPU
2014-11-16,Well_#17,24.0,2162,156.066,967.296,44.20573,89.295,84.408,85008,77814,112398,82854,DEPU
2014-11-17,Well_#17,24.0,2166,157.19,963.014,44.17502,89.481,82.49,85805,78535,113439,83794,DEPU
2014-11-18,Well_#17,13.32,2181,154.538,864.988,23.98259,103.452,80.188,86104,78812,113840,84210,DEPU
2014-11-19,Well_#17,24.0,2162,157.894,956.875,42.24622,93.003,85.43,86881,79514,114853,85135,DEPU
2014-11-20,Well_#17,24.0,2184,159.394,972.524,46.12904,85.863,86.441,87707,80259,115930,86096,DEPU
2014-11-21,Well_#17,24.0,2144,155.971,977.223,67.51571,78.141,86.859,88594,81058,117084,87198,DEPU
2014-11-22,Well_#17,24.0,2172,154.969,982.848,100.0,74.499,86.897,89492,81869,118256,88422,DEPU
2014-11-23,Well_#17,24.0,2177,157.206,981.92,100.0,74.205,86.582,90393,82686,119435,89550,DEPU
2014-11-24,Well_#17,24.0,2147,158.93,770.641,100.0,73.57,87.652,91285,83484,120588,90669,DEPU
2014-11-25,Well_#17,24.0,2154,158.571,744.829,100.0,73.65,87.437,92163,84276,121733,91845,DEPU
2014-11-26,Well_#17,24.0,2178,154.041,746.372,100.0,73.761,87.276,93044,85069,122878,92991,DEPU
2014-11-27,Well_#17,24.0,2178,157.553,749.694,100.0,73.912,87.345,93919,85855,124013,94154,DEPU
2014-11-28,Well_#17,24.0,2157,153.725,741.946,100.0,74.017,86.591,94790,86647,125156,95323,DEPU
2014-11-29,Well_#17,24.0,2157,156.717,734.934,100.0,74.581,86.852,95663,87434,126294,96470,DEPU
2014-11-30,Well_#17,24.0,2171,155.864,735.729,100.0,74.956,87.089,96523,88227,127439,97587,DEPU
2014-12-01,Well_#17,24.0,2147,159.299,742.259,100.0,73.829,87.49,97409,89041,128615,98739,DEPU
2014-12-02,Well_#17,24.0,2172,159.61,738.241,100.0,74.394,86.659,98290,89855,129791,99916,DEPU
2014-12-03,Well_#17,24.0,2133,157.7,738.413,100.0,74.022,87.264,99190,90682,130985,101109,DEPU
2014-12-04,Well_#17,24.0,2140,158.366,737.439,100.0,74.007,87.416,100081,91500,132167,102317,DEPU
2014-12-05,Well_#17,24.0,2139,155.133,742.33,100.0,74.037,87.818,100977,92319,133349,103538,DEPU
2014-12-06,Well_#17,24.0,2147,155.071,752.659,100.0,73.996,88.299,101872,93136,134530,104785,DEPU
2014-12-07,Well_#17,24.0,2142,159.029,746.196,100.0,74.675,87.503,102749,93933,135682,106027,DEPU
2014-12-08,Well_#17,24.0,2136,156.678,753.417,100.0,74.61,88.292,103640,94741,136848,107287,DEPU
2014-12-09,Well_#17,24.0,2167,159.57,753.207,100.0,74.702,87.936,104584,95597,138085,108579,DEPU
2014-12-10,Well_#17,24.0,2151,157.258,756.465,100.0,75.087,88.307,105527,96439,139301,109818,DEPU
2014-12-11,Well_#17,24.0,2163,157.151,754.656,100.0,74.655,88.177,106482,97284,140521,111021,DEPU
2014-12-12,Well_#17,24.0,2162,153.967,749.464,100.0,75.213,87.516,107365,98095,141693,112302,DEPU
2014-12-13,Well_#17,24.0,2150,158.142,747.447,100.0,75.002,87.289,108331,98980,142972,113565,DEPU
2014-12-14,Well_#17,24.0,2132,155.587,749.104,100.0,74.328,88.127,109295,99862,144244,114828,DEPU
2014-12-15,Well_#17,24.0,2153,156.498,747.834,100.0,74.518,87.468,110246,100728,145497,116073,DEPU
2014-12-16,Well_#17,24.0,2146,158.259,748.55,100.0,74.525,87.461,111192,101593,146746,117280,DEPU
2014-12-17,Well_#17,24.0,2136,156.372,745.201,100.0,73.842,88.138,112131,102451,147985,118487,DEPU
2014-12-18,Well_#17,24.0,2127,159.79,743.452,100.0,74.425,87.296,113067,103302,149214,119726,DEPU
2014-12-19,Well_#17,24.0,2141,159.658,736.995,100.0,73.942,87.502,113993,104149,150437,120881,DEPU
2014-12-20,Well_#17,24.0,2121,159.357,732.565,100.0,73.959,87.096,114914,104988,151650,121994,DEPU
2014-12-21,Well_#17,24.0,2103,155.582,743.037,97.91667,73.772,87.641,115830,105821,152853,123125,DEPU
2014-12-22,Well_#17,24.0,2118,153.813,740.212,97.91667,74.318,87.048,116731,106651,154052,124241,DEPU
2014-12-23,Well_#17,24.0,2103,159.228,740.489,100.0,74.136,87.202,117629,107471,155235,125337,DEPU
2014-12-24,Well_#17,24.0,2134,156.825,748.801,100.0,73.669,87.922,118456,108227,156329,126472,DEPU
2014-12-25,Well_#17,24.0,2126,155.906,743.716,100.0,73.652,87.977,119271,108973,157406,127594,DEPU
2014-12-26,Well_#17,24.0,2111,155.23,742.148,100.0,73.408,87.838,120077,109712,158473,128694,DEPU
2014-12-27,Well_#17,24.0,2113,157.5,746.273,100.0,73.332,87.903,120874,110443,159529,129790,DEPU
2014-12-28,Well_#17,24.0,2097,159.905,736.691,100.0,73.878,86.103,121666,111171,160580,130885,DEPU
2014-12-29,Well_#17,24.0,2103,154.089,731.685,100.0,74.223,84.28,122459,111906,161642,132054,DEPU
2014-12-30,Well_#17,24.0,2111,157.253,739.106,100.0,73.624,86.513,123242,112635,162695,133236,DEPU
2014-12-31,Well_#17,24.0,2109,155.06,742.317,100.0,73.215,88.513,124019,113357,163738,134409,DEPU
2015-01-01,Well_#17,24.0,2103,157.772,733.499,100.0,73.917,85.946,124805,114089,164795,135589,DEPU
2015-01-02,Well_#17,24.0,2116,157.94,738.052,100.0,73.307,87.99,125599,114839,165878,136770,DEPU
2015-01-03,Well_#17,24.0,2111,156.219,732.985,100.0,74.015,86.452,126395,115585,166956,137949,DEPU
2015-01-04,Well_#17,24.0,2114,153.941,731.797,100.0,73.507,87.137,127184,116323,168022,139134,DEPU
2015-01-05,Well_#17,24.0,2075,154.426,732.839,100.0,73.215,87.872,127966,117054,169078,140314,DEPU
2015-01-06,Well_#17,24.0,2071,155.84,731.224,100.0,73.249,87.622,128740,117776,170120,141490,DEPU
2015-01-07,Well_#17,24.0,2073,153.984,735.096,100.0,73.14,87.753,129509,118493,171156,142667,DEPU
2015-01-08,Well_#17,24.0,2104,153.696,728.026,100.0,73.002,88.81,130266,119203,172182,143831,DEPU
2015-01-09,Well_#17,24.0,2095,158.656,719.065,100.0,73.062,88.781,131039,119926,173226,145155,DEPU
2015-01-10,Well_#17,24.0,2080,157.546,715.207,100.0,73.259,88.587,131798,120633,174247,146328,DEPU
2015-01-11,Well_#17,24.0,2088,157.36,718.599,100.0,73.297,88.91,132544,121326,175248,147501,DEPU
2015-01-12,Well_#17,24.0,2071,156.288,715.416,100.0,73.783,87.96,133287,122015,176244,148673,DEPU
2015-01-13,Well_#17,24.0,2075,155.407,718.127,100.0,73.211,88.552,134032,122703,177237,149846,DEPU
2015-01-14,Well_#17,24.0,2072,154.73,710.515,100.0,73.71,87.356,134770,123391,178231,151019,DEPU
2015-01-15,Well_#17,24.0,2086,154.348,710.132,100.0,73.537,88.385,135512,124084,179233,152192,DEPU
2015-01-16,Well_#17,24.0,2054,153.916,709.873,100.0,73.867,88.284,136258,124766,180217,153361,DEPU
2015-01-17,Well_#17,24.0,2072,157.366,710.786,100.0,73.404,88.691,136993,125444,181197,154536,DEPU
2015-01-18,Well_#17,24.0,2076,154.292,715.762,100.0,72.8,89.524,137722,126135,182194,155710,DEPU
2015-01-19,Well_#17,24.0,2049,158.416,713.256,100.0,73.39,88.715,138438,126824,183191,156885,DEPU
2015-01-20,Well_#17,24.0,2050,159.452,708.805,100.0,73.805,87.943,139162,127512,184184,158059,DEPU
2015-01-21,Well_#17,24.0,2068,155.203,711.454,100.0,73.552,88.796,139882,128198,185174,159233,DEPU
2015-01-22,Well_#17,24.0,2038,159.64,708.268,100.0,73.195,88.399,140592,128882,186162,160349,DEPU
2015-01-23,Well_#17,24.0,2054,153.723,713.798,100.0,73.134,89.059,141311,129564,187148,161509,DEPU
2015-01-24,Well_#17,24.0,2059,157.295,714.258,100.0,73.307,89.191,142024,130247,188134,162666,DEPU
2015-01-25,Well_#17,24.0,2054,159.671,707.259,100.0,73.595,88.082,142741,130930,189121,163824,DEPU
2015-01-26,Well_#17,24.0,2067,157.147,705.816,100.0,73.424,87.974,143458,131607,190099,164983,DEPU
2015-01-27,Well_#17,24.0,2051,156.887,714.003,100.0,72.799,89.542,144174,132275,191065,166119,DEPU
2015-01-28,Well_#17,24.0,2067,157.107,708.46,100.0,72.916,89.326,144883,132942,192027,167254,DEPU
2015-01-29,Well_#17,24.0,2028,153.741,702.865,100.0,73.718,87.083,145597,133609,192991,168350,DEPU
2015-01-30,Well_#17,24.0,2044,156.484,703.659,97.91667,73.633,87.623,146321,134285,193968,169570,DEPU
2015-01-31,Well_#17,24.0,2033,157.903,704.733,100.0,73.318,88.581,147044,134959,194941,170749,DEPU
2015-02-01,Well_#17,24.0,2039,153.902,704.09,100.0,73.567,88.279,147762,135630,195910,171898,DEPU
2015-02-02,Well_#17,24.0,2034,155.314,706.623,100.0,73.512,88.453,148479,136296,196872,173032,DEPU
2015-02-03,Well_#17,24.0,2053,156.816,705.015,100.0,73.666,87.844,149182,136944,197808,174190,DEPU
2015-02-04,Well_#17,24.0,2045,156.437,702.896,100.0,73.579,87.28,149884,137596,198750,175336,DEPU
2015-02-05,Well_#17,24.0,2040,158.298,704.725,100.0,73.304,88.442,150585,138245,199688,176476,DEPU
2015-02-06,Well_#17,13.61,2041,159.38,17.585,56.38641,74.026,87.662,151056,138690,200330,177333,DEPU
2015-02-07,Well_#17,23.08,2034,156.467,131.194,89.85743,76.291,83.667,151785,139473,201461,179104,DEPU
2015-02-08,Well_#17,24.0,2033,157.619,447.421,100.0,72.99,89.308,152471,140158,202451,180293,DEPU
2015-02-09,Well_#17,24.0,2034,156.419,451.598,100.0,73.633,88.656,153119,140776,203342,181370,DEPU
2015-02-10,Well_#17,24.0,2028,153.939,455.647,100.0,75.903,88.621,153749,141394,204235,182446,DEPU
2015-02-11,Well_#17,24.0,2027,155.774,459.111,100.0,74.5,88.925,154356,141978,205080,183546,DEPU
2015-02-12,Well_#17,24.0,2017,154.955,456.468,100.0,73.308,88.097,154988,142572,205937,184688,DEPU
2015-02-13,Well_#17,24.0,2017,159.504,458.126,100.0,73.053,88.597,155600,143142,206760,185714,DEPU
2015-02-14,Well_#17,24.0,2030,156.519,460.383,100.0,72.874,88.96,156209,143708,207578,186776,DEPU
2015-02-15,Well_#17,24.0,2006,159.845,460.602,100.0,72.767,89.162,156813,144270,208390,187841,DEPU
2015-02-16,Well_#17,24.0,2016,156.037,465.202,100.0,72.849,89.363,157419,144832,209202,188895,DEPU
2015-02-17,Well_#17,24.0,1987,156.098,461.823,100.0,73.269,89.055,158024,145394,210013,189959,DEPU
2015-02-18,Well_#17,24.0,2007,156.749,456.438,100.0,73.588,87.98,158632,145961,210833,191010,DEPU
2015-02-19,Well_#17,24.0,1985,157.365,452.868,100.0,73.71,87.21,159249,146529,211653,192040,DEPU
2015-02-20,Well_#17,24.0,1999,157.998,453.351,100.0,73.445,88.251,159862,147092,212466,193058,DEPU
2015-02-21,Well_#17,24.0,2000,159.438,449.185,100.0,73.433,87.899,160459,147648,213270,194060,DEPU
2015-02-22,Well_#17,24.0,1987,155.196,450.093,100.0,73.484,88.513,161079,148218,214093,195047,DEPU
2015-02-23,Well_#17,24.0,1983,158.096,449.715,100.0,73.308,88.929,161705,148792,214922,196019,DEPU
2015-02-24,Well_#17,24.0,1973,155.32,445.709,100.0,72.906,89.018,162327,149365,215749,196987,DEPU
2015-02-25,Well_#17,24.0,1984,153.9,443.81,100.0,72.822,89.127,162974,149953,216598,197880,DEPU
2015-02-26,Well_#17,24.0,1983,158.912,443.212,100.0,72.932,89.218,163604,150523,217422,198746,DEPU
2015-02-27,Well_#17,24.0,1984,154.303,445.633,100.0,73.157,89.335,164207,151086,218235,199558,DEPU
2015-02-28,Well_#17,24.0,1988,157.462,442.142,100.0,73.34,88.95,164848,151685,219100,200391,DEPU
2015-03-01,Well_#17,23.32,1974,155.236,412.932,68.64707,87.135,83.292,165377,152198,219842,201078,DEPU
2015-03-02,Well_#17,24.0,1978,154.903,441.427,99.99819,73.941,88.87,166022,152802,220714,201957,DEPU
2015-03-03,Well_#17,24.0,1992,155.244,438.356,100.0,74.669,87.509,166668,153406,221586,202841,DEPU
2015-03-04,Well_#17,24.0,1968,159.846,435.469,100.0,74.259,88.001,167309,154014,222465,203718,DEPU
2015-03-05,Well_#17,24.0,1978,154.43,439.328,100.0,73.741,88.823,167954,154618,223337,204583,DEPU
2015-03-06,Well_#17,24.0,1960,156.146,441.26,100.0,74.024,88.82,168591,155223,224212,205438,DEPU
2015-03-07,Well_#17,24.0,1979,154.666,436.179,100.0,74.756,87.775,169227,155824,225079,206282,DEPU
2015-03-08,Well_#17,24.0,1975,154.125,433.153,97.91667,74.626,86.847,169862,156424,225946,207080,DEPU
2015-03-09,Well_#17,24.0,1971,158.18,436.215,97.91667,73.921,87.808,170451,156980,226748,207853,DEPU
2015-03-10,Well_#17,24.0,1951,154.475,437.112,100.0,71.526,88.537,171051,157546,227566,208645,DEPU
2015-03-11,Well_#17,24.0,1964,159.341,439.751,100.0,66.415,89.496,171676,158135,228417,209453,DEPU
2015-03-12,Well_#17,24.0,1967,159.75,440.608,100.0,66.517,89.412,172297,158722,229265,210277,DEPU
2015-03-13,Well_#17,24.0,1940,158.74,443.736,97.91667,66.157,90.043,172915,159302,230104,211084,DEPU
2015-03-14,Well_#17,24.0,1939,158.431,438.762,100.0,66.912,88.694,173530,159885,230945,211889,DEPU
2015-03-15,Well_#17,24.0,1971,154.685,431.549,100.0,67.374,86.382,174144,160466,231784,212687,DEPU
2015-03-16,Well_#17,24.0,1970,159.135,429.273,100.0,67.466,85.908,174760,161046,232622,213473,DEPU
2015-03-17,Well_#17,24.0,1936,154.52,432.008,100.0,66.624,87.534,175367,161623,233456,214252,DEPU
2015-03-18,Well_#17,24.0,1930,156.498,442.16,100.0,65.778,89.595,175987,162204,234295,215036,DEPU
2015-03-19,Well_#17,24.0,1965,155.956,439.469,100.0,66.441,89.356,176606,162786,235135,215818,DEPU
2015-03-20,Well_#17,24.0,1932,155.911,434.488,100.0,67.115,88.507,177228,163370,235979,216594,DEPU
2015-03-21,Well_#17,24.0,1938,158.229,434.212,100.0,67.245,88.213,177843,163952,236820,217364,DEPU
2015-03-22,Well_#17,23.17,1925,157.205,433.696,90.67177,70.16,87.662,178384,164469,237567,218108,DEPU
2015-03-23,Well_#17,24.0,1939,157.599,438.931,100.0,68.528,88.377,178989,165033,238382,218876,DEPU
2015-03-24,Well_#17,24.0,1925,156.518,435.293,100.0,71.127,87.893,179591,165605,239207,219627,DEPU
2015-03-25,Well_#17,24.0,1925,156.804,439.982,100.0,66.186,89.565,180212,166187,240047,220411,DEPU
2015-03-26,Well_#17,24.0,1921,159.29,436.275,100.0,66.048,89.831,180827,166760,240875,221170,DEPU
2015-03-27,Well_#17,24.0,1932,159.36,436.732,100.0,65.748,89.941,181446,167331,241701,221920,DEPU
2015-03-28,Well_#17,24.0,1931,159.489,435.794,100.0,66.316,89.682,182046,167891,242509,222652,DEPU
2015-03-29,Well_#17,24.0,1946,154.848,432.291,100.0,66.762,89.196,182648,168451,243318,223357,DEPU
2015-03-30,Well_#17,24.0,1934,155.52,428.456,100.0,67.045,87.77,183247,169009,244123,224072,DEPU
2015-03-31,Well_#17,24.0,1927,158.439,538.683,100.0,66.875,87.339,183847,169565,244928,224747,DEPU
2015-04-01,Well_#17,24.0,1919,153.911,726.133,100.0,66.618,88.004,184440,170119,245728,225436,DEPU
2015-04-02,Well_#17,24.0,1920,158.317,722.325,99.94536,67.343,87.753,185026,170671,246525,226170,DEPU
2015-04-03,Well_#17,24.0,1908,158.993,722.315,100.0,66.865,88.085,185648,171247,247357,226903,DEPU
2015-04-04,Well_#17,24.0,1915,153.765,724.183,100.0,66.816,88.032,186192,171801,248157,227624,DEPU
2015-04-05,Well_#17,24.0,1895,156.212,727.705,100.0,66.821,88.776,186737,172354,248956,228348,DEPU
2015-04-06,Well_#17,24.0,1896,159.693,725.284,100.0,67.859,87.547,187329,172945,249809,229106,DEPU
2015-04-07,Well_#17,19.5,1922,158.955,710.594,77.57303,73.992,85.118,187833,173427,250505,229767,DEPU
2015-04-08,Well_#17,24.0,1923,158.255,708.733,89.98931,74.762,87.144,188416,173994,251324,230504,DEPU
2015-04-09,Well_#17,24.0,1916,157.422,729.952,99.99895,67.876,88.674,189039,174658,252284,231323,DEPU
2015-04-10,Well_#17,24.0,1899,154.418,735.185,100.0,67.835,88.977,189669,175319,253239,232104,DEPU
2015-04-11,Well_#17,23.5,1891,157.825,731.816,94.02166,70.69,87.953,190271,175948,254147,232751,DEPU
2015-04-12,Well_#17,24.0,1916,154.254,735.598,99.99372,69.327,88.483,190876,176530,254988,233402,DEPU
2015-04-13,Well_#17,24.0,1885,157.45,734.339,100.0,69.823,89.082,191503,177121,255841,234053,DEPU
2015-04-14,Well_#17,24.0,1905,154.759,724.55,100.0,70.566,88.59,192138,177713,256696,234716,DEPU
2015-04-15,Well_#17,24.0,1897,157.895,718.743,100.0,68.829,88.713,192725,178269,257500,235383,DEPU
2015-04-16,Well_#17,24.0,1880,159.854,716.352,100.0,68.273,88.563,193303,178820,258296,236044,DEPU
2015-04-17,Well_#17,24.0,1883,155.802,710.226,100.0,68.599,87.515,193866,179358,259072,236709,DEPU
2015-04-18,Well_#17,24.0,1905,157.13,706.67,100.0,68.606,86.72,194387,179855,259790,237366,DEPU
2015-04-19,Well_#17,24.0,1891,157.105,713.889,100.0,67.871,88.268,194905,180351,260507,238026,DEPU
2015-04-20,Well_#17,24.0,1890,156.661,718.508,100.0,66.302,88.311,195450,180865,261249,238702,DEPU
2015-04-21,Well_#17,24.0,1886,155.24,715.771,100.0,66.587,87.791,196090,181471,262125,239381,DEPU
2015-04-22,Well_#17,24.0,1880,159.358,714.723,100.0,67.266,87.359,196727,182075,262997,240051,DEPU
2015-04-23,Well_#17,24.0,1870,155.25,715.45,100.0,66.082,88.72,197378,182694,263891,240725,DEPU
2015-04-24,Well_#17,24.0,1870,156.856,726.47,100.0,66.388,89.691,198034,183307,264777,241435,DEPU
2015-04-25,Well_#17,24.0,1863,157.798,716.348,97.91667,67.836,87.543,198689,183921,265664,242102,DEPU
2015-04-26,Well_#17,24.0,1861,155.958,714.879,100.0,67.744,87.034,199342,184533,266547,242741,DEPU
2015-04-27,Well_#17,24.0,1853,155.331,719.836,100.0,66.282,89.367,199989,185154,267445,243379,DEPU
2015-04-28,Well_#17,24.0,1850,159.47,718.599,100.0,65.5,89.673,200656,185795,268370,244014,DEPU
2015-04-29,Well_#17,24.0,1855,157.487,713.896,100.0,67.548,88.793,201297,186408,269256,244633,DEPU
2015-04-30,Well_#17,24.0,1879,156.313,704.608,100.0,69.456,88.472,201955,187037,270164,245236,DEPU
2015-05-01,Well_#17,24.0,1855,158.914,706.655,100.0,69.672,88.792,202597,187647,271045,245845,DEPU
2015-05-02,Well_#17,24.0,1849,159.357,706.238,100.0,69.95,87.734,203242,188255,271924,246453,DEPU
2015-05-03,Well_#17,24.0,1855,157.04,703.79,100.0,69.544,88.428,203881,188857,272793,247032,DEPU
2015-05-04,Well_#17,24.0,1870,157.763,699.724,100.0,69.614,88.364,204515,189454,273656,247602,DEPU
2015-05-05,Well_#17,24.0,1862,155.141,699.802,100.0,69.823,87.393,205145,190050,274517,248175,DEPU
2015-05-06,Well_#17,24.0,1846,154.246,695.865,100.0,70.302,86.81,205771,190638,275365,248736,DEPU
2015-05-07,Well_#17,24.0,1854,155.301,691.992,100.0,70.147,86.826,206393,191230,276221,249291,DEPU
2015-05-08,Well_#17,24.0,1839,154.694,688.63,100.0,69.894,87.162,207009,191813,277063,249843,DEPU
2015-05-09,Well_#17,24.0,1842,153.76,687.704,100.0,69.3,87.781,207621,192391,277898,250384,DEPU
2015-05-10,Well_#17,24.0,1850,158.658,690.247,100.0,69.577,87.862,208225,192965,278727,250918,DEPU
2015-05-11,Well_#17,24.0,1827,157.107,687.121,100.0,70.373,86.295,208828,193533,279547,251447,DEPU
2015-05-12,Well_#17,24.0,1849,158.828,689.203,100.0,70.184,87.608,209433,194106,280375,251977,DEPU
2015-05-13,Well_#17,24.0,1842,158.66,687.637,100.0,68.573,87.105,210028,194694,281225,252522,DEPU
2015-05-14,Well_#17,24.0,1842,159.342,688.214,100.0,69.107,85.87,210651,195291,282087,253076,DEPU
2015-05-15,Well_#17,24.0,1822,155.047,691.345,100.0,68.499,87.979,211266,195878,282935,253639,DEPU
2015-05-16,Well_#17,24.0,1817,159.365,697.29,100.0,69.079,88.345,211888,196473,283794,254208,DEPU
2015-05-17,Well_#17,24.0,1836,155.432,696.278,100.0,70.358,87.222,212508,197066,284651,254777,DEPU
2015-05-18,Well_#17,11.33,1818,159.385,689.725,65.08566,69.846,86.712,212771,197320,285018,255083,DEPU
2015-05-19,Well_#17,24.0,1823,156.431,699.183,100.0,67.988,86.542,213470,197973,285961,255757,DEPU
2015-05-20,Well_#17,24.0,1833,159.867,703.563,100.0,67.741,88.235,214121,198589,286851,256346,DEPU
2015-05-21,Well_#17,24.0,1821,157.307,705.588,100.0,67.422,89.175,214761,199192,287721,256895,DEPU
2015-05-22,Well_#17,24.0,1824,155.445,704.363,100.0,67.331,89.08,215392,199784,288577,257431,DEPU
2015-05-23,Well_#17,24.0,1833,156.03,701.761,100.0,67.682,88.062,216019,200374,289430,257964,DEPU
2015-05-24,Well_#17,24.0,1804,154.709,696.944,100.0,67.512,87.518,216643,200961,290276,258513,DEPU
2015-05-25,Well_#17,24.0,1807,159.865,692.659,100.0,67.559,87.529,217259,201543,291118,259054,DEPU
2015-05-26,Well_#17,24.0,1793,155.775,694.857,100.0,67.507,87.103,217881,202128,291963,259593,DEPU
2015-05-27,Well_#17,24.0,1824,155.149,691.515,100.0,67.589,86.208,218495,202707,292800,260130,DEPU
2015-05-28,Well_#17,24.0,1790,155.27,689.727,100.0,67.385,86.631,219105,203282,293630,260656,DEPU
2015-05-29,Well_#17,24.0,1789,155.941,687.359,100.0,67.277,86.265,219706,203852,294454,261178,DEPU
2015-05-30,Well_#17,24.0,1797,159.823,684.083,100.0,67.218,85.931,220306,204418,295271,261693,DEPU
2015-05-31,Well_#17,24.0,1812,154.276,683.69,100.0,67.183,86.511,220899,204980,296082,262204,DEPU
2015-06-01,Well_#17,24.0,1795,158.754,681.361,97.91667,66.572,85.813,221492,205543,296896,262718,DEPU
2015-06-02,Well_#17,24.0,1803,156.03,679.975,100.0,66.36,86.08,222081,206105,297707,263224,DEPU
2015-06-03,Well_#17,24.0,1779,157.341,681.213,100.0,65.732,87.268,222669,206662,298512,263723,DEPU
2015-06-04,Well_#17,24.0,1802,157.609,679.901,100.0,65.86,87.073,223252,207218,299315,264222,DEPU
2015-06-05,Well_#17,24.0,1786,155.378,676.426,100.0,66.114,86.706,223822,207772,300115,264708,DEPU
2015-06-06,Well_#17,24.0,1788,157.175,676.395,97.91667,66.134,86.637,224398,208323,300911,265197,DEPU
2015-06-07,Well_#17,24.0,1798,153.706,673.286,100.0,66.263,86.198,224972,208873,301706,265681,DEPU
2015-06-08,Well_#17,24.0,1801,156.405,671.952,100.0,66.437,85.967,225546,209423,302500,266159,DEPU
2015-06-09,Well_#17,24.0,1790,155.608,674.04,100.0,66.231,86.596,226116,209971,303291,266636,DEPU
2015-06-10,Well_#17,24.0,1775,159.271,676.802,100.0,65.965,87.334,226685,210514,304076,267110,DEPU
2015-06-11,Well_#17,24.0,1778,159.931,669.223,100.0,66.802,85.545,227243,211051,304852,267577,DEPU
2015-06-12,Well_#17,21.67,1784,154.213,615.21,70.95083,94.557,74.083,227637,211430,305398,267919,DEPU
2015-06-13,Well_#17,24.0,1765,159.011,593.234,76.12115,84.138,73.278,228081,211878,306045,268373,DEPU
2015-06-14,Well_#17,24.0,1770,156.753,667.473,100.0,66.688,85.416,228647,212445,306865,268878,DEPU
2015-06-15,Well_#17,24.0,1771,159.435,670.713,100.0,66.864,86.173,229206,213010,307681,269419,DEPU
2015-06-16,Well_#17,24.0,1765,157.185,670.092,100.0,66.812,85.106,229769,213575,308497,269920,DEPU
2015-06-17,Well_#17,24.0,1756,158.146,675.361,100.0,66.989,86.268,230336,214138,309311,270428,DEPU
2015-06-18,Well_#17,24.0,1775,154.247,675.895,100.0,67.383,85.369,230906,214705,310129,270935,DEPU
2015-06-19,Well_#17,24.0,1779,157.151,678.011,100.0,67.428,85.511,231478,215274,310952,271444,DEPU
2015-06-20,Well_#17,24.0,1772,154.231,685.177,100.0,67.694,87.278,232057,215848,311781,271953,DEPU
2015-06-21,Well_#17,24.0,1752,154.945,692.527,100.0,67.304,88.492,232639,216425,312613,272471,DEPU
2015-06-22,Well_#17,23.33,1747,154.667,684.906,90.16816,71.174,87.392,233161,216941,313359,272977,DEPU
2015-06-23,Well_#17,24.0,1745,157.275,695.001,100.0,68.009,88.217,233750,217505,314174,273504,DEPU
2015-06-24,Well_#17,24.0,1754,159.382,692.86,100.0,67.173,88.062,234340,218075,314998,274056,DEPU
2015-06-25,Well_#17,24.0,1767,157.945,689.284,100.0,66.486,88.547,234928,218641,315815,274581,DEPU
2015-06-26,Well_#17,24.0,1761,155.802,696.968,100.0,66.03,89.085,235510,219202,316625,275087,DEPU
2015-06-27,Well_#17,24.0,1745,158.638,690.183,100.0,66.565,88.525,236088,219761,317432,275610,DEPU
2015-06-28,Well_#17,24.0,1762,155.85,686.169,100.0,66.789,88.63,236650,220302,318214,276135,DEPU
2015-06-29,Well_#17,20.83,1750,154.371,675.29,84.53231,69.845,87.146,237122,220777,318900,276608,DEPU
2015-06-30,Well_#17,24.0,1749,157.402,681.202,100.0,70.887,87.011,237665,221300,319656,277120,DEPU
2015-07-01,Well_#17,24.0,1723,155.123,674.014,100.0,70.486,85.547,238184,221808,320389,277585,DEPU
2015-07-02,Well_#17,24.0,1739,155.917,679.412,100.0,67.917,86.191,238720,222325,321137,278063,DEPU
2015-07-03,Well_#17,24.0,1732,154.275,683.39,100.0,66.194,87.815,239263,222847,321891,278538,DEPU
2015-07-04,Well_#17,22.67,1726,154.699,662.054,76.06705,75.226,83.379,239809,223297,322541,278953,DEPU
2015-07-05,Well_#17,24.0,1747,158.538,640.488,80.90738,76.49,80.091,240297,223779,323236,279389,DEPU
2015-07-06,Well_#17,24.0,1714,154.262,681.38,100.0,65.453,88.273,240852,224310,324003,279861,DEPU
2015-07-07,Well_#17,24.0,1725,159.466,673.838,100.0,66.088,86.509,241381,224824,324746,280329,DEPU
2015-07-08,Well_#17,24.0,1742,153.95,669.396,100.0,66.4,85.481,241914,225338,325488,280794,DEPU
2015-07-09,Well_#17,24.0,1727,153.752,667.329,100.0,66.335,85.613,242445,225849,326227,281256,DEPU
2015-07-10,Well_#17,24.0,1707,159.407,672.383,100.0,65.411,87.969,242969,226354,326956,281710,DEPU
2015-07-11,Well_#17,24.0,1706,159.65,669.653,100.0,66.327,85.885,243488,226858,327683,282164,DEPU
2015-07-12,Well_#17,24.0,1726,159.101,664.353,100.0,66.371,85.412,244008,227359,328408,282614,DEPU
2015-07-13,Well_#17,24.0,1727,154.361,666.89,100.0,66.152,87.306,244520,227857,329127,283057,DEPU
2015-07-14,Well_#17,23.58,1727,157.481,655.666,83.14753,72.205,84.721,244964,228291,329753,283450,DEPU
2015-07-15,Well_#17,24.0,1722,154.59,666.051,99.95452,66.878,85.39,245489,228805,330497,283909,DEPU
2015-07-16,Well_#17,24.0,1705,156.698,667.778,100.0,66.231,86.194,246007,229303,331215,284355,DEPU
2015-07-17,Well_#17,24.0,1694,154.886,664.315,100.0,66.852,84.888,246513,229801,331935,284796,DEPU
2015-07-18,Well_#17,24.0,1701,154.72,666.591,100.0,66.7,86.135,247019,230300,332656,285233,DEPU
2015-07-19,Well_#17,24.0,1690,155.106,668.864,100.0,66.872,87.112,247528,230805,333385,285672,DEPU
2015-07-20,Well_#17,24.0,1713,157.738,670.831,100.0,67.196,87.972,248032,231290,334085,286102,DEPU
2015-07-21,Well_#17,24.0,1695,156.232,666.074,100.0,68.816,87.087,248542,231783,334798,286522,DEPU
2015-07-22,Well_#17,24.0,1699,159.911,662.715,100.0,69.54,85.635,249026,232248,335470,286942,DEPU
2015-07-23,Well_#17,24.0,1709,157.834,668.158,100.0,69.127,87.318,249496,232702,336125,287361,DEPU
2015-07-24,Well_#17,24.0,1694,157.67,664.656,100.0,69.675,87.031,249975,233168,336799,287769,DEPU
2015-07-25,Well_#17,24.0,1702,154.531,662.421,100.0,69.31,87.135,250453,233632,337468,288175,DEPU
2015-07-26,Well_#17,24.0,1687,155.308,658.72,100.0,70.386,84.394,250927,234093,338134,288578,DEPU
2015-07-27,Well_#17,24.0,1691,156.654,655.818,100.0,70.615,84.205,251400,234551,338796,288976,DEPU
2015-07-28,Well_#17,24.0,1702,159.069,665.404,100.0,69.734,86.792,251865,235005,339451,289371,DEPU
2015-07-29,Well_#17,24.0,1697,155.2,659.675,100.0,70.082,84.901,252315,235444,340085,289772,DEPU
2015-07-30,Well_#17,24.0,1669,155.892,657.786,100.0,68.908,85.986,252781,235893,340734,290180,DEPU
2015-07-31,Well_#17,24.0,1671,159.8,657.998,100.0,68.923,86.538,253225,236331,341367,290590,DEPU
2015-08-01,Well_#17,24.0,1692,158.146,664.012,100.0,67.428,87.921,253678,236782,342019,291010,DEPU
2015-08-02,Well_#17,24.0,1681,158.379,665.102,100.0,67.88,87.685,254131,237232,342668,291434,DEPU
2015-08-03,Well_#17,24.0,1678,154.969,668.949,100.0,67.918,88.056,254583,237679,343314,291863,DEPU
2015-08-04,Well_#17,24.0,1660,159.532,672.974,100.0,68.936,88.218,255045,238133,343970,292300,DEPU
2015-08-05,Well_#17,24.0,1664,157.296,685.893,100.0,66.201,89.662,255548,238638,344699,292749,DEPU
2015-08-06,Well_#17,24.0,1665,156.689,689.026,100.0,66.679,89.945,256049,239141,345426,293198,DEPU
2015-08-07,Well_#17,24.0,1680,155.369,691.366,100.0,67.105,90.181,256556,239646,346156,293647,DEPU
2015-08-08,Well_#17,24.0,1661,154.037,686.77,100.0,68.36,88.647,257060,240149,346882,294129,DEPU
2015-08-09,Well_#17,24.0,1652,157.04,681.109,100.0,68.518,87.873,257573,240650,347605,294589,DEPU
2015-08-10,Well_#17,24.0,1659,153.927,691.634,100.0,67.504,89.759,258078,241145,348321,295047,DEPU
2015-08-11,Well_#17,24.0,1655,157.547,692.851,100.0,67.391,90.187,258579,241639,349034,295501,DEPU
2015-08-12,Well_#17,24.0,1657,159.218,691.174,100.0,67.618,89.697,259077,242129,349742,295951,DEPU
2015-08-13,Well_#17,24.0,1658,159.261,691.459,100.0,67.234,89.757,259569,242615,350444,296400,DEPU
2015-08-14,Well_#17,24.0,1658,155.086,688.751,100.0,67.16,89.759,260060,243099,351143,296847,DEPU
2015-08-15,Well_#17,24.0,1638,158.639,686.986,100.0,66.906,89.864,260547,243580,351837,297290,DEPU
2015-08-16,Well_#17,24.0,1635,156.782,686.18,100.0,67.729,88.798,261029,244058,352528,297729,DEPU
2015-08-17,Well_#17,24.0,1645,156.936,684.658,100.0,67.84,89.086,261505,244531,353211,298164,DEPU
2015-08-18,Well_#17,24.0,1651,156.34,685.036,100.0,67.666,89.199,261982,245000,353889,298596,DEPU
2015-08-19,Well_#17,24.0,1627,153.724,680.742,100.0,68.251,88.28,262453,245467,354563,299025,DEPU
2015-08-20,Well_#17,24.0,1650,156.785,679.294,100.0,67.39,87.871,262923,245934,355237,299478,DEPU
2015-08-21,Well_#17,24.0,1642,157.317,681.428,100.0,68.732,87.978,263378,246392,355899,299904,DEPU
2015-08-22,Well_#17,24.0,1626,153.908,690.011,100.0,65.635,89.951,263846,246856,356570,300338,DEPU
2015-08-23,Well_#17,24.0,1619,154.24,685.736,100.0,65.488,90.132,264310,247319,357238,300770,DEPU
2015-08-24,Well_#17,24.0,1640,158.496,687.181,100.0,65.494,90.17,264780,247790,357919,301198,DEPU
2015-08-25,Well_#17,24.0,1617,157.991,777.291,100.0,65.51,90.241,265228,248237,358564,301600,DEPU
2015-08-26,Well_#17,24.0,1629,159.801,786.532,100.0,65.909,90.098,265669,248684,359210,302023,DEPU
2015-08-27,Well_#17,24.0,1641,156.366,785.75,100.0,65.659,90.03,266107,249130,359855,302449,DEPU
2015-08-28,Well_#17,24.0,1636,159.575,784.094,100.0,65.921,89.941,266548,249575,360497,302874,DEPU
2015-08-29,Well_#17,24.0,1619,158.365,782.734,100.0,66.385,89.844,266985,250018,361137,303292,DEPU
2015-08-30,Well_#17,24.0,1611,157.247,785.282,100.0,66.268,90.045,267408,250443,361751,303707,DEPU
2015-08-31,Well_#17,24.0,1616,156.796,789.649,100.0,66.811,89.97,267829,250863,362357,304121,DEPU
2015-09-01,Well_#17,24.0,1619,155.786,783.071,100.0,67.709,88.314,268254,251290,362974,304535,DEPU
2015-09-02,Well_#17,24.0,1609,159.829,782.637,100.0,66.853,89.259,268681,251722,363598,304949,DEPU
2015-09-03,Well_#17,24.0,1598,154.265,774.145,100.0,68.223,87.26,269100,252150,364216,305355,DEPU
2015-09-04,Well_#17,23.0,1612,155.254,771.999,100.0,68.744,86.5,269499,252562,364811,305741,DEPU
2015-09-05,Well_#17,24.0,1593,155.676,775.394,100.0,68.505,88.163,269910,252984,365421,306142,DEPU
2015-09-06,Well_#17,24.0,1594,156.608,778.874,100.0,67.533,88.978,270324,253404,366029,306543,DEPU
2015-09-07,Well_#17,24.0,1589,154.514,783.497,100.0,67.614,89.199,270728,253816,366623,306945,DEPU
2015-09-08,Well_#17,24.0,1589,155.397,779.004,100.0,68.215,89.056,271126,254218,367204,307340,DEPU
2015-09-09,Well_#17,24.0,1610,154.802,772.481,100.0,69.495,86.989,271517,254613,367774,307732,DEPU
2015-09-10,Well_#17,24.0,1610,159.747,776.426,100.0,68.939,87.383,271902,255006,368343,308123,DEPU
2015-09-11,Well_#17,24.0,1602,154.888,777.212,100.0,68.478,88.403,272291,255401,368912,308513,DEPU
2015-09-12,Well_#17,24.0,1584,155.675,779.004,100.0,67.887,88.5,272680,255794,369480,308926,DEPU
2015-09-13,Well_#17,24.0,1579,155.596,776.253,100.0,67.596,88.644,273068,256188,370050,309320,DEPU
2015-09-14,Well_#17,22.83,1590,155.237,763.419,86.52358,71.126,86.782,273396,256531,370544,309666,DEPU
2015-09-15,Well_#17,24.0,1573,159.335,777.738,100.0,66.199,89.738,273783,256918,371103,310072,DEPU
2015-09-16,Well_#17,24.0,1574,154.291,780.115,100.0,65.657,89.746,274221,257366,371751,310464,DEPU
2015-09-17,Well_#17,24.0,1591,157.092,777.52,100.0,66.128,88.667,274648,257803,372383,310850,DEPU
2015-09-18,Well_#17,24.0,1572,156.009,774.211,100.0,66.063,88.03,275074,258234,373005,311231,DEPU
2015-09-19,Well_#17,24.0,1570,155.685,777.896,100.0,65.829,88.451,275490,258665,373627,311611,DEPU
2015-09-20,Well_#17,24.0,1587,157.765,776.138,100.0,66.04,87.656,275894,259082,374230,311988,DEPU
2015-09-21,Well_#17,24.0,1574,156.605,773.523,100.0,66.105,87.616,276298,259497,374829,312362,DEPU
2015-09-22,Well_#17,24.0,1566,156.577,775.454,100.0,65.324,88.934,276705,259910,375425,312735,DEPU
2015-09-23,Well_#17,24.0,1574,157.984,772.363,100.0,65.427,88.729,277101,260319,376016,313106,DEPU
2015-09-24,Well_#17,24.0,1564,157.541,770.578,100.0,65.348,88.521,277520,260824,376746,313488,DEPU
2015-09-25,Well_#17,24.0,1580,153.801,773.168,100.0,64.908,88.427,277955,261329,377476,313872,DEPU
2015-09-26,Well_#17,24.0,1573,156.455,773.797,100.0,65.652,88.017,278328,261743,378073,314268,DEPU
2015-09-27,Well_#17,24.0,1575,159.873,769.395,100.0,65.507,88.78,278774,262197,378729,314643,DEPU
2015-09-28,Well_#17,24.0,1557,156.132,770.875,100.0,65.551,88.234,279205,262657,379394,315013,DEPU
2015-09-29,Well_#17,24.0,1567,156.526,769.23,100.0,65.358,88.685,279624,263065,379983,315382,DEPU
2015-09-30,Well_#17,24.0,1544,155.52,774.43,100.0,65.408,89.202,280021,263436,380519,315759,DEPU
2011-02-17,Well_#18,23.16,2221,158.676,0.0,42.45829,167.235,86.966,935,817,817,21,ACHI
2011-02-18,Well_#18,17.93,2263,158.437,0.0,38.2258,176.81,80.099,1547,1358,1358,199,ACHI
2011-02-19,Well_#18,24.0,2224,158.708,0.0,43.27927,166.904,87.122,2498,2191,2191,283,ACHI
2011-02-20,Well_#18,24.0,2236,158.712,0.0,42.30382,169.901,86.561,3427,3003,3003,388,ACHI
2011-02-21,Well_#18,24.0,2258,158.671,0.0,40.27762,175.918,86.423,4311,3779,3779,514,ACHI
2011-02-22,Well_#18,24.0,2213,156.251,0.0,40.53982,169.528,83.557,5211,4568,4568,649,ACHI
2011-02-23,Well_#18,24.0,2248,158.693,0.0,41.16057,171.436,86.873,6106,5352,5352,793,ACHI
2011-02-24,Well_#18,24.0,2247,158.701,0.0,41.23936,170.614,87.683,7003,6136,6136,950,ACHI
2011-02-25,Well_#18,21.5,2267,158.608,0.0,37.6127,174.712,85.296,7686,6732,6732,1397,ACHI
2011-02-26,Well_#18,24.0,2243,158.675,0.0,41.05456,169.563,85.357,8555,7496,7496,1595,ACHI
2011-02-27,Well_#18,23.17,2289,158.571,0.0,34.35144,180.74,84.26,9205,8088,8088,2177,ACHI
2011-02-28,Well_#18,24.0,2208,158.701,0.0,44.58628,159.514,87.405,10165,8920,8920,2350,ACHI
2011-03-01,Well_#18,6.64,2209,158.515,0.0,42.1589,149.143,84.551,10445,9151,9151,2352,ACHI
2011-03-02,Well_#18,19.02,2271,157.561,0.0,37.41535,142.111,72.242,11054,9691,9691,2555,ACHI
2011-03-03,Well_#18,24.0,2200,158.711,0.0,44.29463,158.689,86.804,11975,10500,10500,2727,ACHI
2011-03-04,Well_#18,24.0,2201,158.736,0.0,44.21148,158.81,85.239,12894,11303,11303,3055,ACHI
2011-03-05,Well_#18,24.0,2200,158.747,0.0,44.30952,158.395,81.981,13812,12106,12106,3399,ACHI
2011-03-06,Well_#18,24.0,2201,158.755,0.0,44.23523,158.352,81.968,14728,12908,12908,3713,ACHI
2011-03-07,Well_#18,7.49,2191,158.785,0.0,42.72117,154.202,82.594,15038,13175,13175,3818,ACHI
2011-03-08,Well_#18,4.51,2451,157.147,0.0,18.10215,202.881,47.913,15090,13239,13239,3839,ACHI
2011-03-09,Well_#18,24.5,2266,158.683,0.0,39.83214,171.084,81.803,15936,13978,13978,4107,ACHI
2011-03-10,Well_#18,24.0,2215,158.844,0.0,45.56481,157.123,88.076,16880,14803,14803,4479,ACHI
2011-03-11,Well_#18,24.0,2213,158.873,0.0,45.62383,156.208,87.537,17826,15630,15630,4851,ACHI
2011-03-12,Well_#18,24.0,2224,158.871,0.0,44.40424,159.126,86.096,18761,16442,16442,5218,ACHI
2011-03-13,Well_#18,22.33,2245,158.809,0.0,41.56835,163.131,83.586,19575,17148,17148,5539,ACHI
2011-03-14,Well_#18,23.0,2252,158.831,0.0,40.72415,165.882,84.626,20440,17904,17904,5878,ACHI
2011-03-15,Well_#18,24.0,2299,158.745,0.0,37.27724,180.757,85.325,21230,18594,18594,6214,ACHI
2011-03-16,Well_#18,24.0,2294,158.737,0.0,37.7119,178.704,85.155,22037,19299,19299,6541,ACHI
2011-03-17,Well_#18,24.0,2294,158.739,0.0,37.66217,178.327,85.344,22840,20001,20001,6858,ACHI
2011-03-18,Well_#18,24.0,2291,158.748,0.0,38.02852,176.663,84.442,23655,20715,20715,7163,ACHI
2011-03-19,Well_#18,21.5,2321,158.643,0.0,33.93993,182.243,80.54,24305,21289,21289,7394,ACHI
2011-03-20,Well_#18,24.0,2241,158.853,0.0,43.39606,160.051,85.599,25213,22083,22083,7728,ACHI
2011-03-21,Well_#18,24.0,2240,158.876,0.0,43.3805,159.477,85.131,26115,22873,22873,8058,ACHI
2011-03-22,Well_#18,24.0,2239,158.887,0.0,43.42679,159.057,87.234,27020,23666,23666,8409,ACHI
2011-03-23,Well_#18,24.0,2236,158.902,0.0,43.6222,158.109,88.448,27929,24460,24460,8765,ACHI
2011-03-24,Well_#18,21.35,2242,158.909,0.0,42.01924,159.13,86.531,28709,25142,25142,9083,ACHI
2011-03-25,Well_#18,23.99,2261,158.831,0.0,41.62264,162.195,83.529,29561,25889,25889,9453,ACHI
2011-03-26,Well_#18,24.0,2236,158.94,0.0,44.16423,156.538,86.315,30471,26688,26688,9843,ACHI
2011-03-27,Well_#18,24.0,2236,158.941,0.0,44.21343,156.087,84.049,31380,27485,27485,10250,ACHI
2011-03-28,Well_#18,24.0,2236,158.947,0.0,44.19709,155.666,85.452,32284,28289,28289,10655,ACHI
2011-03-29,Well_#18,24.0,2236,158.957,0.0,44.21148,155.134,86.104,33190,29085,29085,11055,ACHI
2011-03-30,Well_#18,24.0,2243,158.952,0.0,43.32067,156.908,86.878,34085,29873,29873,11471,ACHI
2011-03-31,Well_#18,24.0,2255,158.931,0.0,41.89396,160.371,85.817,34962,30645,30645,11834,ACHI
2011-04-01,Well_#18,24.0,2282,158.883,0.0,38.97012,168.656,86.045,35786,31372,31372,12053,ACHI
2011-04-02,Well_#18,24.0,2288,158.86,0.0,38.42847,170.269,87.176,36586,32078,32078,12336,ACHI
2011-04-03,Well_#18,24.0,2287,158.856,0.0,38.61873,169.124,85.755,37386,32785,32785,12612,ACHI
2011-04-04,Well_#18,22.67,2315,158.799,0.0,34.98098,173.151,83.14,38061,33379,33379,12853,ACHI
2011-04-05,Well_#18,24.0,2283,158.865,0.0,38.95681,167.695,86.53,38866,34091,34091,13142,ACHI
2011-04-06,Well_#18,24.0,2284,158.869,0.0,38.74985,167.818,86.117,39666,34797,34797,13414,ACHI
2011-04-07,Well_#18,21.5,2312,158.797,0.0,35.56386,174.957,85.907,40308,35366,35366,13637,ACHI
2011-04-08,Well_#18,22.25,2308,158.782,0.0,36.07215,173.366,85.258,40983,35965,35965,14029,ACHI
2011-04-09,Well_#18,24.0,2293,158.864,0.0,37.96721,170.334,85.025,41770,36657,36657,14180,ACHI
2011-04-10,Well_#18,24.0,2302,158.843,0.0,36.45527,173.171,84.706,42541,37341,37341,14538,ACHI
2011-04-11,Well_#18,24.0,2308,158.855,0.0,36.42135,173.899,87.087,43316,38029,38029,14869,ACHI
2011-04-12,Well_#18,24.0,2314,158.862,0.0,37.13863,175.001,88.112,44089,38714,38714,15200,ACHI
2011-04-13,Well_#18,24.0,2285,158.921,0.0,39.65053,166.038,88.047,44910,39457,39457,15569,ACHI
2011-04-14,Well_#18,24.0,2277,158.953,0.0,39.43366,163.317,88.267,45741,40191,40191,15968,ACHI
2011-04-15,Well_#18,24.0,2278,158.967,0.0,40.27002,162.938,87.303,46567,40921,40921,16334,ACHI
2011-04-16,Well_#18,24.0,2278,158.977,0.0,40.31321,162.211,84.905,47397,41655,41655,16739,ACHI
2011-04-17,Well_#18,24.0,2279,158.984,0.0,40.26449,162.031,84.779,48222,42384,42384,17138,ACHI
2011-04-18,Well_#18,24.0,2279,158.987,0.0,40.29132,161.534,85.824,48950,43027,43027,17507,ACHI
2011-04-19,Well_#18,24.0,2290,158.978,0.0,39.20698,163.803,86.064,49650,43643,43643,17857,ACHI
2011-04-20,Well_#18,24.0,2266,159.022,0.0,41.78386,156.575,85.789,50408,44308,44308,18248,ACHI
2011-04-21,Well_#18,24.0,2279,159.0,0.0,40.261,160.238,86.618,51132,44944,44944,18619,ACHI
2011-04-22,Well_#18,24.0,2278,159.002,0.0,40.28701,159.86,86.455,51823,45549,45549,19018,ACHI
2011-04-23,Well_#18,24.0,2270,159.018,0.0,41.02847,157.421,86.944,52528,46164,46164,19434,ACHI
2011-04-24,Well_#18,24.0,2260,159.044,0.0,42.01759,154.281,88.994,53253,46796,46796,19766,ACHI
2011-04-25,Well_#18,24.0,2256,159.061,0.0,42.24799,152.873,89.324,53983,47435,47435,20046,ACHI
2011-04-26,Well_#18,24.0,2255,159.068,0.0,42.27879,152.241,89.263,54713,48072,48072,20497,ACHI
2011-04-27,Well_#18,24.0,2253,159.076,0.0,42.36138,151.18,89.26,55443,48711,48711,21016,ACHI
2011-04-28,Well_#18,24.0,2252,159.085,0.0,42.33033,150.565,89.25,56170,49349,49349,21497,ACHI
2011-04-29,Well_#18,24.0,2251,159.088,0.0,42.29421,150.234,89.18,56889,49999,49999,21964,ACHI
2011-04-30,Well_#18,24.0,2251,159.092,0.0,42.29172,149.985,88.763,57613,50631,50631,22255,ACHI
2011-05-01,Well_#18,22.86,2251,159.1,0.0,42.33026,148.8,87.641,58301,51236,51236,22710,ACHI
2011-05-02,Well_#18,23.48,2318,158.928,0.0,34.65937,165.7,84.442,58833,51697,51697,23104,ACHI
2011-05-03,Well_#18,15.03,2223,159.088,0.0,42.94307,143.612,87.634,59276,52082,52082,23455,ACHI
2011-05-04,Well_#18,22.48,2219,158.954,0.0,45.45265,139.71,83.246,59964,52676,52676,24029,ACHI
2011-05-05,Well_#18,24.0,2181,159.119,0.0,48.29858,133.026,85.865,60730,53337,53337,24631,ACHI
2011-05-06,Well_#18,24.0,2179,159.141,0.0,48.58062,132.056,86.596,61490,53997,53997,25080,ACHI
2011-05-07,Well_#18,24.0,2167,159.181,0.0,51.13866,128.156,88.052,62295,54696,54696,25647,ACHI
2011-05-08,Well_#18,24.0,2161,159.222,0.0,52.57536,125.947,88.871,63122,55413,55413,26295,ACHI
2011-05-09,Well_#18,18.83,2215,159.096,0.0,44.01092,137.286,83.37,63673,55896,55896,26693,ACHI
2011-05-10,Well_#18,24.0,2199,159.17,0.0,47.01093,136.085,89.054,64421,56548,56548,27287,ACHI
2011-05-11,Well_#18,24.0,2174,159.227,0.0,51.02367,128.537,89.406,65223,57247,57247,27726,ACHI
2011-05-12,Well_#18,24.0,2188,159.202,0.0,48.28459,132.591,89.149,65951,57882,57882,28304,ACHI
2011-05-13,Well_#18,24.0,2190,159.203,0.0,48.18231,132.586,88.957,66674,58515,58515,28855,ACHI
2011-05-14,Well_#18,24.0,2191,159.206,0.0,48.23385,132.355,88.755,67397,59147,59147,29442,ACHI
2011-05-15,Well_#18,24.0,2190,159.212,0.0,48.56892,131.768,89.087,68119,59804,59804,30011,ACHI
2011-05-16,Well_#18,24.0,2183,159.233,0.0,50.15083,129.202,87.925,68859,60451,60451,30619,ACHI
2011-05-17,Well_#18,24.0,2182,159.246,0.0,50.69465,128.357,88.171,69602,61101,61101,31276,ACHI
2011-05-18,Well_#18,24.0,2202,159.229,0.0,47.66568,133.556,89.038,70309,61721,61721,31864,ACHI
2011-05-19,Well_#18,24.0,2222,159.186,0.0,44.70623,138.957,88.886,70985,62315,62315,32398,ACHI
2011-05-20,Well_#18,24.0,2216,159.197,0.0,45.74376,136.643,88.613,71672,62917,62917,32789,ACHI
2011-05-21,Well_#18,24.0,2214,159.21,0.0,46.05398,135.789,88.42,72360,63521,63521,33189,ACHI
2011-05-22,Well_#18,24.0,2218,159.211,0.0,44.7401,136.411,88.082,73042,64119,64119,33699,ACHI
2011-05-23,Well_#18,24.0,2218,159.218,0.0,44.80523,135.972,88.158,73722,64716,64716,34116,ACHI
2011-05-24,Well_#18,22.83,2257,159.165,0.0,39.72879,144.999,85.779,74298,65244,65244,34518,ACHI
2011-05-25,Well_#18,24.0,2214,159.205,0.0,44.94371,135.224,87.835,74980,65841,65841,34958,ACHI
2011-05-26,Well_#18,24.0,2215,159.224,0.0,45.87758,134.919,88.429,75658,66436,66436,35458,ACHI
2011-05-27,Well_#18,24.0,2216,159.231,0.0,46.00541,134.69,86.191,76336,67028,67028,35908,ACHI
2011-05-28,Well_#18,24.0,2215,159.244,0.0,46.34277,133.985,83.626,77014,67621,67621,36410,ACHI
2011-05-29,Well_#18,24.0,2213,159.262,0.0,46.98715,132.982,84.064,77692,68214,68214,37058,ACHI
2011-05-30,Well_#18,24.0,2203,159.299,0.0,49.2231,129.367,85.651,78383,68818,68818,37708,ACHI
2011-05-31,Well_#18,24.0,2206,159.313,0.0,49.22629,129.441,84.202,79066,69414,69414,38405,ACHI
2011-06-01,Well_#18,24.0,2208,159.325,0.0,49.30579,129.417,85.163,79740,70002,70002,39102,ACHI
2011-06-02,Well_#18,24.0,2212,159.342,0.0,49.25979,129.644,86.59,80450,70622,70622,39736,ACHI
2011-06-03,Well_#18,24.0,2216,159.357,0.0,49.21074,129.839,87.825,81154,71235,71235,40355,ACHI
2011-06-04,Well_#18,24.0,1821,130.828,0.0,49.24111,130.029,86.077,81851,71843,71843,41004,ACHI
2011-06-05,Well_#18,24.0,2222,159.377,0.0,49.08621,130.643,84.836,82541,72448,72448,41654,ACHI
2011-06-06,Well_#18,24.0,2224,159.388,0.0,49.1617,130.477,84.69,83227,73052,73052,42303,ACHI
2011-06-07,Well_#18,24.0,2371,159.224,0.0,34.02369,165.577,82.041,83711,73493,73493,42749,ACHI
2011-06-08,Well_#18,24.0,2287,159.269,0.0,43.62859,145.218,84.696,84340,74057,74057,43330,ACHI
2011-06-09,Well_#18,24.0,2252,159.383,0.0,46.5828,135.85,88.505,85012,74644,74644,43973,ACHI
2011-06-10,Well_#18,23.33,2277,159.352,0.0,42.99535,141.214,87.134,85624,75193,75193,44548,ACHI
2011-06-11,Well_#18,24.0,2281,159.349,0.0,42.89603,143.483,88.679,86261,75752,75752,45152,ACHI
2011-06-12,Well_#18,24.0,2308,159.296,0.0,40.236,150.566,88.713,86859,76276,76276,45740,ACHI
2011-06-13,Well_#18,24.0,2297,159.317,0.0,41.8779,147.209,89.151,87467,76809,76809,46311,ACHI
2011-06-14,Well_#18,24.0,2296,159.334,0.0,42.23114,146.572,89.23,88072,77340,77340,46899,ACHI
2011-06-15,Well_#18,24.0,2299,159.343,0.0,42.24382,146.839,89.126,88675,77869,77869,47512,ACHI
2011-06-16,Well_#18,24.0,2301,159.353,0.0,42.29213,146.981,89.456,89279,78398,78398,48128,ACHI
2011-06-17,Well_#18,24.0,2307,159.365,0.0,42.05474,147.73,89.506,89876,78924,78924,48759,ACHI
2011-06-18,Well_#18,24.0,2326,159.339,0.0,40.59522,152.206,89.431,90495,79488,79488,49355,ACHI
2011-06-19,Well_#18,24.0,2324,159.354,0.0,40.99142,150.87,87.548,91123,80046,80046,50098,ACHI
2011-06-20,Well_#18,24.0,2315,159.383,0.0,42.09382,147.957,86.018,91772,80615,80615,50709,ACHI
2011-06-21,Well_#18,24.0,2321,159.386,0.0,41.78783,149.173,88.391,92415,81180,81180,51159,ACHI
2011-06-22,Well_#18,24.0,2322,159.399,0.0,41.9794,148.994,89.704,93052,81745,81745,51802,ACHI
2011-06-23,Well_#18,24.0,2312,159.426,0.0,43.33474,145.757,89.974,93704,82318,82318,52489,ACHI
2011-06-24,Well_#18,24.0,2318,159.436,0.0,42.84323,146.992,89.972,94349,82885,82885,53171,ACHI
2011-06-25,Well_#18,24.0,1768,120.924,0.0,41.72771,150.092,89.643,94980,83440,83440,53825,ACHI
2011-06-26,Well_#18,24.0,2345,159.414,0.0,40.50128,153.105,89.822,95605,83989,83989,54395,ACHI
2011-06-27,Well_#18,24.0,2369,159.399,0.0,38.67041,158.594,89.674,96197,84506,84506,54957,ACHI
2011-06-28,Well_#18,24.0,2366,159.324,0.0,38.78539,159.426,89.565,96804,85027,85027,55546,ACHI
2011-06-29,Well_#18,15.33,2083,141.234,0.0,34.2605,153.564,83.641,97163,85342,85342,55869,ACHI
2011-06-30,Well_#18,13.7,0,0.0,0.0,28.83903,173.148,74.336,97414,85557,85557,56037,ACHI
2011-07-01,Well_#18,24.0,0,0.0,0.0,41.81106,149.422,86.367,98077,86139,86139,56629,ACHI
2011-07-02,Well_#18,24.0,0,0.0,0.0,41.78546,149.532,85.403,98729,86711,86711,57203,ACHI
2011-07-03,Well_#18,21.6,0,0.0,0.0,39.01851,154.495,84.574,99264,87180,87180,57697,ACHI
2011-07-04,Well_#18,24.0,0,0.0,0.0,41.37897,151.322,88.952,99905,87743,87743,58309,ACHI
2011-07-05,Well_#18,24.0,0,0.0,0.0,40.98189,152.592,89.616,100534,88296,88296,58926,ACHI
2011-07-06,Well_#18,24.0,0,0.0,0.0,40.0962,152.99,89.734,101158,88843,88843,59543,ACHI
2011-07-07,Well_#18,24.0,0,0.0,0.0,40.83428,154.098,89.871,101779,89390,89390,60163,ACHI
2011-07-08,Well_#18,23.08,667,45.114,0.0,37.11508,159.838,88.951,102315,89871,89871,60694,ACHI
2011-07-09,Well_#18,24.0,2351,159.523,0.0,41.87801,151.454,89.337,102948,90434,90434,61357,ACHI
2011-07-10,Well_#18,18.5,463,31.44,0.0,40.5281,150.293,87.489,103376,90814,90814,61796,ACHI
2011-07-11,Well_#18,20.36,2393,159.329,0.0,36.96189,159.918,83.637,103791,91188,91188,62394,ACHI
2011-07-12,Well_#18,17.6,2355,159.493,0.0,39.41237,148.526,89.231,104198,91543,91543,63012,ACHI
2011-07-13,Well_#18,1.53,2621,154.205,0.0,7.91389,253.783,12.135,104211,91549,91549,63020,ACHI
2011-07-14,Well_#18,23.5,2363,159.201,0.0,38.44253,158.87,82.913,104739,92004,92004,63548,ACHI
2011-07-15,Well_#18,23.67,2319,159.372,0.0,40.98575,151.11,89.219,105323,92509,92509,64039,ACHI
2011-07-16,Well_#18,24.0,2291,159.402,0.0,43.07371,146.355,89.341,105941,93043,93043,64575,ACHI
2011-07-17,Well_#18,20.99,2291,159.395,0.0,41.36151,148.166,88.411,106461,93491,93491,65035,ACHI
2011-07-18,Well_#18,12.01,2333,158.962,0.0,37.25504,160.418,80.31,106749,93741,93741,65221,ACHI
2011-07-19,Well_#18,24.0,2287,159.414,0.0,42.28964,148.951,89.238,107351,94260,94260,65865,ACHI
2011-07-20,Well_#18,24.0,2276,159.4,0.0,42.23992,148.564,89.452,107939,94768,94768,66373,ACHI
2011-07-21,Well_#18,23.67,2284,159.366,0.0,39.95633,150.847,88.618,108542,95291,95291,66907,ACHI
2011-07-22,Well_#18,21.75,2360,159.157,0.0,30.61271,165.886,81.36,109051,95741,95741,67325,ACHI
2011-07-23,Well_#18,24.0,2246,159.419,0.0,43.45385,140.916,89.479,109714,96339,96339,67926,ACHI
2011-07-24,Well_#18,24.0,2243,159.493,0.0,46.10377,138.118,89.165,110385,96939,96939,68555,ACHI
2011-07-25,Well_#18,24.0,2261,159.489,0.0,44.31618,141.717,89.746,111023,97502,97502,69287,ACHI
2011-07-26,Well_#18,24.0,2283,159.477,0.0,42.54006,146.288,89.64,111634,98043,98043,69916,ACHI
2011-07-27,Well_#18,24.0,2291,159.464,0.0,41.93866,147.412,88.924,112225,98560,98560,70593,ACHI
2011-07-28,Well_#18,24.0,2278,159.448,0.0,42.64225,144.742,88.239,112800,99085,99085,71182,ACHI
2011-07-29,Well_#18,24.0,2271,159.431,0.0,42.67783,143.724,87.25,113369,99582,99582,71692,ACHI
2011-07-30,Well_#18,24.0,2265,159.419,0.0,42.73583,143.141,88.913,113932,100073,100073,72201,ACHI
2011-07-31,Well_#18,24.0,2257,159.409,0.0,42.77059,142.126,89.556,114487,100557,100557,72709,ACHI
2011-08-01,Well_#18,24.0,2236,159.417,0.0,45.04114,137.188,88.508,115150,101135,101135,73300,ACHI
2011-08-02,Well_#18,24.0,2211,159.462,0.0,48.26827,130.846,89.142,115841,101747,101747,73986,ACHI
2011-08-03,Well_#18,24.0,2219,159.482,0.0,47.66879,131.883,87.898,116522,102348,102348,74627,ACHI
2011-08-04,Well_#18,24.0,2224,159.5,0.0,47.66528,131.956,87.838,117199,102947,102947,75285,ACHI
2011-08-05,Well_#18,24.0,2235,159.51,0.0,46.88428,133.884,86.822,117851,103522,103522,75947,ACHI
2011-08-06,Well_#18,24.0,2241,159.519,0.0,46.51512,134.72,88.298,118486,104084,104084,76584,ACHI
2011-08-07,Well_#18,23.0,2247,159.536,0.0,45.70987,135.224,89.245,119079,104607,104607,77198,ACHI
2011-08-08,Well_#18,24.0,2253,159.549,0.0,46.67963,135.969,89.959,119674,105133,105133,77822,ACHI
2011-08-09,Well_#18,24.0,2270,159.54,0.0,45.17448,139.368,87.9,120313,105702,105702,78461,ACHI
2011-08-10,Well_#18,24.0,2274,159.548,0.0,44.14556,139.465,87.417,120945,106264,106264,79152,ACHI
2011-08-11,Well_#18,0.0,2538,155.781,0.0,5.29467,138.809,43.177,120945,106264,106264,79152,ACHI
2011-08-12,Well_#18,9.14,2340,158.867,0.0,35.25645,135.368,75.847,121147,106447,106447,79357,ACHI
2011-08-13,Well_#18,23.33,2305,159.525,0.0,42.41543,144.731,86.366,121729,106959,106959,79972,ACHI
2011-08-14,Well_#18,24.0,2283,159.61,0.0,45.9297,138.803,88.619,122391,107542,107542,80675,ACHI
2011-08-15,Well_#18,24.0,2293,159.627,0.0,44.41959,140.442,89.293,123040,108114,108114,81348,ACHI
2011-08-16,Well_#18,24.0,2302,159.63,0.0,44.62284,142.326,87.617,123682,108683,108683,82004,ACHI
2011-08-17,Well_#18,24.0,2306,159.643,0.0,44.61911,142.654,89.838,124324,109252,109252,82713,ACHI
2011-08-18,Well_#18,24.0,2316,159.649,0.0,43.97973,144.59,90.651,124984,109839,109839,83377,ACHI
2011-08-19,Well_#18,24.0,2326,159.631,0.0,43.05264,147.218,90.803,125632,110409,110409,83992,ACHI
2011-08-20,Well_#18,24.0,2319,159.595,0.0,42.74849,146.883,90.617,126276,110971,110971,84612,ACHI
2011-08-21,Well_#18,24.0,2313,159.573,0.0,42.69167,146.062,90.255,126913,111528,111528,85212,ACHI
2011-08-22,Well_#18,24.0,2294,159.567,0.0,43.89416,142.113,90.529,127561,112095,112095,85824,ACHI
2011-08-23,Well_#18,24.0,2279,159.535,0.0,44.26395,140.55,90.421,128206,112661,112661,86443,ACHI
2011-08-24,Well_#18,24.0,2270,159.513,0.0,44.28605,139.811,90.364,128824,113199,113199,86957,ACHI
2011-08-25,Well_#18,24.0,2263,159.497,0.0,44.16654,139.565,90.313,129434,113731,113731,87603,ACHI
2011-08-26,Well_#18,24.0,2252,159.491,0.0,44.61249,138.021,89.912,130041,114261,114261,88242,ACHI
2011-08-27,Well_#18,23.33,2261,159.455,0.0,42.21624,141.474,88.46,130610,114758,114758,88885,ACHI
2011-08-28,Well_#18,24.0,2231,159.48,0.0,45.67642,135.668,89.716,131240,115307,115307,89526,ACHI
2011-08-29,Well_#18,24.0,2220,159.475,0.0,46.19708,134.297,89.437,131862,115859,115859,90200,ACHI
2011-08-30,Well_#18,24.0,2205,159.461,0.0,46.98306,132.003,88.709,132449,116369,116369,90655,ACHI
2011-08-31,Well_#18,24.0,2195,159.453,0.0,47.15139,131.113,89.492,133130,116961,116961,91263,ACHI
2011-09-01,Well_#18,24.0,2193,159.419,0.0,46.16314,132.02,89.2,133799,117543,117543,91834,ACHI
2011-09-02,Well_#18,24.0,2189,159.431,0.0,46.16864,131.317,89.415,134457,118132,118132,92397,ACHI
2011-09-03,Well_#18,24.0,2175,159.504,0.0,52.59815,124.526,89.006,135121,118725,118725,92987,ACHI
2011-09-04,Well_#18,24.0,2168,159.603,0.0,58.57861,119.827,88.745,135818,119326,119326,93639,ACHI
2011-09-05,Well_#18,24.0,2235,159.52,0.0,49.44662,135.971,88.723,136377,119825,119825,94159,ACHI
2011-09-06,Well_#18,24.0,2175,159.684,0.0,61.31323,117.237,90.299,137156,120516,120516,94858,ACHI
2011-09-07,Well_#18,24.0,2255,159.642,0.0,50.10381,136.986,88.143,137738,121036,121036,95344,ACHI
2011-09-08,Well_#18,24.0,2231,159.642,0.0,55.08779,128.781,89.715,138415,121639,121639,95936,ACHI
2011-09-09,Well_#18,24.0,2200,159.76,0.0,61.24871,119.052,90.694,139204,122340,122340,96619,ACHI
2011-09-10,Well_#18,24.0,2206,159.786,0.0,60.89634,119.358,90.715,139992,123040,123040,97297,ACHI
2011-09-11,Well_#18,24.0,2215,159.798,0.0,59.35825,120.888,90.808,140772,123731,123731,97960,ACHI
2011-09-12,Well_#18,24.0,2216,159.794,0.0,59.33192,121.036,90.714,141553,124422,124422,98623,ACHI
2011-09-13,Well_#18,24.0,2218,159.799,0.0,59.2365,121.226,90.707,142303,125086,125086,99231,ACHI
2011-09-14,Well_#18,24.0,2222,159.813,0.0,59.1165,121.421,90.996,143071,125763,125763,99927,ACHI
2011-09-15,Well_#18,24.0,2221,159.831,0.0,61.46381,119.738,90.106,143855,126457,126457,100581,ACHI
2011-09-16,Well_#18,24.0,2221,159.856,0.0,63.29178,118.605,90.828,144650,127162,127162,101302,ACHI
2011-09-17,Well_#18,24.0,2225,159.87,0.0,63.26557,118.754,91.349,145441,127865,127865,102037,ACHI
2011-09-18,Well_#18,24.0,2230,159.88,0.0,63.1811,118.888,91.088,146230,128564,128564,102769,ACHI
2011-09-19,Well_#18,24.0,2234,159.89,0.0,63.16924,118.931,90.764,146938,129193,129193,103463,ACHI
2011-09-20,Well_#18,24.0,2236,159.906,0.0,64.412,118.222,91.208,147648,129823,129823,104159,ACHI
2011-09-21,Well_#18,24.0,2239,159.922,0.0,64.95312,117.966,91.383,148353,130430,130430,104856,ACHI
2011-09-22,Well_#18,20.17,2269,159.867,0.0,59.09022,122.793,88.902,148911,130932,130932,105385,ACHI
2011-09-23,Well_#18,24.0,2249,159.957,0.0,65.33195,117.437,90.463,149612,131561,131561,106047,ACHI
2011-09-24,Well_#18,24.0,2252,159.972,0.0,65.2519,117.049,91.427,150318,132191,132191,106742,ACHI
2011-09-25,Well_#18,24.0,2255,159.987,0.0,67.27157,116.932,91.942,151023,132821,132821,107401,ACHI
2011-09-26,Well_#18,24.0,2258,160.004,0.0,69.33579,116.332,92.032,151730,133453,133453,108137,ACHI
2011-09-27,Well_#18,24.0,2262,160.021,0.0,70.25032,116.122,92.167,152439,134086,134086,108938,ACHI
2011-09-28,Well_#18,24.0,2268,160.03,0.0,68.73342,116.668,92.084,153151,134722,134722,109700,ACHI
2011-09-29,Well_#18,24.0,2272,160.039,0.0,67.98659,117.021,92.353,153858,135353,135353,110444,ACHI
2011-09-30,Well_#18,24.0,2277,160.051,0.0,68.17222,117.067,92.285,154561,135983,135983,111158,ACHI
2011-10-01,Well_#18,24.0,2281,160.062,0.0,68.12473,117.135,92.495,155261,136615,136615,111872,ACHI
2011-10-02,Well_#18,24.0,2285,160.076,0.0,68.92542,116.997,92.514,155963,137243,137243,112572,ACHI
2011-10-03,Well_#18,24.0,2289,160.086,0.0,69.69384,116.902,92.108,156667,137872,137872,113273,ACHI
2011-10-04,Well_#18,24.0,2293,160.098,0.0,70.96891,116.627,91.981,157372,138504,138504,114006,ACHI
2011-10-05,Well_#18,24.0,2297,160.108,0.0,71.16382,116.73,92.279,158077,139133,139133,114784,ACHI
2011-10-06,Well_#18,24.0,2300,160.11,0.0,71.18004,116.65,92.132,158765,139750,139750,115460,ACHI
2011-10-07,Well_#18,24.0,2324,160.076,0.0,65.78377,122.671,92.221,159399,140315,140315,116001,ACHI
2011-10-08,Well_#18,24.0,2303,160.099,0.0,70.22504,116.798,92.269,160094,140932,140932,116782,ACHI
2011-10-09,Well_#18,24.0,2313,160.086,0.0,67.32755,119.865,91.879,160756,141512,141512,117531,ACHI
2011-10-10,Well_#18,24.0,2428,159.874,0.0,42.275,153.156,91.868,161157,141856,141856,117948,ACHI
2011-10-11,Well_#18,24.0,2416,159.908,0.0,46.69346,147.354,91.794,161621,142263,142263,118272,ACHI
2011-10-12,Well_#18,24.0,2333,160.077,0.0,62.17,121.931,92.005,162295,142858,142858,119020,ACHI
2011-10-13,Well_#18,24.0,2323,160.102,0.0,66.37989,119.263,92.836,162979,143466,143466,119763,ACHI
2011-10-14,Well_#18,24.0,2322,160.131,0.0,71.00844,117.472,92.858,163673,144082,144082,120500,ACHI
2011-10-15,Well_#18,24.0,2322,160.15,0.0,76.63733,116.195,92.336,164375,144709,144709,121367,ACHI
2011-10-16,Well_#18,24.0,2326,160.159,0.0,76.69223,116.279,92.768,165075,145334,145334,122204,ACHI
2011-10-17,Well_#18,24.0,2337,160.145,0.0,66.77536,119.197,93.037,165750,145937,145937,122995,ACHI
2011-10-18,Well_#18,24.0,2339,160.136,0.0,65.25718,119.64,92.982,166419,146534,146534,123780,ACHI
2011-10-19,Well_#18,24.0,2338,160.132,0.0,65.90307,119.242,93.028,167088,147132,147132,124521,ACHI
2011-10-20,Well_#18,24.0,2339,160.13,0.0,66.15916,119.041,93.11,167757,147717,147717,125290,ACHI
2011-10-21,Well_#18,24.0,2339,160.125,0.0,66.15313,119.568,93.012,168414,148302,148302,126089,ACHI
2011-10-22,Well_#18,24.0,2339,160.121,0.0,66.26804,119.719,92.264,169067,148886,148886,126917,ACHI
2011-10-23,Well_#18,24.0,2339,160.119,0.0,66.2936,119.767,92.902,169723,149472,149472,127655,ACHI
2011-10-24,Well_#18,23.17,2343,160.11,0.0,64.45722,120.431,93.001,170372,150053,150053,128516,ACHI
2011-10-25,Well_#18,24.0,2346,160.094,0.0,62.249,122.618,92.997,171005,150619,150619,129397,ACHI
2011-10-26,Well_#18,24.0,2352,160.079,0.0,60.22994,125.008,92.807,171627,151176,151176,130243,ACHI
2011-10-27,Well_#18,24.0,2353,160.077,0.0,60.11689,126.133,92.878,172251,151734,151734,131100,ACHI
2011-10-28,Well_#18,24.0,2354,160.074,0.0,60.30964,124.608,92.431,172873,152292,152292,131941,ACHI
2011-10-29,Well_#18,22.58,2397,159.98,0.0,51.97866,136.75,90.779,173363,152736,152736,132619,ACHI
2011-10-30,Well_#18,24.0,2349,160.07,0.0,60.55078,123.696,92.562,173976,153283,153283,133508,ACHI
2011-10-31,Well_#18,24.0,2352,160.072,0.0,59.84522,123.897,92.96,174587,153828,153828,134389,ACHI
2011-11-01,Well_#18,24.0,2352,160.065,0.0,59.67527,123.698,92.698,175194,154372,154372,135262,ACHI
2011-11-02,Well_#18,24.0,2353,160.06,0.0,59.81898,123.449,91.811,175799,154915,154915,136136,ACHI
2011-11-03,Well_#18,24.0,2351,160.05,0.0,59.65103,124.024,92.647,176405,155452,155452,137010,ACHI
2011-11-04,Well_#18,24.0,2350,160.038,0.0,59.6431,123.381,92.946,177004,155990,155990,137857,ACHI
2011-11-05,Well_#18,24.0,2351,160.034,0.0,59.72202,124.657,93.055,177603,156525,156525,138705,ACHI
2011-11-06,Well_#18,24.0,2351,160.028,0.0,59.63369,124.746,92.323,178200,157061,157061,139553,ACHI
2011-11-07,Well_#18,24.0,2353,160.03,0.0,59.60417,126.671,91.923,178795,157596,157596,140402,ACHI
2011-11-08,Well_#18,24.0,2354,160.029,0.0,59.75895,125.747,92.529,179390,158131,158131,141244,ACHI
2011-11-09,Well_#18,24.0,2355,160.024,0.0,59.74206,126.069,93.132,179984,158663,158663,142093,ACHI
2011-11-10,Well_#18,24.0,2355,160.017,0.0,59.85906,126.139,90.764,180577,159196,159196,142946,ACHI
2011-11-11,Well_#18,24.0,2367,159.999,0.0,57.34071,129.077,91.093,181151,159713,159713,143780,ACHI
2011-11-12,Well_#18,24.0,2458,159.792,0.0,41.3399,159.487,91.407,181628,160150,160150,144509,ACHI
2011-11-13,Well_#18,24.0,2465,159.715,0.0,39.86726,159.874,90.336,182087,160566,160566,145193,ACHI
2011-11-14,Well_#18,24.0,2471,159.691,0.0,39.12118,165.962,91.129,182537,160975,160975,145862,ACHI
2011-11-15,Well_#18,24.0,2469,159.691,0.0,39.4092,163.009,92.253,182985,161386,161386,146538,ACHI
2011-11-16,Well_#18,24.0,2472,159.681,0.0,39.39514,159.129,90.256,183445,161806,161806,147242,ACHI
2011-11-17,Well_#18,24.0,2471,159.675,0.0,39.27982,157.104,90.882,183900,162221,162221,147946,ACHI
2011-11-18,Well_#18,24.0,2470,159.669,0.0,39.46754,156.89,91.04,184351,162632,162632,148654,ACHI
2011-11-19,Well_#18,22.42,2525,159.554,0.0,32.99242,169.455,89.273,184700,162954,162954,149214,ACHI
2011-11-20,Well_#18,24.0,2472,159.653,0.0,39.69323,156.836,90.017,185132,163349,163349,149932,ACHI
2011-11-21,Well_#18,24.0,2425,159.75,0.0,47.93238,142.958,92.503,185640,163811,163811,150756,ACHI
2011-11-22,Well_#18,24.0,2350,159.94,0.0,62.14512,119.876,93.109,186286,164393,164393,151772,ACHI
2011-11-23,Well_#18,24.0,2353,159.949,0.0,62.3114,120.114,92.991,186932,164973,164973,152797,ACHI
2011-11-24,Well_#18,24.0,2354,159.945,0.0,62.11278,120.07,91.557,187575,165553,165553,153727,ACHI
2011-11-25,Well_#18,24.0,2355,159.942,0.0,61.97844,119.974,90.606,188218,166133,166133,154704,ACHI
2011-11-26,Well_#18,24.0,2356,159.935,0.0,61.99488,119.788,91.736,188859,166711,166711,155681,ACHI
2011-11-27,Well_#18,24.0,2356,159.926,0.0,62.00895,119.59,92.121,189497,167287,167287,156440,ACHI
2011-11-28,Well_#18,24.0,2355,159.916,0.0,62.09188,119.398,92.873,190133,167859,167859,157235,ACHI
2011-11-29,Well_#18,24.0,2353,159.907,0.0,62.89802,118.653,92.538,190770,168433,168433,158098,ACHI
2011-11-30,Well_#18,24.0,2351,159.899,0.0,63.23613,118.28,92.767,191405,169005,169005,158966,ACHI
2011-12-01,Well_#18,24.0,2351,159.89,0.0,63.31523,118.408,93.213,192037,169576,169576,159842,ACHI
2011-12-02,Well_#18,24.0,2358,159.876,0.0,60.84582,120.113,93.203,192641,170121,170121,160685,ACHI
2011-12-03,Well_#18,24.0,2362,159.86,0.0,59.20899,121.167,93.122,193237,170659,170659,161522,ACHI
2011-12-04,Well_#18,24.0,2362,159.852,0.0,59.19981,120.946,92.773,193833,171197,171197,162360,ACHI
2011-12-05,Well_#18,24.0,2363,159.843,0.0,59.10163,121.092,93.34,194425,171731,171731,163197,ACHI
2011-12-06,Well_#18,24.0,2362,159.837,0.0,59.23994,120.768,92.974,195019,172268,172268,164038,ACHI
2011-12-07,Well_#18,24.0,2363,159.829,0.0,59.13208,121.03,93.254,195612,172803,172803,164878,ACHI
2011-12-08,Well_#18,24.0,2363,159.821,0.0,59.05109,121.137,93.122,196203,173337,173337,165717,ACHI
2011-12-09,Well_#18,24.0,2363,159.815,0.0,59.06488,120.997,92.863,196794,173870,173870,166557,ACHI
2011-12-10,Well_#18,24.0,2363,159.809,0.0,59.05603,120.857,92.906,197384,174403,174403,167397,ACHI
2011-12-11,Well_#18,24.0,2363,159.801,0.0,58.9806,120.91,93.313,197973,174935,174935,168239,ACHI
2011-12-12,Well_#18,24.0,2363,159.794,0.0,58.99018,120.887,93.326,198563,175467,175467,169080,ACHI
2011-12-13,Well_#18,24.0,2363,159.786,0.0,59.13101,120.682,92.951,199153,176000,176000,169928,ACHI
2011-12-14,Well_#18,24.0,2363,159.779,0.0,59.15615,120.67,93.36,199742,176532,176532,170774,ACHI
2011-12-15,Well_#18,22.67,2382,159.736,0.0,54.62199,124.477,92.391,200259,177002,177002,171574,ACHI
2011-12-16,Well_#18,24.0,2359,159.781,0.0,59.27793,119.465,92.622,200835,177525,177525,172466,ACHI
2011-12-17,Well_#18,22.67,2389,159.724,0.0,52.79988,124.653,90.569,201330,177976,177976,173234,ACHI
2011-12-18,Well_#18,24.0,2358,159.775,0.0,59.23669,119.605,93.286,201908,178500,178500,174130,ACHI
2011-12-19,Well_#18,24.0,2358,159.769,0.0,59.13722,119.699,93.182,202489,179026,179026,175025,ACHI
2011-12-20,Well_#18,24.0,2358,159.762,0.0,59.05126,119.701,93.027,203071,179552,179552,175894,ACHI
2011-12-21,Well_#18,24.0,2358,159.755,0.0,59.13073,119.783,93.409,203654,180077,180077,176766,ACHI
2011-12-22,Well_#18,24.0,2358,159.746,0.0,59.19401,119.826,93.173,204236,180603,180603,177640,ACHI
2011-12-23,Well_#18,24.0,2357,159.738,0.0,59.19936,119.733,93.319,204817,181130,181130,178515,ACHI
2011-12-24,Well_#18,24.0,2357,159.73,0.0,59.23162,119.68,93.51,205399,181655,181655,179390,ACHI
2011-12-25,Well_#18,23.76,2366,159.718,0.0,57.29209,122.069,93.313,205968,182166,182166,180240,ACHI
